COUNTY,REGION,DISTRICT,DISTNAME,CNTYNAME,DFLCHART,DFLALTED,DAD_POST,D_RATING,OUTCOME,asvab_status
1,07,1902,CAYUGA ISD,ANDERSON,N,N,1,A,Meets Requirements, 
1,07,1903,ELKHART ISD,ANDERSON,N,N,0,A,Meets Requirements, 
1,07,1904,FRANKSTON ISD,ANDERSON,N,N,0,A,Meets Requirements,ASVAB Alternative Test Offered
1,07,1906,NECHES ISD,ANDERSON,N,N,1,A,Meets Requirements, 
1,07,1907,PALESTINE ISD,ANDERSON,N,N,0,B,Needs Assistance, 
1,07,1908,WESTWOOD ISD,ANDERSON,N,N,0,B,Needs Assistance, 
1,07,1909,SLOCUM ISD,ANDERSON,N,N,0,B,Meets Requirements, 
2,18,2901,ANDREWS ISD,ANDREWS,N,N,0,B,Needs Assistance, 
3,07,3801,PINEYWOODS COMMUNITY ACADEMY,ANGELINA,Y,N,1,A,Meets Requirements, 
3,07,3902,HUDSON ISD,ANGELINA,N,N,0,A,Meets Requirements, 
3,07,3903,LUFKIN ISD,ANGELINA,N,N,1,B,Needs Assistance, 
3,07,3904,HUNTINGTON ISD,ANGELINA,N,N,0,B,Needs Assistance, 
3,07,3905,DIBOLL ISD,ANGELINA,N,N, ,Not Rated: Data Under Review,Meets Requirements, 
3,07,3906,ZAVALLA ISD,ANGELINA,N,N,0,B,Meets Requirements, 
3,07,3907,CENTRAL ISD,ANGELINA,N,N,0,A,Meets Requirements, 
4,02,4901,ARANSAS COUNTY ISD,ARANSAS,N,N,0,B,Needs Assistance, 
5,09,5901,ARCHER CITY ISD,ARCHER,N,N,1,A,Meets Requirements, 
5,09,5902,HOLLIDAY ISD,ARCHER,N,N,0,A,Meets Requirements, 
5,09,5904,WINDTHORST ISD,ARCHER,N,N,0,A,Meets Requirements, 
6,16,6902,CLAUDE ISD,ARMSTRONG,N,N, ,A,Meets Requirements, 
7,20,7901,CHARLOTTE ISD,ATASCOSA,N,N,0,B,Meets Requirements, 
7,20,7902,JOURDANTON ISD,ATASCOSA,N,N,0,A,Meets Requirements, 
7,20,7904,LYTLE ISD,ATASCOSA,N,N,0,B,Needs Assistance, 
7,20,7905,PLEASANTON ISD,ATASCOSA,N,N,0,B,Needs Assistance, 
7,20,7906,POTEET ISD,ATASCOSA,N,N,0,C,Needs Assistance, 
8,06,8901,BELLVILLE ISD,AUSTIN,N,N,0,C,Needs Intervention, 
8,06,8902,SEALY ISD,AUSTIN,N,N,0,B,Meets Requirements, 
8,06,8903,BRAZOS ISD,AUSTIN,N,N,0,B,Meets Requirements, 
9,17,9901,MULESHOE ISD,BAILEY,N,N,0,A,Meets Requirements, 
10,20,10901,MEDINA ISD,BANDERA,N,N, ,C,Meets Requirements, 
10,20,10902,BANDERA ISD,BANDERA,N,N,0,Not Rated: Senate Bill 1365,Needs Assistance, 
11,13,11901,BASTROP ISD,BASTROP,N,N,0,C,Needs Intervention, 
11,13,11902,ELGIN ISD,BASTROP,N,N,0,C,Needs Intervention, 
11,13,11904,SMITHVILLE ISD,BASTROP,N,N,0,B,Needs Assistance, 
11,13,11905,MCDADE ISD,BASTROP,N,N,0,B,Meets Requirements, 
12,09,12901,SEYMOUR ISD,BAYLOR,N,N,1,A,Meets Requirements, 
13,02,13801,ST MARY'S ACADEMY CHARTER SCHOOL,BEE,Y,N, ,B,Meets Requirements, 
13,02,13901,BEEVILLE ISD,BEE,N,N,0,B,Needs Assistance, 
13,02,13902,PAWNEE ISD,BEE,N,N, ,B,Meets Requirements, 
13,02,13903,PETTUS ISD,BEE,N,N,0,B,Meets Requirements, 
13,02,13905,SKIDMORE-TYNAN ISD,BEE,N,N, ,Not Rated: Data Under Review,Meets Requirements, 
14,20,14801,RICHARD MILBURN ALTER HIGH SCHOOL - KILLEEN,BELL,Y,Y, ,C,Needs Intervention, 
14,12,14803,PRIORITY CHARTER SCHOOLS,BELL,Y,N,0,B,Meets Requirements, 
14,12,14804,ORENDA CHARTER SCHOOL,BELL,Y,N,0,A,Meets Requirements, 
14,12,14901,ACADEMY ISD,BELL,N,N,0,B,Meets Requirements, 
14,13,14902,BARTLETT ISD,BELL,N,N, ,B,Meets Requirements, 
14,12,14903,BELTON ISD,BELL,N,N,0,B,Needs Assistance, 
14,12,14905,HOLLAND ISD,BELL,N,N,0,A,Meets Requirements, 
14,12,14906,KILLEEN ISD,BELL,N,N,0,C,Needs Assistance, 
14,12,14907,ROGERS ISD,BELL,N,N,0,B,Meets Requirements, 
14,12,14908,SALADO ISD,BELL,N,N,0,B,Meets Requirements, 
14,12,14909,TEMPLE ISD,BELL,N,N,0,C,Needs Assistance, 
14,12,14910,TROY ISD,BELL,N,N,0,A,Meets Requirements, 
15,20,15801,POR VIDA ACADEMY,BEXAR,Y,Y, ,B,Meets Requirements, 
15,20,15802,GEORGE GERVIN ACADEMY,BEXAR,Y,N, ,Not Rated: Data Under Review,Meets Requirements, 
15,20,15805,NEW FRONTIERS PUBLIC SCHOOLS INC,BEXAR,Y,N, ,A,Meets Requirements, 
15,20,15806,LEGACY TRADITIONAL SCHOOLS - TEXAS,BEXAR,Y,N,0,C,Needs Assistance, 
15,20,15807,SOUTHWEST PREPARATORY SCHOOL,BEXAR,Y,N,0,B,Meets Requirements, 
15,20,15808,INSPIRE ACADEMIES,BEXAR,Y,N, ,Not Rated: Data Under Review,Meets Requirements,ASVAB Test not Offered
15,20,15809,BEXAR COUNTY ACADEMY,BEXAR,Y,N, ,Not Rated: Senate Bill 1365,Meets Requirements, 
15,20,15814,POSITIVE SOLUTIONS CHARTER SCHOOL,BEXAR,Y,Y, ,Not Rated: Senate Bill 1365,Meets Requirements, 
15,20,15815,HERITAGE ACADEMY,BEXAR,Y,Y, ,A,Meets Requirements, 
15,20,15822,JUBILEE ACADEMIES,BEXAR,Y,N,0,C,Needs Assistance, 
15,20,15825,LIGHTHOUSE PUBLIC SCHOOLS,BEXAR,Y,N, ,Not Rated: Senate Bill 1365,Meets Requirements,ASVAB Test not Offered
15,20,15827,SCHOOL OF SCIENCE AND TECHNOLOGY,BEXAR,Y,N,0,A,Meets Requirements, 
15,20,15828,HARMONY PUBLIC SCHOOLS - SOUTH TEXAS,BEXAR,Y,N,0,B,Needs Assistance, 
15,20,15830,BROOKS ACADEMIES OF TEXAS,BEXAR,Y,N,0,B,Meets Requirements, 
15,20,15831,SCHOOL OF SCIENCE AND TECHNOLOGY DISCOVERY,BEXAR,Y,N,0,A,Meets Requirements, 
15,20,15833,HENRY FORD ACADEMY ALAMEDA SCHOOL FOR ART + DESIGN,BEXAR,Y,N, ,A,Meets Requirements, 
15,20,15834,BASIS TEXAS,BEXAR,Y,N,1,A,Meets Requirements, 
15,20,15835,GREAT HEARTS TEXAS,BEXAR,Y,N,0,A,Meets Requirements,ASVAB Test not Offered
15,20,15836,ELEANOR KOLITZ HEBREW LANGUAGE ACADEMY,BEXAR,Y,N, ,B,Meets Requirements, 
15,20,15838,COMPASS ROSE PUBLIC SCHOOLS,BEXAR,Y,N,0,C,Needs Assistance,ASVAB Test not Offered
15,20,15839,PROMESA ACADEMY CHARTER SCHOOL,BEXAR,Y,N, ,Not Rated: Senate Bill 1365,Meets Requirements, 
15,20,15840,SAN ANTONIO PREPARATORY SCHOOLS,BEXAR,Y,N, ,C,Meets Requirements, 
15,20,15841,THE GATHERING PLACE,BEXAR,Y,N, ,Not Rated: Senate Bill 1365,Meets Requirements, 
15,20,15842,ROYAL PUBLIC SCHOOLS,BEXAR,Y,N, ,Not Rated,Meets Requirements, 
15,20,15843,PRELUDE PREPARATORY CHARTER SCHOOL,BEXAR,Y,N, ,Not Rated,Meets Requirements, 
15,20,15901,ALAMO HEIGHTS ISD,BEXAR,N,N,0,A,Meets Requirements, 
15,20,15904,HARLANDALE ISD,BEXAR,N,N,0,B,Needs Intervention, 
15,20,15905,EDGEWOOD ISD,BEXAR,N,N,0,C,Needs Intervention, 
15,20,15906,RANDOLPH FIELD ISD,BEXAR,N,N,0,A,Meets Requirements, 
15,20,15907,SAN ANTONIO ISD,BEXAR,N,N,0,B,Needs Assistance, 
15,20,15908,SOUTH SAN ANTONIO ISD,BEXAR,N,N,0,C,Needs Intervention, 
15,20,15909,SOMERSET ISD,BEXAR,N,N, ,Not Rated: Data Under Review,Meets Requirements, 
15,20,15910,NORTH EAST ISD,BEXAR,N,N,0,B,Meets Requirements, 
15,20,15911,EAST CENTRAL ISD,BEXAR,N,N,0,Not Rated: Senate Bill 1365,Needs Intervention, 
15,20,15912,SOUTHWEST ISD,BEXAR,N,N,0,B,Needs Assistance, 
15,20,15913,LACKLAND ISD,BEXAR,N,N,0,B,Meets Requirements, 
15,20,15914,FT SAM HOUSTON ISD,BEXAR,N,N,0,A,Meets Requirements, 
15,20,15915,NORTHSIDE ISD,BEXAR,N,N,0,B,Meets Requirements,ASVAB Alternative Test Offered
15,20,15916,JUDSON ISD,BEXAR,N,N,0,B,Needs Assistance, 
15,20,15917,SOUTHSIDE ISD,BEXAR,N,N,0,B,Needs Assistance, 
16,13,16901,JOHNSON CITY ISD,BLANCO,N,N,0,A,Meets Requirements, 
16,13,16902,BLANCO ISD,BLANCO,N,N,0,B,Meets Requirements, 
17,17,17901,BORDEN COUNTY ISD,BORDEN,N,N, ,A,Meets Requirements, 
18,12,18901,CLIFTON ISD,BOSQUE,N,N,0,B,Meets Requirements, 
18,12,18902,MERIDIAN ISD,BOSQUE,N,N,0,Not Rated: Senate Bill 1365,Meets Requirements, 
18,12,18903,MORGAN ISD,BOSQUE,N,N, ,B,Meets Requirements, 
18,12,18904,VALLEY MILLS ISD,BOSQUE,N,N,0,B,Meets Requirements, 
18,12,18905,WALNUT SPRINGS ISD,BOSQUE,N,N, ,B,Meets Requirements, 
18,12,18906,IREDELL ISD,BOSQUE,N,N, ,B,Meets Requirements, 
18,12,18907,KOPPERL ISD,BOSQUE,N,N, ,Not Rated: Senate Bill 1365,Meets Requirements, 
18,12,18908,CRANFILLS GAP ISD,BOSQUE,N,N, ,B,Meets Requirements, 
19,08,19901,DEKALB ISD,BOWIE,N,N,0,B,Meets Requirements, 
19,08,19902,HOOKS ISD,BOWIE,N,N,0,B,Meets Requirements, 
19,08,19903,MAUD ISD,BOWIE,N,N, ,Not Rated: Data Under Review,Meets Requirements, 
19,08,19905,NEW BOSTON ISD,BOWIE,N,N,0,B,Meets Requirements, 
19,08,19906,REDWATER ISD,BOWIE,N,N,0,A,Meets Requirements, 
19,08,19907,TEXARKANA ISD,BOWIE,N,N,0,B,Needs Intervention, 
19,08,19908,LIBERTY-EYLAU ISD,BOWIE,N,N,0,C,Needs Substantial Intervention, 
19,08,19909,SIMMS ISD,BOWIE,N,N,0,A,Meets Requirements, 
19,08,19910,MALTA ISD,BOWIE,N,N, ,B,Meets Requirements, 
19,08,19911,RED LICK ISD,BOWIE,N,N, ,A,Meets Requirements, 
19,08,19912,PLEASANT GROVE ISD,BOWIE,N,N,0,A,Meets Requirements, 
19,08,19913,HUBBARD ISD,BOWIE,N,N, ,B,Meets Requirements, 
19,08,19914,LEARY ISD,BOWIE,N,N, ,C,Meets Requirements, 
20,04,20901,ALVIN ISD,BRAZORIA,N,N,0,B,Meets Requirements, 
20,04,20902,ANGLETON ISD,BRAZORIA,N,N,1,A,Needs Assistance, 
20,04,20904,DANBURY ISD,BRAZORIA,N,N,0,B,Meets Requirements, 
20,04,20905,BRAZOSPORT ISD,BRAZORIA,N,N,1,B,Needs Assistance, 
20,04,20906,SWEENY ISD,BRAZORIA,N,N,0,B,Meets Requirements, 
20,04,20907,COLUMBIA-BRAZORIA ISD,BRAZORIA,N,N,0,B,Needs Assistance, 
20,04,20908,PEARLAND ISD,BRAZORIA,N,N,0,A,Meets Requirements, 
20,04,20910,DAMON ISD,BRAZORIA,N,N, ,B,Needs Assistance, 
21,06,21803,BRAZOS SCHOOL FOR INQUIRY & CREATIVITY,BRAZOS,Y,N, ,C,Meets Requirements, 
21,06,21805,ARROW ACADEMY,BRAZOS,Y,N,0,A,Meets Requirements, 
21,06,21901,COLLEGE STATION ISD,BRAZOS,N,N,0,B,Needs Assistance, 
21,06,21902,BRYAN ISD,BRAZOS,N,N,0,B,Needs Assistance, 
22,18,22004,TERLINGUA CSD,BREWSTER,N,N, ,C,Meets Requirements, 
22,18,22901,ALPINE ISD,BREWSTER,N,N,0,B,Meets Requirements, 
22,18,22902,MARATHON ISD,BREWSTER,N,N, ,A,Meets Requirements, 
22,18,22903,SAN VICENTE ISD,BREWSTER,N,N, ,A,Meets Requirements, 
23,16,23902,SILVERTON ISD,BRISCOE,N,N, ,A,Meets Requirements, 
24,01,24901,BROOKS COUNTY ISD,BROOKS,N,N,0,B,Meets Requirements, 
25,15,25901,BANGS ISD,BROWN,N,N,0,B,Meets Requirements, 
25,15,25902,BROWNWOOD ISD,BROWN,N,N,0,B,Needs Assistance, 
25,15,25904,BLANKET ISD,BROWN,N,N, ,C,Meets Requirements, 
25,15,25905,MAY ISD,BROWN,N,N,0,A,Meets Requirements, 
25,15,25906,ZEPHYR ISD,BROWN,N,N, ,B,Meets Requirements, 
25,15,25908,BROOKESMITH ISD,BROWN,N,N,0,A,Meets Requirements, 
25,15,25909,EARLY ISD,BROWN,N,N,0,A,Meets Requirements, 
26,06,26901,CALDWELL ISD,BURLESON,N,N,0,A,Meets Requirements, 
26,06,26902,SOMERVILLE ISD,BURLESON,N,N,0,B,Meets Requirements, 
26,06,26903,SNOOK ISD,BURLESON,N,N,0,A,Meets Requirements, 
27,13,27903,BURNET CISD,BURNET,N,N,0,B,Needs Assistance, 
27,13,27904,MARBLE FALLS ISD,BURNET,N,N,0,B,Needs Assistance, 
28,13,28902,LOCKHART ISD,CALDWELL,N,N,0,C,Needs Intervention, 
28,20,28903,LULING ISD,CALDWELL,N,N,0,B,Needs Assistance, 
28,13,28906,PRAIRIE LEA ISD,CALDWELL,N,N, ,Not Rated: Senate Bill 1365,Meets Requirements, 
29,03,29901,CALHOUN COUNTY ISD,CALHOUN,N,N,0,B,Needs Assistance, 
30,14,30901,CROSS PLAINS ISD,CALLAHAN,N,N,0,A,Meets Requirements, 
30,14,30902,CLYDE CISD,CALLAHAN,N,N,0,B,Meets Requirements, 
30,14,30903,BAIRD ISD,CALLAHAN,N,N,0,B,Meets Requirements, 
30,14,30906,EULA ISD,CALLAHAN,N,N,1,A,Meets Requirements, 
31,01,31901,BROWNSVILLE ISD,CAMERON,N,N, ,Not Rated: Data Under Review,Meets Requirements, 
31,01,31903,HARLINGEN CISD,CAMERON,N,N,0,B,Needs Assistance, 
31,01,31905,LA FERIA ISD,CAMERON,N,N,0,B,Meets Requirements, 
31,01,31906,LOS FRESNOS CISD,CAMERON,N,N,1,A,Meets Requirements, 
31,01,31909,POINT ISABEL ISD,CAMERON,N,N,0,B,Meets Requirements, 
31,01,31911,RIO HONDO ISD,CAMERON,N,N,0,B,Needs Assistance, 
31,01,31912,SAN BENITO CISD,CAMERON,N,N,0,B,Needs Assistance, 
31,01,31913,SANTA MARIA ISD,CAMERON,N,N,0,B,Meets Requirements, 
31,01,31914,SANTA ROSA ISD,CAMERON,N,N,0,B,Meets Requirements, 
31,01,31916,SOUTH TEXAS ISD,CAMERON,N,N,1,A,Meets Requirements,ASVAB Test not Offered
32,08,32902,PITTSBURG ISD,CAMP,N,N,1,A,Meets Requirements, 
33,16,33901,GROOM ISD,CARSON,N,N, ,A,Meets Requirements, 
33,16,33902,PANHANDLE ISD,CARSON,N,N,1,A,Meets Requirements, 
33,16,33904,WHITE DEER ISD,CARSON,N,N,0,B,Meets Requirements, 
34,08,34901,ATLANTA ISD,CASS,N,N,0,B,Meets Requirements, 
34,08,34902,AVINGER ISD,CASS,N,N, ,B,Meets Requirements, 
34,08,34903,HUGHES SPRINGS ISD,CASS,N,N,0,A,Meets Requirements, 
34,08,34905,LINDEN-KILDARE CISD,CASS,N,N,0,B,Meets Requirements, 
34,08,34906,MCLEOD ISD,CASS,N,N,0,A,Meets Requirements, 
34,08,34907,QUEEN CITY ISD,CASS,N,N,1,A,Meets Requirements, 
34,08,34909,BLOOMBURG ISD,CASS,N,N, ,Not Rated: Data Under Review,Meets Requirements, 
35,16,35901,DIMMITT ISD,CASTRO,N,N,0,B,Needs Assistance, 
35,16,35902,HART ISD,CASTRO,N,N, ,B,Meets Requirements, 
35,16,35903,NAZARETH ISD,CASTRO,N,N, ,A,Meets Requirements, 
36,04,36901,ANAHUAC ISD,CHAMBERS,N,N,0,A,Meets Requirements, 
36,04,36902,BARBERS HILL ISD,CHAMBERS,N,N,1,A,Meets Requirements, 
36,05,36903,EAST CHAMBERS ISD,CHAMBERS,N,N,0,B,Meets Requirements, 
37,07,37901,ALTO ISD,CHEROKEE,N,N,0,B,Meets Requirements, 
37,07,37904,JACKSONVILLE ISD,CHEROKEE,N,N,0,B,Needs Assistance, 
37,07,37907,RUSK ISD,CHEROKEE,N,N,0,C,Needs Assistance, 
37,07,37908,NEW SUMMERFIELD ISD,CHEROKEE,N,N, ,B,Meets Requirements, 
37,07,37909,WELLS ISD,CHEROKEE,N,N, ,B,Meets Requirements, 
38,16,38901,CHILDRESS ISD,CHILDRESS,N,N,0,A,Meets Requirements, 
39,09,39902,HENRIETTA ISD,CLAY,N,N,0,B,Meets Requirements, 
39,09,39903,PETROLIA CISD,CLAY,N,N,0,B,Meets Requirements, 
39,09,39904,BELLEVUE ISD,CLAY,N,N, ,C,Meets Requirements, 
39,09,39905,MIDWAY ISD,CLAY,N,N, ,B,Meets Requirements, 
40,17,40901,MORTON ISD,COCHRAN,N,N, ,Not Rated: Data Under Review,Meets Requirements, 
40,17,40902,WHITEFACE CISD,COCHRAN,N,N, ,B,Meets Requirements, 
41,15,41901,BRONTE ISD,COKE,N,N, ,A,Meets Requirements, 
41,15,41902,ROBERT LEE ISD,COKE,N,N,0,B,Meets Requirements, 
42,15,42901,COLEMAN ISD,COLEMAN,N,N,0,B,Meets Requirements, 
42,15,42903,SANTA ANNA ISD,COLEMAN,N,N,1,A,Meets Requirements, 
42,15,42905,PANTHER CREEK CISD,COLEMAN,N,N, ,B,Meets Requirements, 
43,10,43801,IMAGINE INTERNATIONAL ACADEMY OF NORTH TEXAS,COLLIN,Y,N, ,A,Meets Requirements, 
43,10,43802,LONE STAR LANGUAGE ACADEMY,COLLIN,Y,N, ,A,Meets Requirements, 
43,10,43901,ALLEN ISD,COLLIN,N,N,0,A,Meets Requirements, 
43,10,43902,ANNA ISD,COLLIN,N,N,0,B,Meets Requirements, 
43,10,43903,CELINA ISD,COLLIN,N,N,0,A,Meets Requirements, 
43,10,43904,FARMERSVILLE ISD,COLLIN,N,N,0,B,Meets Requirements, 
43,10,43905,FRISCO ISD,COLLIN,N,N,0,A,Meets Requirements, 
43,10,43907,MCKINNEY ISD,COLLIN,N,N,0,B,Meets Requirements, 
43,10,43908,MELISSA ISD,COLLIN,N,N,0,A,Meets Requirements, 
43,10,43910,PLANO ISD,COLLIN,N,N,0,B,Meets Requirements, 
43,10,43911,PRINCETON ISD,COLLIN,N,N,0,A,Needs Assistance, 
43,10,43912,PROSPER ISD,COLLIN,N,N,0,A,Meets Requirements, 
43,10,43914,WYLIE ISD,COLLIN,N,N, ,Not Rated: Data Under Review,Meets Requirements, 
43,10,43917,BLUE RIDGE ISD,COLLIN,N,N,0,B,Meets Requirements, 
43,10,43918,COMMUNITY ISD,COLLIN,N,N,0,B,Meets Requirements, 
43,10,43919,LOVEJOY ISD,COLLIN,N,N,1,A,Meets Requirements, 
44,16,44902,WELLINGTON ISD,COLLINGSWORTH,N,N,0,B,Meets Requirements, 
45,04,45902,COLUMBUS ISD,COLORADO,N,N,0,B,Needs Assistance, 
45,03,45903,RICE CISD,COLORADO,N,N,0,B,Needs Assistance, 
45,03,45905,WEIMAR ISD,COLORADO,N,N,1,A,Meets Requirements,ASVAB Alternative Test Offered
46,20,46802,TRINITY CHARTER SCHOOL,COMAL,Y,Y, ,B,Meets Requirements, 
46,20,46901,NEW BRAUNFELS ISD,COMAL,N,N,0,B,Meets Requirements, 
46,20,46902,COMAL ISD,COMAL,N,N,0,A,Meets Requirements, 
47,14,47901,COMANCHE ISD,COMANCHE,N,N,0,A,Meets Requirements, 
47,14,47902,DE LEON ISD,COMANCHE,N,N,0,A,Meets Requirements, 
47,14,47903,GUSTINE ISD,COMANCHE,N,N, ,A,Meets Requirements, 
47,14,47905,SIDNEY ISD,COMANCHE,N,N, ,B,Meets Requirements, 
48,15,48901,EDEN CISD,CONCHO,N,N,0,B,Meets Requirements, 
48,15,48903,PAINT ROCK ISD,CONCHO,N,N,0,B,Meets Requirements, 
49,11,49901,GAINESVILLE ISD,COOKE,N,N,0,B,Needs Assistance, 
49,11,49902,MUENSTER ISD,COOKE,N,N,1,A,Meets Requirements, 
49,11,49903,VALLEY VIEW ISD,COOKE,N,N,0,B,Meets Requirements, 
49,11,49905,CALLISBURG ISD,COOKE,N,N,0,B,Meets Requirements, 
49,11,49906,ERA ISD,COOKE,N,N, ,B,Meets Requirements, 
49,11,49907,LINDSAY ISD,COOKE,N,N,0,A,Meets Requirements, 
49,11,49908,WALNUT BEND ISD,COOKE,N,N, ,A,Meets Requirements, 
49,11,49909,SIVELLS BEND ISD,COOKE,N,N, ,C,Meets Requirements, 
50,12,50901,EVANT ISD,CORYELL,N,N,0,Not Rated: Senate Bill 1365,Meets Requirements, 
50,12,50902,GATESVILLE ISD,CORYELL,N,N,0,B,Meets Requirements, 
50,12,50904,OGLESBY ISD,CORYELL,N,N, ,B,Meets Requirements, 
50,12,50909,JONESBORO ISD,CORYELL,N,N, ,C,Meets Requirements, 
50,12,50910,COPPERAS COVE ISD,CORYELL,N,N,0,B,Needs Assistance, 
51,17,51901,PADUCAH ISD,COTTLE,N,N, ,B,Meets Requirements, 
52,15,52901,CRANE ISD,CRANE,N,N,0,B,Meets Requirements, 
53,15,53001,CROCKETT COUNTY CONSOLIDATED CSD,CROCKETT,N,N,0,A,Meets Requirements, 
54,17,54901,CROSBYTON CISD,CROSBY,N,N,0,B,Meets Requirements, 
54,17,54902,LORENZO ISD,CROSBY,N,N, ,B,Meets Requirements, 
54,17,54903,RALLS ISD,CROSBY,N,N,0,B,Meets Requirements, 
55,18,55901,CULBERSON COUNTY-ALLAMOORE ISD,CULBERSON,N,N, ,B,Meets Requirements, 
56,16,56901,DALHART ISD,DALLAM,N,N,0,B,Meets Requirements, 
56,16,56902,TEXLINE ISD,DALLAM,N,N, ,A,Meets Requirements, 
57,10,57802,PEGASUS SCHOOL OF LIBERAL ARTS AND SCIENCES,DALLAS,Y,N, ,B,Meets Requirements, 
57,10,57803,UPLIFT EDUCATION,DALLAS,Y,N,0,B,Meets Requirements,ASVAB Test not Offered
57,10,57804,TEXANS CAN ACADEMIES,DALLAS,Y,Y, ,B,Needs Assistance,ASVAB Test not Offered
57,10,57805,LUMIN EDUCATION,DALLAS,Y,N, ,B,Meets Requirements, 
57,10,57806,ADVANTAGE ACADEMY,DALLAS,Y,N, ,Not Rated: Senate Bill 1365,Needs Assistance, 
57,10,57807,LIFE SCHOOL,DALLAS,Y,N,0,B,Needs Assistance, 
57,10,57808,UNIVERSAL ACADEMY,DALLAS,Y,N,0,A,Meets Requirements, 
57,10,57809,NOVA ACADEMY,DALLAS,Y,N, ,Not Rated: Senate Bill 1365,Meets Requirements, 
57,10,57810,ACADEMY OF DALLAS,DALLAS,Y,N, ,C,Meets Requirements, 
57,10,57813,TRINITY BASIN PREPARATORY,DALLAS,Y,N,0,B,Meets Requirements, 
57,10,57814,ACADEMY FOR ACADEMIC EXCELLENCE,DALLAS,Y,Y, ,Not Rated,Needs Assistance,ASVAB Test not Offered
57,10,57816,A W BROWN LEADERSHIP ACADEMY,DALLAS,Y,N, ,B,Meets Requirements, 
57,10,57819,JEAN MASSIEU ACADEMY,DALLAS,Y,N, ,B,Meets Requirements, 
57,10,57827,NOVA ACADEMY SOUTHEAST,DALLAS,Y,N, ,B,Meets Requirements, 
57,10,57828,WINFREE ACADEMY CHARTER SCHOOLS,DALLAS,Y,Y, ,Not Rated: Data Under Review,Needs Assistance, 
57,10,57829,A+ ACADEMY,DALLAS,Y,N,0,C,Needs Assistance, 
57,10,57830,INSPIRED VISION ACADEMY,DALLAS,Y,N,0,Not Rated: Senate Bill 1365,Meets Requirements, 
57,10,57831,GATEWAY CHARTER ACADEMY,DALLAS,Y,N, ,Not Rated: Data Under Review,Meets Requirements,ASVAB Test not Offered
57,10,57833,EDUCATION CENTER INTERNATIONAL ACADEMY,DALLAS,Y,N,0,C,Meets Requirements, 
57,10,57834,EVOLUTION ACADEMY CHARTER SCHOOL,DALLAS,Y,Y, ,Not Rated: Data Under Review,Needs Assistance, 
57,10,57835,GOLDEN RULE CHARTER SCHOOL,DALLAS,Y,N,0,B,Meets Requirements,ASVAB Test not Offered
57,10,57836,ST ANTHONY SCHOOL,DALLAS,Y,N, ,A,Meets Requirements, 
57,10,57839,LA ACADEMIA DE ESTRELLAS,DALLAS,Y,N, ,B,Meets Requirements, 
57,10,57840,RICHLAND COLLEGIATE HIGH SCHOOL,DALLAS,Y,N, ,A,Meets Requirements,ASVAB Alternative Test Offered
57,10,57841,CITYSCAPE SCHOOLS,DALLAS,Y,N, ,Not Rated: Senate Bill 1365,Meets Requirements, 
57,10,57844,MANARA ACADEMY,DALLAS,Y,N,0,B,Needs Assistance,ASVAB Test not Offered
57,10,57845,UME PREPARATORY ACADEMY,DALLAS,Y,N,0,A,Meets Requirements, 
57,10,57846,LEGACY PREPARATORY,DALLAS,Y,N,0,B,Meets Requirements, 
57,10,57847,VILLAGE TECH SCHOOLS,DALLAS,Y,N, ,C,Meets Requirements, 
57,10,57848,INTERNATIONAL LEADERSHIP OF TEXAS (ILTEXAS),DALLAS,Y,N,0,B,Needs Intervention, 
57,10,57850,PIONEER TECHNOLOGY & ARTS ACADEMY,DALLAS,Y,N,0,B,Meets Requirements,ASVAB Test not Offered
57,10,57851,BRIDGEWAY PREPARATORY ACADEMY,DALLAS,Y,N, ,B,Meets Requirements, 
57,10,57903,CARROLLTON-FARMERS BRANCH ISD,DALLAS,N,N,0,B,Needs Assistance, 
57,10,57904,CEDAR HILL ISD,DALLAS,N,N,0,C,Needs Substantial Intervention, 
57,10,57905,DALLAS ISD,DALLAS,N,N,0,B,Needs Assistance, 
57,10,57906,DESOTO ISD,DALLAS,N,N,0,B,Needs Intervention, 
57,10,57907,DUNCANVILLE ISD,DALLAS,N,N,0,B,Needs Intervention, 
57,10,57909,GARLAND ISD,DALLAS,N,N,0,B,Needs Assistance, 
57,10,57910,GRAND PRAIRIE ISD,DALLAS,N,N, ,Not Rated: Data Under Review,Needs Assistance, 
57,10,57911,HIGHLAND PARK ISD,DALLAS,N,N,0,A,Meets Requirements, 
57,10,57912,IRVING ISD,DALLAS,N,N,0,B,Needs Assistance, 
57,10,57913,LANCASTER ISD,DALLAS,N,N,0,B,Needs Assistance, 
57,10,57914,MESQUITE ISD,DALLAS,N,N,0,B,Meets Requirements, 
57,10,57916,RICHARDSON ISD,DALLAS,N,N,0,B,Meets Requirements, 
57,10,57919,SUNNYVALE ISD,DALLAS,N,N,0,A,Meets Requirements, 
57,10,57922,COPPELL ISD,DALLAS,N,N,0,A,Meets Requirements, 
58,17,58902,DAWSON ISD,DAWSON,N,N, ,Not Rated: Senate Bill 1365,Meets Requirements, 
58,17,58905,KLONDIKE ISD,DAWSON,N,N, ,A,Meets Requirements, 
58,17,58906,LAMESA ISD,DAWSON,N,N, ,B,Needs Intervention, 
58,17,58909,SANDS CISD,DAWSON,N,N, ,A,Meets Requirements, 
59,16,59901,HEREFORD ISD,DEAF SMITH,N,N,0,C,Meets Requirements, 
59,16,59902,WALCOTT ISD,DEAF SMITH,N,N, ,A,Meets Requirements, 
60,08,60902,COOPER ISD,DELTA,N,N,0,B,Meets Requirements, 
60,08,60914,FANNINDEL ISD,DELTA,N,N,0,B,Meets Requirements, 
61,11,61802,NORTH TEXAS COLLEGIATE ACADEMY,DENTON,Y,N,0,C,Meets Requirements, 
61,10,61804,LEADERSHIP PREP SCHOOL,DENTON,Y,N,0,B,Meets Requirements, 
61,11,61805,TRIVIUM ACADEMY,DENTON,Y,N, ,B,Meets Requirements, 
61,11,61901,DENTON ISD,DENTON,N,N,0,B,Needs Assistance, 
61,11,61902,LEWISVILLE ISD,DENTON,N,N,0,B,Meets Requirements, 
61,11,61903,PILOT POINT ISD,DENTON,N,N,0,B,Meets Requirements, 
61,11,61905,KRUM ISD,DENTON,N,N,0,B,Needs Assistance, 
61,11,61906,PONDER ISD,DENTON,N,N,0,B,Meets Requirements, 
61,11,61907,AUBREY ISD,DENTON,N,N,0,B,Meets Requirements, 
61,11,61908,SANGER ISD,DENTON,N,N,0,B,Meets Requirements, 
61,11,61910,ARGYLE ISD,DENTON,N,N,0,A,Meets Requirements, 
61,11,61911,NORTHWEST ISD,DENTON,N,N,0,B,Meets Requirements, 
61,11,61912,LAKE DALLAS ISD,DENTON,N,N,0,B,Meets Requirements, 
61,11,61914,LITTLE ELM ISD,DENTON,N,N,0,C,Needs Assistance, 
62,03,62901,CUERO ISD,DEWITT,N,N, ,Not Rated: Data Under Review,Needs Assistance, 
62,03,62902,NORDHEIM ISD,DEWITT,N,N, ,B,Meets Requirements, 
62,03,62903,YOAKUM ISD,DEWITT,N,N,0,B,Meets Requirements, 
62,03,62904,YORKTOWN ISD,DEWITT,N,N,0,C,Meets Requirements, 
62,03,62905,WESTHOFF ISD,DEWITT,N,N, ,A,Meets Requirements, 
62,03,62906,MEYERSVILLE ISD,DEWITT,N,N, ,A,Meets Requirements, 
63,17,63903,SPUR ISD,DICKENS,N,N, ,B,Meets Requirements, 
63,17,63906,PATTON SPRINGS ISD,DICKENS,N,N, ,A,Meets Requirements, 
64,20,64903,CARRIZO SPRINGS CISD,DIMMIT,N,N,0,B,Needs Assistance, 
65,16,65901,CLARENDON ISD,DONLEY,N,N,0,B,Meets Requirements, 
65,16,65902,HEDLEY ISD,DONLEY,N,N, ,A,Meets Requirements, 
66,02,66005,RAMIREZ CSD,DUVAL,N,N, ,C,Meets Requirements, 
66,02,66901,BENAVIDES ISD,DUVAL,N,N,0,C,Meets Requirements, 
66,02,66902,SAN DIEGO ISD,DUVAL,N,N,0,B,Needs Assistance, 
66,02,66903,FREER ISD,DUVAL,N,N,0,B,Meets Requirements, 
67,14,67902,CISCO ISD,EASTLAND,N,N,1,B,Meets Requirements, 
67,14,67903,EASTLAND ISD,EASTLAND,N,N,0,B,Meets Requirements, 
67,14,67904,GORMAN ISD,EASTLAND,N,N,0,B,Meets Requirements, 
67,14,67907,RANGER ISD,EASTLAND,N,N,0,C,Meets Requirements, 
67,14,67908,RISING STAR ISD,EASTLAND,N,N,0,B,Meets Requirements, 
68,18,68802,COMPASS ACADEMY CHARTER SCHOOL,ECTOR,Y,N, ,C,Meets Requirements, 
68,18,68803,UTPB STEM ACADEMY,ECTOR,Y,N, ,B,Meets Requirements, 
68,18,68901,ECTOR COUNTY ISD,ECTOR,N,N,0,B,Needs Intervention, 
69,15,69901,ROCKSPRINGS ISD,EDWARDS,N,N, ,B,Meets Requirements, 
69,15,69902,NUECES CANYON CISD,EDWARDS,N,N,0,A,Meets Requirements, 
70,10,70801,WAXAHACHIE FAITH FAMILY ACADEMY,ELLIS,Y,N,0,Not Rated: Senate Bill 1365,Needs Intervention, 
70,10,70901,AVALON ISD,ELLIS,N,N, ,B,Meets Requirements, 
70,10,70903,ENNIS ISD,ELLIS,N,N,1,B,Needs Assistance, 
70,10,70905,FERRIS ISD,ELLIS,N,N,0,B,Needs Assistance, 
70,10,70907,ITALY ISD,ELLIS,N,N,0,C,Meets Requirements, 
70,10,70908,MIDLOTHIAN ISD,ELLIS,N,N,0,B,Meets Requirements, 
70,10,70909,MILFORD ISD,ELLIS,N,N, ,B,Meets Requirements, 
70,10,70910,PALMER ISD,ELLIS,N,N,0,A,Meets Requirements, 
70,10,70911,RED OAK ISD,ELLIS,N,N,0,B,Needs Intervention, 
70,10,70912,WAXAHACHIE ISD,ELLIS,N,N,0,B,Meets Requirements, 
70,10,70915,MAYPEARL ISD,ELLIS,N,N,0,B,Meets Requirements, 
71,19,71801,BURNHAM WOOD CHARTER SCHOOL DISTRICT,EL PASO,Y,N,0,A,Meets Requirements, 
71,19,71803,TRIUMPH PUBLIC HIGH SCHOOLS-EL PASO,EL PASO,Y,Y, ,Not Rated: Data Under Review,Meets Requirements, 
71,19,71804,EL PASO ACADEMY,EL PASO,Y,Y, ,A,Meets Requirements, 
71,19,71806,HARMONY PUBLIC SCHOOLS - WEST TEXAS,EL PASO,Y,N,0,A,Meets Requirements, 
71,19,71807,LA FE PREPARATORY SCHOOL,EL PASO,Y,N, ,A,Meets Requirements, 
71,19,71809,VISTA DEL FUTURO CHARTER SCHOOL,EL PASO,Y,N, ,B,Meets Requirements, 
71,19,71810,EL PASO LEADERSHIP ACADEMY,EL PASO,Y,N,0,Not Rated: Senate Bill 1365,Meets Requirements, 
71,19,71901,CLINT ISD,EL PASO,N,N,0,B,Needs Assistance, 
71,19,71902,EL PASO ISD,EL PASO,N,N,0,B,Needs Assistance, 
71,19,71903,FABENS ISD,EL PASO,N,N,0,B,Needs Intervention, 
71,19,71904,SAN ELIZARIO ISD,EL PASO,N,N,0,B,Needs Intervention, 
71,19,71905,YSLETA ISD,EL PASO,N,N,0,A,Meets Requirements, 
71,19,71906,ANTHONY ISD,EL PASO,N,N,0,A,Meets Requirements, 
71,19,71907,CANUTILLO ISD,EL PASO,N,N,0,A,Needs Assistance, 
71,19,71908,TORNILLO ISD,EL PASO,N,N,0,B,Meets Requirements, 
71,19,71909,SOCORRO ISD,EL PASO,N,N,0,B,Needs Assistance, 
72,11,72801,PREMIER HIGH SCHOOLS,ERATH,Y,Y, ,Not Rated: Data Under Review,Needs Assistance,ASVAB Alternative Test Offered
72,11,72802,ERATH EXCELS ACADEMY INC,ERATH,Y,Y, ,B,Meets Requirements, 
72,11,72901,THREE WAY ISD,ERATH,N,N, ,C,Meets Requirements,ASVAB Alternative Test Offered
72,11,72902,DUBLIN ISD,ERATH,N,N,1,A,Meets Requirements, 
72,11,72903,STEPHENVILLE ISD,ERATH,N,N,0,A,Meets Requirements, 
72,11,72904,BLUFF DALE ISD,ERATH,N,N, ,C,Meets Requirements, 
72,11,72908,HUCKABAY ISD,ERATH,N,N, ,A,Meets Requirements, 
72,11,72909,LINGLEVILLE ISD,ERATH,N,N, ,A,Meets Requirements, 
72,11,72910,MORGAN MILL ISD,ERATH,N,N, ,B,Meets Requirements, 
73,12,73901,CHILTON ISD,FALLS,N,N, ,A,Meets Requirements, 
73,12,73903,MARLIN ISD,FALLS,N,N, ,Not Rated: Data Under Review,Meets Requirements, 
73,12,73904,WESTPHALIA ISD,FALLS,N,N, ,A,Meets Requirements, 
73,12,73905,ROSEBUD-LOTT ISD,FALLS,N,N,0,B,Meets Requirements, 
74,10,74903,BONHAM ISD,FANNIN,N,N,0,C,Meets Requirements, 
74,10,74904,DODD CITY ISD,FANNIN,N,N, ,A,Meets Requirements, 
74,10,74905,ECTOR ISD,FANNIN,N,N,0,C,Meets Requirements, 
74,08,74907,HONEY GROVE ISD,FANNIN,N,N,1,A,Meets Requirements, 
74,10,74909,LEONARD ISD,FANNIN,N,N,0,B,Meets Requirements, 
74,10,74911,SAVOY ISD,FANNIN,N,N,0,B,Meets Requirements, 
74,10,74912,TRENTON ISD,FANNIN,N,N,0,B,Meets Requirements, 
74,10,74917,SAM RAYBURN ISD,FANNIN,N,N,0,A,Meets Requirements, 
75,13,75901,FLATONIA ISD,FAYETTE,N,N,1,A,Meets Requirements, 
75,13,75902,LA GRANGE ISD,FAYETTE,N,N,0,B,Meets Requirements, 
75,13,75903,SCHULENBURG ISD,FAYETTE,N,N,0,B,Meets Requirements, 
75,13,75906,FAYETTEVILLE ISD,FAYETTE,N,N, ,Not Rated: Data Under Review,Meets Requirements, 
75,13,75908,ROUND TOP-CARMINE ISD,FAYETTE,N,N,1,A,Meets Requirements, 
76,14,76903,ROBY CISD,FISHER,N,N, ,B,Meets Requirements, 
76,14,76904,ROTAN ISD,FISHER,N,N, ,A,Meets Requirements, 
77,17,77901,FLOYDADA COLLEGIATE ISD,FLOYD,N,N,0,B,Meets Requirements, 
77,17,77902,LOCKNEY ISD,FLOYD,N,N,0,B,Meets Requirements, 
78,09,78901,CROWELL ISD,FOARD,N,N, ,B,Meets Requirements, 
79,04,79901,LAMAR CISD,FORT BEND,N,N,0,A,Needs Assistance, 
79,04,79906,NEEDVILLE ISD,FORT BEND,N,N,0,A,Meets Requirements, 
79,04,79907,FORT BEND ISD,FORT BEND,N,N,0,B,Needs Assistance, 
79,04,79910,STAFFORD MSD,FORT BEND,N,N,0,B,Needs Assistance, 
80,08,80901,MOUNT VERNON ISD,FRANKLIN,N,N,0,A,Meets Requirements, 
81,12,81902,FAIRFIELD ISD,FREESTONE,N,N,0,B,Meets Requirements, 
81,12,81904,TEAGUE ISD,FREESTONE,N,N,1,A,Meets Requirements, 
81,12,81905,WORTHAM ISD,FREESTONE,N,N,0,B,Meets Requirements, 
81,12,81906,DEW ISD,FREESTONE,N,N, ,B,Meets Requirements, 
82,20,82902,DILLEY ISD,FRIO,N,N,0,B,Needs Assistance, 
82,20,82903,PEARSALL ISD,FRIO,N,N, ,Not Rated: Data Under Review,Needs Assistance, 
83,17,83901,SEAGRAVES ISD,GAINES,N,N, ,B,Meets Requirements, 
83,17,83902,LOOP ISD,GAINES,N,N, ,A,Meets Requirements, 
83,17,83903,SEMINOLE ISD,GAINES,N,N,1,A,Meets Requirements, 
84,04,84802,ODYSSEY ACADEMY INC,GALVESTON,Y,N,0,B,Meets Requirements, 
84,04,84804,AMBASSADORS PREPARATORY ACADEMY,GALVESTON,Y,N, ,A,Meets Requirements, 
84,04,84901,DICKINSON ISD,GALVESTON,N,N,0,B,Meets Requirements, 
84,04,84902,GALVESTON ISD,GALVESTON,N,N,0,B,Needs Assistance,ASVAB Test not Offered
84,05,84903,HIGH ISLAND ISD,GALVESTON,N,N, ,A,Meets Requirements, 
84,04,84906,TEXAS CITY ISD,GALVESTON,N,N,0,B,Needs Assistance, 
84,04,84908,HITCHCOCK ISD,GALVESTON,N,N,0,B,Needs Assistance, 
84,04,84909,SANTA FE ISD,GALVESTON,N,N,0,B,Meets Requirements, 
84,04,84910,CLEAR CREEK ISD,GALVESTON,N,N,0,B,Meets Requirements, 
84,04,84911,FRIENDSWOOD ISD,GALVESTON,N,N,0,A,Meets Requirements, 
85,17,85902,POST ISD,GARZA,N,N,0,B,Meets Requirements, 
85,17,85903,SOUTHLAND ISD,GARZA,N,N, ,C,Meets Requirements, 
86,13,86024,DOSS CONSOLIDATED CSD,GILLESPIE,N,N, ,B,Meets Requirements, 
86,13,86901,FREDERICKSBURG ISD,GILLESPIE,N,N,0,C,Needs Assistance, 
86,15,86902,HARPER ISD,GILLESPIE,N,N,0,A,Meets Requirements, 
87,18,87901,GLASSCOCK COUNTY ISD,GLASSCOCK,N,N,1,A,Meets Requirements, 
88,03,88902,GOLIAD ISD,GOLIAD,N,N,0,B,Needs Assistance, 
89,13,89901,GONZALES ISD,GONZALES,N,N,0,B,Needs Assistance, 
89,13,89903,NIXON-SMILEY CISD,GONZALES,N,N,0,B,Meets Requirements, 
89,13,89905,WAELDER ISD,GONZALES,N,N, ,B,Needs Assistance, 
90,16,90902,LEFORS ISD,GRAY,N,N, ,C,Meets Requirements, 
90,16,90903,MCLEAN ISD,GRAY,N,N, ,A,Meets Requirements, 
90,16,90904,PAMPA ISD,GRAY,N,N,0,B,Needs Assistance, 
90,16,90905,GRANDVIEW-HOPKINS ISD,GRAY,N,N, ,B,Meets Requirements, 
91,10,91901,BELLS ISD,GRAYSON,N,N,1,A,Meets Requirements, 
91,10,91902,COLLINSVILLE ISD,GRAYSON,N,N,0,C,Meets Requirements, 
91,10,91903,DENISON ISD,GRAYSON,N,N,0,C,Meets Requirements, 
91,10,91905,HOWE ISD,GRAYSON,N,N,0,A,Meets Requirements, 
91,10,91906,SHERMAN ISD,GRAYSON,N,N,0,C,Needs Intervention, 
91,10,91907,TIOGA ISD,GRAYSON,N,N, ,B,Meets Requirements, 
91,10,91908,VAN ALSTYNE ISD,GRAYSON,N,N,1,A,Meets Requirements, 
91,10,91909,WHITESBORO ISD,GRAYSON,N,N,0,B,Meets Requirements, 
91,10,91910,WHITEWRIGHT ISD,GRAYSON,N,N,0,A,Meets Requirements, 
91,10,91913,POTTSBORO ISD,GRAYSON,N,N,0,B,Meets Requirements, 
91,10,91914,S AND S CISD,GRAYSON,N,N,0,B,Meets Requirements, 
91,10,91917,GUNTER ISD,GRAYSON,N,N,1,A,Meets Requirements, 
91,10,91918,TOM BEAN ISD,GRAYSON,N,N,0,B,Meets Requirements, 
92,07,92801,EAST TEXAS CHARTER SCHOOLS,GREGG,Y,Y, ,A,Meets Requirements, 
92,07,92901,GLADEWATER ISD,GREGG,N,N,0,B,Needs Assistance, 
92,07,92902,KILGORE ISD,GREGG,N,N,0,B,Needs Substantial Intervention, 
92,07,92903,LONGVIEW ISD,GREGG,N,N,1,A,Meets Requirements, 
92,07,92904,PINE TREE ISD,GREGG,N,N,0,B,Meets Requirements, 
92,07,92906,SABINE ISD,GREGG,N,N,0,A,Meets Requirements, 
92,07,92907,SPRING HILL ISD,GREGG,N,N,1,A,Meets Requirements, 
92,07,92908,WHITE OAK ISD,GREGG,N,N,0,A,Needs Assistance, 
93,06,93901,ANDERSON-SHIRO CISD,GRIMES,N,N,0,A,Meets Requirements, 
93,06,93903,IOLA ISD,GRIMES,N,N,0,A,Meets Requirements, 
93,06,93904,NAVASOTA ISD,GRIMES,N,N,0,B,Needs Intervention, 
93,06,93905,RICHARDS ISD,GRIMES,N,N, ,B,Meets Requirements, 
94,20,94901,SEGUIN ISD,GUADALUPE,N,N,0,Not Rated: Senate Bill 1365,Needs Assistance, 
94,20,94902,SCHERTZ-CIBOLO-U CITY ISD,GUADALUPE,N,N,0,B,Meets Requirements, 
94,20,94903,NAVARRO ISD,GUADALUPE,N,N,0,B,Meets Requirements, 
94,20,94904,MARION ISD,GUADALUPE,N,N,0,B,Meets Requirements, 
95,17,95901,ABERNATHY ISD,HALE,N,N,0,A,Meets Requirements, 
95,17,95902,COTTON CENTER ISD,HALE,N,N, ,B,Meets Requirements, 
95,17,95903,HALE CENTER ISD,HALE,N,N,0,B,Meets Requirements,ASVAB Alternative Test Offered
95,17,95904,PETERSBURG ISD,HALE,N,N, ,A,Meets Requirements, 
95,17,95905,PLAINVIEW ISD,HALE,N,N,0,B,Needs Assistance, 
96,16,96904,MEMPHIS ISD,HALL,N,N,0,B,Meets Requirements, 
96,16,96905,TURKEY-QUITAQUE ISD,HALL,N,N, ,A,Meets Requirements, 
97,12,97902,HAMILTON ISD,HAMILTON,N,N,0,A,Meets Requirements, 
97,12,97903,HICO ISD,HAMILTON,N,N,0,B,Meets Requirements, 
98,16,98901,GRUVER ISD,HANSFORD,N,N,0,A,Meets Requirements, 
98,16,98903,PRINGLE-MORSE CISD,HANSFORD,N,N, ,B,Meets Requirements,ASVAB Test not Offered
98,16,98904,SPEARMAN ISD,HANSFORD,N,N,1,A,Meets Requirements, 
99,09,99902,CHILLICOTHE ISD,HARDEMAN,N,N, ,B,Meets Requirements, 
99,09,99903,QUANAH ISD,HARDEMAN,N,N, ,Not Rated: Data Under Review,Meets Requirements, 
100,05,100903,KOUNTZE ISD,HARDIN,N,N,0,B,Needs Assistance, 
100,05,100904,SILSBEE ISD,HARDIN,N,N,0,C,Needs Substantial Intervention, 
100,05,100905,HARDIN-JEFFERSON ISD,HARDIN,N,N,0,B,Meets Requirements, 
100,05,100907,LUMBERTON ISD,HARDIN,N,N,0,B,Meets Requirements, 
100,05,100908,WEST HARDIN COUNTY CISD,HARDIN,N,N,0,B,Meets Requirements, 
101,04,101802,SER-NINOS CHARTER SCHOOL,HARRIS,Y,N,0,B,Meets Requirements, 
101,04,101803,ARISTOI CLASSICAL ACADEMY,HARRIS,Y,N,0,B,Meets Requirements, 
101,04,101804,GEORGE I SANCHEZ CHARTER,HARRIS,Y,Y, ,B,Meets Requirements, 
101,04,101806,RAUL YZAGUIRRE SCHOOLS FOR SUCCESS,HARRIS,Y,N,0,A,Meets Requirements, 
101,04,101810,ACADEMY OF ACCELERATED LEARNING INC,HARRIS,Y,N, ,Not Rated,Meets Requirements, 
101,04,101811,EXCEL ACADEMY,HARRIS,Y,Y, ,Not Rated,Meets Requirements, 
101,04,101814,THE VARNETT PUBLIC SCHOOL,HARRIS,Y,N,0,B,Meets Requirements, 
101,04,101815,ALIEF MONTESSORI COMMUNITY SCHOOL,HARRIS,Y,N, ,B,Meets Requirements, 
101,04,101819,AMIGOS POR VIDA-FRIENDS FOR LIFE PUB CHTR SCH,HARRIS,Y,N, ,A,Meets Requirements, 
101,04,101821,HOUSTON HEIGHTS HIGH SCHOOL,HARRIS,Y,Y, ,A,Meets Requirements, 
101,04,101828,HOUSTON GATEWAY ACADEMY INC,HARRIS,Y,N,0,A,Meets Requirements, 
101,04,101837,CALVIN NELMS CHARTER SCHOOLS,HARRIS,Y,N,1,A,Meets Requirements, 
101,04,101838,SOUTHWEST SCHOOL,HARRIS,Y,N, ,B,Needs Intervention, 
101,04,101840,TWO DIMENSIONS PREPARATORY ACADEMY,HARRIS,Y,N, ,B,Meets Requirements, 
101,04,101842,COMQUEST ACADEMY,HARRIS,Y,N, ,C,Meets Requirements, 
101,04,101845,YES PREP PUBLIC SCHOOLS INC,HARRIS,Y,N,0,B,Needs Assistance, 
101,04,101846,HARMONY PUBLIC SCHOOLS - HOUSTON SOUTH,HARRIS,Y,N,0,A,Needs Assistance, 
101,04,101847,BEATRICE MAYES INSTITUTE CHARTER SCHOOL,HARRIS,Y,N, ,C,Meets Requirements, 
101,04,101849,ACCELERATED INTERMEDIATE ACADEMY,HARRIS,Y,N, ,A,Meets Requirements, 
101,04,101853,PROMISE COMMUNITY SCHOOL,HARRIS,Y,N,0,C,Meets Requirements, 
101,04,101855,MEYERPARK ELEMENTARY,HARRIS,Y,N, ,B,Meets Requirements, 
101,04,101856,DRAW ACADEMY,HARRIS,Y,N, ,B,Meets Requirements, 
101,04,101858,HARMONY PUBLIC SCHOOLS - HOUSTON NORTH,HARRIS,Y,N,0,A,Meets Requirements, 
101,04,101859,STEP CHARTER SCHOOL,HARRIS,Y,N, ,A,Meets Requirements, 
101,04,101861,THE RHODES SCHOOL FOR PERFORMING ARTS,HARRIS,Y,N, ,B,Meets Requirements, 
101,04,101862,HARMONY PUBLIC SCHOOLS - HOUSTON WEST,HARRIS,Y,N,0,A,Meets Requirements, 
101,04,101864,THE LAWSON ACADEMY,HARRIS,Y,Y, ,B,Meets Requirements, 
101,04,101868,THE PRO-VISION ACADEMY,HARRIS,Y,Y, ,Not Rated: Senate Bill 1365,Needs Assistance, 
101,04,101870,BETA ACADEMY,HARRIS,Y,N, ,A,Meets Requirements, 
101,04,101871,A+ UNLIMITED POTENTIAL,HARRIS,Y,N, ,B,Meets Requirements, 
101,04,101872,ETOILE ACADEMY CHARTER SCHOOL,HARRIS,Y,N, ,B,Meets Requirements, 
101,04,101873,YELLOWSTONE COLLEGE PREPARATORY,HARRIS,Y,N, ,B,Meets Requirements, 
101,04,101874,LEGACY SCHOOL OF SPORT SCIENCES,HARRIS,Y,N, ,B,Meets Requirements, 
101,04,101875,BLOOM ACADEMY CHARTER SCHOOL,HARRIS,Y,N, ,Not Rated: Senate Bill 1365,Meets Requirements, 
101,04,101876,REVE PREPARATORY CHARTER SCHOOL,HARRIS,Y,N, ,Not Rated: Senate Bill 1365,Meets Requirements, 
101,04,101877,ELEVATE COLLEGIATE CHARTER SCHOOL,HARRIS,Y,N, ,Not Rated,Meets Requirements, 
101,04,101878,HOUSTON CLASSICAL CHARTER SCHOOL,HARRIS,Y,N, ,Not Rated,Meets Requirements, 
101,04,101902,ALDINE ISD,HARRIS,N,N,0,C,Needs Substantial Intervention, 
101,04,101903,ALIEF ISD,HARRIS,N,N,0,B,Needs Assistance, 
101,04,101905,CHANNELVIEW ISD,HARRIS,N,N,0,B,Needs Assistance, 
101,04,101906,CROSBY ISD,HARRIS,N,N,0,B,Meets Requirements, 
101,04,101907,CYPRESS-FAIRBANKS ISD,HARRIS,N,N,0,A,Meets Requirements, 
101,04,101908,DEER PARK ISD,HARRIS,N,N,0,A,Meets Requirements, 
101,04,101910,GALENA PARK ISD,HARRIS,N,N, ,Not Rated: Data Under Review,Needs Assistance, 
101,04,101911,GOOSE CREEK CISD,HARRIS,N,N,0,B,Needs Assistance, 
101,04,101912,HOUSTON ISD,HARRIS,N,N,0,B,Needs Assistance, 
101,04,101913,HUMBLE ISD,HARRIS,N,N,0,B,Needs Assistance, 
101,04,101914,KATY ISD,HARRIS,N,N,0,A,Meets Requirements, 
101,04,101915,KLEIN ISD,HARRIS,N,N,0,B,Meets Requirements, 
101,04,101916,LA PORTE ISD,HARRIS,N,N,0,B,Meets Requirements, 
101,04,101917,PASADENA ISD,HARRIS,N,N,0,B,Needs Assistance, 
101,04,101919,SPRING ISD,HARRIS,N,N,0,B,Needs Assistance, 
101,04,101920,SPRING BRANCH ISD,HARRIS,N,N,0,B,Meets Requirements, 
101,04,101921,TOMBALL ISD,HARRIS,N,N,0,A,Meets Requirements, 
101,04,101924,SHELDON ISD,HARRIS,N,N,0,B,Needs Assistance, 
101,04,101925,HUFFMAN ISD,HARRIS,N,N,0,B,Needs Assistance, 
102,07,102901,KARNACK ISD,HARRISON,N,N, ,C,Meets Requirements, 
102,07,102902,MARSHALL ISD,HARRISON,N,N,0,B,Needs Substantial Intervention, 
102,07,102903,WASKOM ISD,HARRISON,N,N,0,B,Meets Requirements, 
102,07,102904,HALLSVILLE ISD,HARRISON,N,N, ,Not Rated: Data Under Review,Needs Assistance, 
102,07,102905,HARLETON ISD,HARRISON,N,N,0,A,Meets Requirements, 
102,07,102906,ELYSIAN FIELDS ISD,HARRISON,N,N,0,A,Meets Requirements, 
103,16,103901,CHANNING ISD,HARTLEY,N,N, ,B,Meets Requirements, 
103,16,103902,HARTLEY ISD,HARTLEY,N,N, ,A,Meets Requirements,ASVAB Alternative Test Offered
104,14,104901,HASKELL CISD,HASKELL,N,N,0,A,Meets Requirements, 
104,14,104903,RULE ISD,HASKELL,N,N, ,B,Meets Requirements, 
104,14,104907,PAINT CREEK ISD,HASKELL,N,N, ,A,Meets Requirements,ASVAB Alternative Test Offered
105,13,105801,KATHERINE ANNE PORTER SCHOOL,HAYS,Y,N, ,C,Meets Requirements,ASVAB Test not Offered
105,13,105802,TEXAS PREPARATORY SCHOOL,HAYS,Y,N, ,A,Meets Requirements, 
105,13,105803,KI CHARTER ACADEMY,HAYS,Y,N, ,Not Rated: Data Under Review,Meets Requirements, 
105,13,105902,SAN MARCOS CISD,HAYS,N,N,0,C,Needs Assistance, 
105,13,105904,DRIPPING SPRINGS ISD,HAYS,N,N,0,A,Meets Requirements, 
105,13,105905,WIMBERLEY ISD,HAYS,N,N,0,A,Meets Requirements,ASVAB Alternative Test Offered
105,13,105906,HAYS CISD,HAYS,N,N,0,B,Needs Assistance, 
106,16,106901,CANADIAN ISD,HEMPHILL,N,N,1,A,Meets Requirements, 
107,10,107901,ATHENS ISD,HENDERSON,N,N,1,B,Needs Assistance, 
107,07,107902,BROWNSBORO ISD,HENDERSON,N,N,0,B,Meets Requirements, 
107,07,107904,CROSS ROADS ISD,HENDERSON,N,N,0,B,Meets Requirements, 
107,07,107905,EUSTACE ISD,HENDERSON,N,N,0,B,Meets Requirements, 
107,07,107906,MALAKOFF ISD,HENDERSON,N,N,1,A,Meets Requirements, 
107,07,107907,TRINIDAD ISD,HENDERSON,N,N, ,B,Meets Requirements, 
107,07,107908,MURCHISON ISD,HENDERSON,N,N, ,Not Rated: Senate Bill 1365,Meets Requirements, 
107,07,107910,LAPOYNOR ISD,HENDERSON,N,N,0,B,Meets Requirements, 
108,01,108802,HORIZON MONTESSORI PUBLIC SCHOOLS,HIDALGO,Y,N,0,C,Meets Requirements, 
108,01,108804,TRIUMPH PUBLIC HIGH SCHOOLS-RIO GRANDE VALLEY,HIDALGO,Y,Y, ,Not Rated: Data Under Review,Meets Requirements, 
108,01,108807,IDEA PUBLIC SCHOOLS,HIDALGO,Y,N,1,B,Meets Requirements,ASVAB Test not Offered
108,01,108808,VANGUARD ACADEMY,HIDALGO,Y,N,1,A,Meets Requirements, 
108,01,108809,EXCELLENCE IN LEADERSHIP ACADEMY,HIDALGO,Y,N, ,B,Meets Requirements, 
108,01,108902,DONNA ISD,HIDALGO,N,N,0,B,Needs Assistance, 
108,01,108903,EDCOUCH-ELSA ISD,HIDALGO,N,N,0,B,Needs Intervention, 
108,01,108904,EDINBURG CISD,HIDALGO,N,N,1,A,Meets Requirements, 
108,01,108905,HIDALGO ISD,HIDALGO,N,N,1,A,Meets Requirements, 
108,01,108906,MCALLEN ISD,HIDALGO,N,N,1,A,Meets Requirements, 
108,01,108907,MERCEDES ISD,HIDALGO,N,N,0,B,Needs Assistance, 
108,01,108908,MISSION CISD,HIDALGO,N,N, ,Not Rated: Data Under Review,Needs Intervention, 
108,01,108909,PHARR-SAN JUAN-ALAMO ISD,HIDALGO,N,N,0,A,Meets Requirements, 
108,01,108910,PROGRESO ISD,HIDALGO,N,N,0,B,Needs Intervention, 
108,01,108911,SHARYLAND ISD,HIDALGO,N,N,0,A,Meets Requirements, 
108,01,108912,LA JOYA ISD,HIDALGO,N,N, ,Not Rated: Data Under Review,Needs Assistance, 
108,01,108913,WESLACO ISD,HIDALGO,N,N,0,B,Needs Assistance, 
108,01,108914,LA VILLA ISD,HIDALGO,N,N,0,Not Rated: Senate Bill 1365,Meets Requirements, 
108,01,108915,MONTE ALTO ISD,HIDALGO,N,N,0,B,Meets Requirements, 
108,01,108916,VALLEY VIEW ISD,HIDALGO,N,N,1,A,Meets Requirements, 
109,12,109901,ABBOTT ISD,HILL,N,N, ,A,Meets Requirements, 
109,12,109902,BYNUM ISD,HILL,N,N, ,A,Meets Requirements, 
109,12,109903,COVINGTON ISD,HILL,N,N, ,B,Meets Requirements, 
109,12,109904,HILLSBORO ISD,HILL,N,N,0,B,Meets Requirements, 
109,12,109905,HUBBARD ISD,HILL,N,N,0,B,Meets Requirements, 
109,12,109907,ITASCA ISD,HILL,N,N,0,B,Meets Requirements, 
109,12,109908,MALONE ISD,HILL,N,N, ,Not Rated: Senate Bill 1365,Meets Requirements, 
109,12,109910,MOUNT CALM ISD,HILL,N,N, ,B,Meets Requirements, 
109,12,109911,WHITNEY ISD,HILL,N,N,0,C,Meets Requirements, 
109,12,109912,AQUILLA ISD,HILL,N,N,0,A,Meets Requirements, 
109,12,109913,BLUM ISD,HILL,N,N, ,B,Meets Requirements, 
109,12,109914,PENELOPE ISD,HILL,N,N, ,B,Meets Requirements, 
110,17,110901,ANTON ISD,HOCKLEY,N,N, ,B,Meets Requirements, 
110,17,110902,LEVELLAND ISD,HOCKLEY,N,N,0,B,Meets Requirements, 
110,17,110905,ROPES ISD,HOCKLEY,N,N, ,A,Meets Requirements, 
110,17,110906,SMYER ISD,HOCKLEY,N,N, ,A,Meets Requirements, 
110,17,110907,SUNDOWN ISD,HOCKLEY,N,N,1,B,Meets Requirements,ASVAB Alternative Test Offered
110,17,110908,WHITHARRAL ISD,HOCKLEY,N,N, ,A,Meets Requirements, 
111,11,111801,LAKE GRANBURY ACADEMY CHARTER SCHOOL,HOOD,Y,Y, ,Not Rated,Meets Requirements,ASVAB Test not Offered
111,11,111901,GRANBURY ISD,HOOD,N,N,0,B,Meets Requirements, 
111,11,111902,LIPAN ISD,HOOD,N,N,0,A,Meets Requirements, 
111,11,111903,TOLAR ISD,HOOD,N,N,0,A,Meets Requirements, 
112,08,112901,SULPHUR SPRINGS ISD,HOPKINS,N,N,0,B,Needs Assistance, 
112,08,112905,CUMBY ISD,HOPKINS,N,N,0,B,Meets Requirements, 
112,08,112906,NORTH HOPKINS ISD,HOPKINS,N,N,0,A,Meets Requirements, 
112,08,112907,MILLER GROVE ISD,HOPKINS,N,N, ,A,Meets Requirements, 
112,08,112908,COMO-PICKTON CISD,HOPKINS,N,N, ,B,Meets Requirements, 
112,08,112909,SALTILLO ISD,HOPKINS,N,N, ,A,Meets Requirements, 
112,08,112910,SULPHUR BLUFF ISD,HOPKINS,N,N, ,B,Meets Requirements, 
113,06,113901,CROCKETT ISD,HOUSTON,N,N,0,C,Needs Assistance, 
113,06,113902,GRAPELAND ISD,HOUSTON,N,N,0,B,Meets Requirements, 
113,06,113903,LOVELADY ISD,HOUSTON,N,N,0,B,Meets Requirements, 
113,06,113905,LATEXO ISD,HOUSTON,N,N,0,A,Meets Requirements, 
113,06,113906,KENNARD ISD,HOUSTON,N,N, ,A,Meets Requirements, 
114,18,114901,BIG SPRING ISD,HOWARD,N,N,0,C,Needs Assistance, 
114,18,114902,COAHOMA ISD,HOWARD,N,N,0,C,Meets Requirements, 
114,18,114904,FORSAN ISD,HOWARD,N,N,0,A,Meets Requirements, 
115,19,115901,FT HANCOCK ISD,HUDSPETH,N,N,0,B,Meets Requirements, 
115,19,115902,SIERRA BLANCA ISD,HUDSPETH,N,N, ,B,Meets Requirements, 
115,19,115903,DELL CITY ISD,HUDSPETH,N,N, ,A,Meets Requirements, 
116,10,116901,CADDO MILLS ISD,HUNT,N,N,1,A,Meets Requirements, 
116,10,116902,CELESTE ISD,HUNT,N,N,0,B,Meets Requirements, 
116,10,116903,COMMERCE ISD,HUNT,N,N,0,B,Needs Assistance, 
116,10,116905,GREENVILLE ISD,HUNT,N,N,0,C,Needs Intervention, 
116,10,116906,LONE OAK ISD,HUNT,N,N,0,A,Meets Requirements, 
116,10,116908,QUINLAN ISD,HUNT,N,N,0,B,Needs Assistance, 
116,10,116909,WOLFE CITY ISD,HUNT,N,N,0,B,Meets Requirements, 
116,10,116910,CAMPBELL ISD,HUNT,N,N,0,C,Meets Requirements, 
116,10,116915,BLAND ISD,HUNT,N,N,0,A,Meets Requirements, 
116,10,116916,BOLES ISD,HUNT,N,N,1,B,Meets Requirements, 
117,16,117901,BORGER ISD,HUTCHINSON,N,N,0,B,Meets Requirements, 
117,16,117903,SANFORD-FRITCH ISD,HUTCHINSON,N,N,0,B,Meets Requirements, 
117,16,117904,PLEMONS-STINNETT-PHILLIPS CISD,HUTCHINSON,N,N,0,A,Meets Requirements, 
117,16,117907,SPRING CREEK ISD,HUTCHINSON,N,N, ,B,Meets Requirements, 
118,15,118902,IRION COUNTY ISD,IRION,N,N,0,A,Meets Requirements, 
119,09,119901,BRYSON ISD,JACK,N,N, ,A,Meets Requirements, 
119,09,119902,JACKSBORO ISD,JACK,N,N,0,B,Meets Requirements, 
119,09,119903,PERRIN-WHITT CISD,JACK,N,N,0,A,Meets Requirements, 
120,03,120901,EDNA ISD,JACKSON,N,N,1,B,Meets Requirements, 
120,03,120902,GANADO ISD,JACKSON,N,N,0,B,Meets Requirements, 
120,03,120905,INDUSTRIAL ISD,JACKSON,N,N,1,A,Meets Requirements, 
121,05,121902,BROOKELAND ISD,JASPER,N,N,0,B,Meets Requirements, 
121,05,121903,BUNA ISD,JASPER,N,N,0,B,Needs Assistance, 
121,05,121904,JASPER ISD,JASPER,N,N,0,Not Rated: Senate Bill 1365,Needs Substantial Intervention, 
121,05,121905,KIRBYVILLE CISD,JASPER,N,N,0,B,Meets Requirements, 
121,05,121906,EVADALE ISD,JASPER,N,N,0,A,Meets Requirements, 
122,18,122901,FT DAVIS ISD,JEFF DAVIS,N,N, ,B,Meets Requirements, 
122,18,122902,VALENTINE ISD,JEFF DAVIS,N,N, ,A,Meets Requirements, 
123,05,123803,TEKOA ACADEMY OF ACCELERATED STUDIES STEM SCHOOL,JEFFERSON,Y,N,0,B,Meets Requirements, 
123,05,123805,EHRHART SCHOOL,JEFFERSON,Y,N, ,B,Meets Requirements, 
123,05,123807,BOB HOPE SCHOOL,JEFFERSON,Y,N,1,A,Meets Requirements, 
123,05,123905,NEDERLAND ISD,JEFFERSON,N,N,1,A,Meets Requirements, 
123,05,123907,PORT ARTHUR ISD,JEFFERSON,N,N,0,C,Needs Intervention, 
123,05,123908,PORT NECHES-GROVES ISD,JEFFERSON,N,N,0,B,Needs Assistance, 
123,05,123910,BEAUMONT ISD,JEFFERSON,N,N,0,Not Rated: Senate Bill 1365,Needs Substantial Intervention, 
123,05,123913,SABINE PASS ISD,JEFFERSON,N,N, ,B,Meets Requirements, 
123,05,123914,HAMSHIRE-FANNETT ISD,JEFFERSON,N,N,0,C,Meets Requirements, 
124,01,124901,JIM HOGG COUNTY ISD,JIM HOGG,N,N,1,A,Meets Requirements, 
125,02,125901,ALICE ISD,JIM WELLS,N,N,0,C,Needs Assistance, 
125,02,125902,BEN BOLT-PALITO BLANCO ISD,JIM WELLS,N,N,0,B,Meets Requirements, 
125,02,125903,ORANGE GROVE ISD,JIM WELLS,N,N,0,A,Meets Requirements, 
125,02,125905,PREMONT ISD,JIM WELLS,N,N,0,B,Meets Requirements,ASVAB Alternative Test Offered
125,02,125906,LA GLORIA ISD,JIM WELLS,N,N, ,B,Meets Requirements, 
126,11,126901,ALVARADO ISD,JOHNSON,N,N,0,C,Meets Requirements, 
126,11,126902,BURLESON ISD,JOHNSON,N,N,0,B,Meets Requirements, 
126,11,126903,CLEBURNE ISD,JOHNSON,N,N,0,B,Needs Assistance, 
126,11,126904,GRANDVIEW ISD,JOHNSON,N,N,0,A,Meets Requirements, 
126,11,126905,JOSHUA ISD,JOHNSON,N,N,1,A,Meets Requirements, 
126,11,126906,KEENE ISD,JOHNSON,N,N,0,B,Meets Requirements, 
126,11,126907,RIO VISTA ISD,JOHNSON,N,N,0,B,Meets Requirements, 
126,11,126908,VENUS ISD,JOHNSON,N,N,0,B,Needs Assistance, 
126,11,126911,GODLEY ISD,JOHNSON,N,N, ,Not Rated: Data Under Review,Needs Intervention, 
127,14,127901,ANSON ISD,JONES,N,N,0,B,Meets Requirements, 
127,14,127903,HAMLIN COLLEGIATE ISD,JONES,N,N,0,B,Meets Requirements, 
127,14,127904,HAWLEY ISD,JONES,N,N,0,C,Meets Requirements, 
127,14,127905,LUEDERS-AVOCA ISD,JONES,N,N, ,A,Meets Requirements, 
127,14,127906,STAMFORD ISD,JONES,N,N,0,A,Meets Requirements, 
128,20,128901,KARNES CITY ISD,KARNES,N,N,0,B,Needs Assistance, 
128,03,128902,KENEDY ISD,KARNES,N,N,0,B,Meets Requirements, 
128,03,128903,RUNGE ISD,KARNES,N,N,0,C,Meets Requirements, 
128,20,128904,FALLS CITY ISD,KARNES,N,N,1,A,Meets Requirements, 
129,10,129901,CRANDALL ISD,KAUFMAN,N,N,0,B,Needs Assistance, 
129,10,129902,FORNEY ISD,KAUFMAN,N,N,0,B,Needs Assistance, 
129,10,129903,KAUFMAN ISD,KAUFMAN,N,N,1,A,Meets Requirements, 
129,10,129904,KEMP ISD,KAUFMAN,N,N,0,C,Needs Assistance, 
129,10,129905,MABANK ISD,KAUFMAN,N,N,0,A,Needs Assistance, 
129,10,129906,TERRELL ISD,KAUFMAN,N,N,0,B,Needs Intervention, 
129,10,129910,SCURRY-ROSSER ISD,KAUFMAN,N,N,0,B,Meets Requirements, 
130,20,130801,MEADOWLAND CHARTER DISTRICT,KENDALL,Y,N, ,Not Rated: Senate Bill 1365,Meets Requirements,ASVAB Alternative Test Offered
130,20,130901,BOERNE ISD,KENDALL,N,N,0,A,Meets Requirements, 
130,13,130902,COMFORT ISD,KENDALL,N,N,0,B,Meets Requirements, 
131,02,131001,KENEDY COUNTY WIDE CSD,KENEDY,N,N, ,B,Meets Requirements, 
132,17,132902,JAYTON-GIRARD ISD,KENT,N,N, ,A,Meets Requirements, 
133,20,133901,CENTER POINT ISD,KERR,N,N,0,B,Meets Requirements, 
133,20,133902,HUNT ISD,KERR,N,N, ,B,Meets Requirements, 
133,20,133903,KERRVILLE ISD,KERR,N,N,0,B,Meets Requirements, 
133,20,133904,INGRAM ISD,KERR,N,N,1,A,Meets Requirements, 
133,20,133905,DIVIDE ISD,KERR,N,N, ,B,Meets Requirements, 
134,15,134901,JUNCTION ISD,KIMBLE,N,N,0,B,Meets Requirements, 
135,17,135001,GUTHRIE CSD,KING,N,N, ,A,Meets Requirements, 
136,20,136901,BRACKETT ISD,KINNEY,N,N,0,B,Meets Requirements, 
137,02,137901,KINGSVILLE ISD,KLEBERG,N,N,0,C,Needs Substantial Intervention, 
137,02,137902,RICARDO ISD,KLEBERG,N,N, ,A,Meets Requirements, 
137,02,137903,RIVIERA ISD,KLEBERG,N,N,0,A,Meets Requirements, 
137,02,137904,SANTA GERTRUDIS ISD,KLEBERG,N,N,0,A,Meets Requirements, 
138,09,138902,KNOX CITY-O'BRIEN CISD,KNOX,N,N, ,B,Meets Requirements, 
138,09,138903,MUNDAY CISD,KNOX,N,N,0,B,Meets Requirements, 
138,09,138904,BENJAMIN ISD,KNOX,N,N, ,A,Meets Requirements, 
139,08,139905,CHISUM ISD,LAMAR,N,N,0,A,Meets Requirements, 
139,08,139909,PARIS ISD,LAMAR,N,N,0,B,Meets Requirements, 
139,08,139911,NORTH LAMAR ISD,LAMAR,N,N,0,C,Needs Assistance, 
139,08,139912,PRAIRILAND ISD,LAMAR,N,N,0,B,Meets Requirements, 
140,17,140901,AMHERST ISD,LAMB,N,N, ,B,Meets Requirements, 
140,17,140904,LITTLEFIELD ISD,LAMB,N,N, ,Not Rated: Data Under Review,Meets Requirements, 
140,17,140905,OLTON ISD,LAMB,N,N,0,B,Meets Requirements, 
140,17,140907,SPRINGLAKE-EARTH ISD,LAMB,N,N, ,Not Rated: Data Under Review,Meets Requirements, 
140,17,140908,SUDAN ISD,LAMB,N,N,1,A,Meets Requirements, 
141,12,141901,LAMPASAS ISD,LAMPASAS,N,N,1,A,Meets Requirements, 
141,12,141902,LOMETA ISD,LAMPASAS,N,N,0,B,Meets Requirements, 
142,20,142901,COTULLA ISD,LA SALLE,N,N,0,B,Needs Assistance, 
143,03,143901,HALLETTSVILLE ISD,LAVACA,N,N,0,A,Meets Requirements, 
143,03,143902,MOULTON ISD,LAVACA,N,N,1,A,Meets Requirements, 
143,03,143903,SHINER ISD,LAVACA,N,N,0,A,Meets Requirements, 
143,03,143904,VYSEHRAD ISD,LAVACA,N,N, ,B,Meets Requirements, 
143,03,143905,SWEET HOME ISD,LAVACA,N,N, ,A,Meets Requirements, 
143,03,143906,EZZELL ISD,LAVACA,N,N, ,B,Meets Requirements, 
144,13,144901,GIDDINGS ISD,LEE,N,N,0,A,Meets Requirements, 
144,13,144902,LEXINGTON ISD,LEE,N,N,0,A,Meets Requirements, 
144,13,144903,DIME BOX ISD,LEE,N,N, ,C,Meets Requirements, 
145,06,145901,BUFFALO ISD,LEON,N,N,1,A,Meets Requirements, 
145,06,145902,CENTERVILLE ISD,LEON,N,N,0,B,Meets Requirements, 
145,06,145906,NORMANGEE ISD,LEON,N,N,0,B,Meets Requirements, 
145,06,145907,OAKWOOD ISD,LEON,N,N,0,B,Meets Requirements, 
145,06,145911,LEON ISD,LEON,N,N,0,A,Meets Requirements, 
146,04,146901,CLEVELAND ISD,LIBERTY,N,N,0,B,Needs Assistance, 
146,04,146902,DAYTON ISD,LIBERTY,N,N,0,C,Needs Intervention, 
146,04,146903,DEVERS ISD,LIBERTY,N,N, ,A,Meets Requirements, 
146,05,146904,HARDIN ISD,LIBERTY,N,N, ,Not Rated: Data Under Review,Meets Requirements, 
146,05,146905,HULL-DAISETTA ISD,LIBERTY,N,N,0,C,Meets Requirements, 
146,05,146906,LIBERTY ISD,LIBERTY,N,N,0,B,Meets Requirements, 
146,04,146907,TARKINGTON ISD,LIBERTY,N,N,0,B,Meets Requirements, 
147,12,147901,COOLIDGE ISD,LIMESTONE,N,N,0,A,Meets Requirements, 
147,12,147902,GROESBECK ISD,LIMESTONE,N,N,0,B,Needs Assistance, 
147,12,147903,MEXIA ISD,LIMESTONE,N,N,0,B,Needs Intervention, 
148,16,148901,BOOKER ISD,LIPSCOMB,N,N,0,A,Meets Requirements, 
148,16,148902,FOLLETT ISD,LIPSCOMB,N,N, ,B,Meets Requirements, 
148,16,148905,DARROUZETT ISD,LIPSCOMB,N,N, ,B,Meets Requirements, 
149,02,149901,GEORGE WEST ISD,LIVE OAK,N,N,1,A,Meets Requirements, 
149,02,149902,THREE RIVERS ISD,LIVE OAK,N,N,0,C,Meets Requirements, 
150,13,150901,LLANO ISD,LLANO,N,N,1,A,Meets Requirements, 
152,17,152504,TEXAS TECH UNIVERSITY K-12,LUBBOCK,N,N, ,A,Meets Requirements,ASVAB Test not Offered
152,17,152802,RISE ACADEMY,LUBBOCK,Y,N, ,A,Meets Requirements, 
152,17,152803,TRIUMPH PUBLIC HIGH SCHOOLS-LUBBOCK,LUBBOCK,Y,Y, ,Not Rated: Data Under Review,Meets Requirements, 
152,17,152806,BETTY M CONDRA SCHOOL FOR EDUCATION INNOVATION,LUBBOCK,Y,N, ,Not Rated: Senate Bill 1365,Meets Requirements, 
152,17,152901,LUBBOCK ISD,LUBBOCK,N,N,0,B,Needs Assistance, 
152,17,152902,NEW DEAL ISD,LUBBOCK,N,N,1,B,Meets Requirements, 
152,17,152903,SLATON ISD,LUBBOCK,N,N,0,B,Meets Requirements, 
152,17,152906,LUBBOCK-COOPER ISD,LUBBOCK,N,N, ,Not Rated: Data Under Review,Meets Requirements, 
152,17,152907,FRENSHIP ISD,LUBBOCK,N,N,1,A,Meets Requirements, 
152,17,152908,ROOSEVELT ISD,LUBBOCK,N,N,0,B,Needs Assistance, 
152,17,152909,SHALLOWATER ISD,LUBBOCK,N,N,1,A,Meets Requirements, 
152,17,152910,IDALOU ISD,LUBBOCK,N,N,1,A,Meets Requirements, 
153,17,153903,O'DONNELL ISD,LYNN,N,N, ,B,Meets Requirements, 
153,17,153904,TAHOKA ISD,LYNN,N,N,1,A,Meets Requirements, 
153,17,153905,NEW HOME ISD,LYNN,N,N, ,A,Meets Requirements, 
153,17,153907,WILSON ISD,LYNN,N,N, ,B,Meets Requirements, 
154,06,154901,MADISONVILLE CISD,MADISON,N,N, ,Not Rated: Data Under Review,Meets Requirements, 
154,06,154903,NORTH ZULCH ISD,MADISON,N,N, ,A,Meets Requirements, 
155,08,155901,JEFFERSON ISD,MARION,N,N,0,C,Needs Assistance, 
156,18,156902,STANTON ISD,MARTIN,N,N, ,Not Rated: Data Under Review,Needs Assistance, 
156,18,156905,GRADY ISD,MARTIN,N,N, ,A,Meets Requirements, 
157,15,157901,MASON ISD,MASON,N,N,1,A,Meets Requirements, 
158,03,158901,BAY CITY ISD,MATAGORDA,N,N,0,B,Needs Intervention, 
158,03,158902,TIDEHAVEN ISD,MATAGORDA,N,N,0,A,Meets Requirements, 
158,03,158904,MATAGORDA ISD,MATAGORDA,N,N, ,C,Meets Requirements, 
158,03,158905,PALACIOS ISD,MATAGORDA,N,N,0,B,Meets Requirements, 
158,03,158906,VAN VLECK ISD,MATAGORDA,N,N,0,B,Meets Requirements, 
159,20,159901,EAGLE PASS ISD,MAVERICK,N,N,0,B,Meets Requirements, 
160,15,160901,BRADY ISD,MCCULLOCH,N,N,0,A,Meets Requirements, 
160,15,160904,ROCHELLE ISD,MCCULLOCH,N,N, ,A,Meets Requirements, 
160,15,160905,LOHN ISD,MCCULLOCH,N,N, ,Not Rated: Senate Bill 1365,Meets Requirements, 
161,12,161801,WACO CHARTER SCHOOL,MCLENNAN,Y,N, ,C,Meets Requirements, 
161,12,161802,RAPOPORT ACADEMY PUBLIC SCHOOL,MCLENNAN,Y,N,0,B,Meets Requirements, 
161,12,161807,HARMONY PUBLIC SCHOOLS - NORTH TEXAS,MCLENNAN,Y,N,0,A,Meets Requirements, 
161,12,161901,CRAWFORD ISD,MCLENNAN,N,N,0,B,Meets Requirements, 
161,12,161903,MIDWAY ISD,MCLENNAN,N,N,0,A,Meets Requirements, 
161,12,161906,LA VEGA ISD,MCLENNAN,N,N,0,B,Needs Assistance, 
161,12,161907,LORENA ISD,MCLENNAN,N,N,0,A,Meets Requirements, 
161,12,161908,MART ISD,MCLENNAN,N,N,0,B,Meets Requirements, 
161,12,161909,MCGREGOR ISD,MCLENNAN,N,N,0,B,Needs Assistance, 
161,12,161910,MOODY ISD,MCLENNAN,N,N,0,B,Meets Requirements, 
161,12,161912,RIESEL ISD,MCLENNAN,N,N,0,A,Meets Requirements, 
161,12,161914,WACO ISD,MCLENNAN,N,N,0,C,Needs Substantial Intervention, 
161,12,161916,WEST ISD,MCLENNAN,N,N,0,A,Meets Requirements, 
161,12,161918,AXTELL ISD,MCLENNAN,N,N,0,A,Meets Requirements, 
161,12,161919,BRUCEVILLE-EDDY ISD,MCLENNAN,N,N,0,B,Meets Requirements, 
161,12,161920,CHINA SPRING ISD,MCLENNAN,N,N,0,A,Meets Requirements, 
161,12,161921,CONNALLY ISD,MCLENNAN,N,N,0,B,Needs Intervention, 
161,12,161922,ROBINSON ISD,MCLENNAN,N,N,0,A,Meets Requirements, 
161,12,161923,BOSQUEVILLE ISD,MCLENNAN,N,N,0,A,Meets Requirements, 
161,12,161924,HALLSBURG ISD,MCLENNAN,N,N, ,B,Meets Requirements, 
161,12,161925,GHOLSON ISD,MCLENNAN,N,N, ,B,Meets Requirements, 
162,02,162904,MCMULLEN COUNTY ISD,MCMULLEN,N,N, ,A,Meets Requirements, 
163,20,163901,DEVINE ISD,MEDINA,N,N,0,B,Meets Requirements, 
163,20,163902,D'HANIS ISD,MEDINA,N,N, ,B,Meets Requirements, 
163,20,163903,NATALIA ISD,MEDINA,N,N,0,B,Needs Assistance, 
163,20,163904,HONDO ISD,MEDINA,N,N,0,B,Meets Requirements, 
163,20,163908,MEDINA VALLEY ISD,MEDINA,N,N,1,A,Meets Requirements, 
164,15,164901,MENARD ISD,MENARD,N,N,0,B,Meets Requirements, 
165,18,165802,MIDLAND ACADEMY CHARTER SCHOOL,MIDLAND,Y,N, ,A,Meets Requirements, 
165,18,165901,MIDLAND ISD,MIDLAND,N,N,0,B,Needs Assistance, 
165,18,165902,GREENWOOD ISD,MIDLAND,N,N,0,B,Meets Requirements, 
166,06,166901,CAMERON ISD,MILAM,N,N, ,Not Rated: Data Under Review,Needs Assistance, 
166,06,166902,GAUSE ISD,MILAM,N,N, ,B,Meets Requirements, 
166,06,166903,MILANO ISD,MILAM,N,N,0,A,Meets Requirements, 
166,06,166904,ROCKDALE ISD,MILAM,N,N,0,B,Meets Requirements, 
166,13,166905,THORNDALE ISD,MILAM,N,N,0,B,Meets Requirements, 
166,12,166907,BUCKHOLTS ISD,MILAM,N,N, ,B,Meets Requirements, 
167,12,167901,GOLDTHWAITE ISD,MILLS,N,N,0,A,Meets Requirements, 
167,12,167902,MULLIN ISD,MILLS,N,N, ,A,Meets Requirements, 
167,12,167904,PRIDDY ISD,MILLS,N,N, ,B,Meets Requirements, 
168,14,168901,COLORADO ISD,MITCHELL,N,N,0,B,Meets Requirements, 
168,14,168902,LORAINE ISD,MITCHELL,N,N, ,B,Meets Requirements, 
168,14,168903,WESTBROOK ISD,MITCHELL,N,N, ,B,Meets Requirements, 
169,09,169901,BOWIE ISD,MONTAGUE,N,N,0,B,Needs Assistance, 
169,09,169902,NOCONA ISD,MONTAGUE,N,N,0,B,Meets Requirements, 
169,09,169906,GOLD BURG ISD,MONTAGUE,N,N, ,B,Meets Requirements, 
169,09,169908,MONTAGUE ISD,MONTAGUE,N,N, ,A,Meets Requirements, 
169,09,169909,PRAIRIE VALLEY ISD,MONTAGUE,N,N,0,A,Meets Requirements, 
169,09,169910,FORESTBURG ISD,MONTAGUE,N,N, ,B,Meets Requirements, 
169,09,169911,SAINT JO ISD,MONTAGUE,N,N,0,A,Meets Requirements, 
170,06,170801,TEXAS SERENITY ACADEMY,MONTGOMERY,Y,N, ,Not Rated: Senate Bill 1365,Meets Requirements, 
170,06,170902,CONROE ISD,MONTGOMERY,N,N,0,B,Meets Requirements, 
170,06,170903,MONTGOMERY ISD,MONTGOMERY,N,N,0,A,Meets Requirements, 
170,06,170904,WILLIS ISD,MONTGOMERY,N,N,0,C,Needs Assistance, 
170,06,170906,MAGNOLIA ISD,MONTGOMERY,N,N,0,A,Meets Requirements, 
170,06,170907,SPLENDORA ISD,MONTGOMERY,N,N,0,B,Needs Assistance, 
170,06,170908,NEW CANEY ISD,MONTGOMERY,N,N, ,Not Rated: Data Under Review,Needs Assistance, 
171,16,171901,DUMAS ISD,MOORE,N,N,1,B,Meets Requirements, 
171,16,171902,SUNRAY COLLEGIATE ISD,MOORE,N,N,0,A,Meets Requirements, 
172,08,172902,DAINGERFIELD-LONE STAR ISD,MORRIS,N,N,0,B,Meets Requirements, 
172,08,172905,PEWITT CISD,MORRIS,N,N,0,A,Meets Requirements, 
173,17,173901,MOTLEY COUNTY ISD,MOTLEY,N,N, ,A,Meets Requirements, 
174,07,174801,STEPHEN F AUSTIN STATE UNIVERSITY CHARTER SCHOOL,NACOGDOCHES,Y,N, ,A,Meets Requirements, 
174,07,174901,CHIRENO ISD,NACOGDOCHES,N,N,0,B,Meets Requirements, 
174,07,174902,CUSHING ISD,NACOGDOCHES,N,N, ,Not Rated: Data Under Review,Meets Requirements, 
174,07,174903,GARRISON ISD,NACOGDOCHES,N,N,0,B,Meets Requirements, 
174,07,174904,NACOGDOCHES ISD,NACOGDOCHES,N,N,0,C,Needs Intervention, 
174,07,174906,WODEN ISD,NACOGDOCHES,N,N,0,A,Meets Requirements, 
174,07,174908,CENTRAL HEIGHTS ISD,NACOGDOCHES,N,N,1,A,Meets Requirements, 
174,07,174909,MARTINSVILLE ISD,NACOGDOCHES,N,N, ,B,Meets Requirements, 
174,07,174910,ETOILE ISD,NACOGDOCHES,N,N, ,B,Meets Requirements, 
174,07,174911,DOUGLASS ISD,NACOGDOCHES,N,N, ,B,Meets Requirements, 
175,12,175902,BLOOMING GROVE ISD,NAVARRO,N,N,0,B,Meets Requirements, 
175,12,175903,CORSICANA ISD,NAVARRO,N,N,0,B,Needs Intervention, 
175,12,175904,DAWSON ISD,NAVARRO,N,N,0,B,Needs Assistance, 
175,12,175905,FROST ISD,NAVARRO,N,N,0,C,Meets Requirements, 
175,12,175907,KERENS ISD,NAVARRO,N,N, ,B,Meets Requirements, 
175,12,175910,MILDRED ISD,NAVARRO,N,N,0,B,Meets Requirements, 
175,12,175911,RICE ISD,NAVARRO,N,N,1,A,Meets Requirements, 
176,05,176901,BURKEVILLE ISD,NEWTON,N,N, ,B,Meets Requirements, 
176,05,176902,NEWTON ISD,NEWTON,N,N,0,B,Meets Requirements, 
176,05,176903,DEWEYVILLE ISD,NEWTON,N,N,0,B,Meets Requirements, 
177,14,177901,ROSCOE COLLEGIATE ISD,NOLAN,N,N, ,Not Rated: Data Under Review,Meets Requirements,ASVAB Alternative Test Offered
177,14,177902,SWEETWATER ISD,NOLAN,N,N, ,Not Rated: Data Under Review,Needs Substantial Intervention, 
177,14,177903,BLACKWELL CISD,NOLAN,N,N, ,B,Meets Requirements, 
177,14,177905,HIGHLAND ISD,NOLAN,N,N, ,A,Meets Requirements, 
178,02,178801,DR M L GARZA-GONZALEZ CHARTER SCHOOL,NUECES,Y,N, ,B,Meets Requirements, 
178,02,178807,CORPUS CHRISTI MONTESSORI SCHOOL,NUECES,Y,N, ,Not Rated: Senate Bill 1365,Meets Requirements, 
178,02,178808,SEASHORE CHARTER SCHOOLS,NUECES,Y,N, ,B,Meets Requirements, 
178,02,178901,AGUA DULCE ISD,NUECES,N,N,0,B,Meets Requirements, 
178,02,178902,BISHOP CISD,NUECES,N,N,0,A,Meets Requirements, 
178,02,178903,CALALLEN ISD,NUECES,N,N,0,B,Meets Requirements, 
178,02,178904,CORPUS CHRISTI ISD,NUECES,N,N,0,B,Needs Assistance, 
178,02,178905,DRISCOLL ISD,NUECES,N,N, ,B,Meets Requirements, 
178,02,178906,LONDON ISD,NUECES,N,N,0,A,Meets Requirements, 
178,02,178908,PORT ARANSAS ISD,NUECES,N,N,1,A,Meets Requirements, 
178,02,178909,ROBSTOWN ISD,NUECES,N,N,0,B,Needs Assistance, 
178,02,178912,TULOSO-MIDWAY ISD,NUECES,N,N,0,B,Meets Requirements, 
178,02,178913,BANQUETE ISD,NUECES,N,N,0,A,Meets Requirements, 
178,02,178914,FLOUR BLUFF ISD,NUECES,N,N,0,A,Meets Requirements, 
178,02,178915,WEST OSO ISD,NUECES,N,N,0,B,Meets Requirements, 
179,16,179901,PERRYTON ISD,OCHILTREE,N,N,1,A,Meets Requirements, 
180,16,180901,BOYS RANCH ISD,OLDHAM,N,N, ,Not Rated,Meets Requirements, 
180,16,180902,VEGA ISD,OLDHAM,N,N,1,A,Meets Requirements, 
180,16,180903,ADRIAN ISD,OLDHAM,N,N, ,Not Rated: Data Under Review,Meets Requirements, 
180,16,180904,WILDORADO ISD,OLDHAM,N,N, ,B,Meets Requirements, 
181,05,181901,BRIDGE CITY ISD,ORANGE,N,N,0,B,Needs Assistance, 
181,05,181905,ORANGEFIELD ISD,ORANGE,N,N,0,B,Meets Requirements, 
181,05,181906,WEST ORANGE-COVE CISD,ORANGE,N,N,0,B,Needs Assistance, 
181,05,181907,VIDOR ISD,ORANGE,N,N,0,B,Needs Assistance, 
181,05,181908,LITTLE CYPRESS-MAURICEVILLE CISD,ORANGE,N,N,0,B,Needs Intervention, 
182,11,182901,GORDON ISD,PALO PINTO,N,N, ,B,Meets Requirements, 
182,11,182902,GRAFORD ISD,PALO PINTO,N,N, ,B,Meets Requirements, 
182,11,182903,MINERAL WELLS ISD,PALO PINTO,N,N,0,B,Needs Assistance, 
182,11,182904,SANTO ISD,PALO PINTO,N,N,1,A,Meets Requirements, 
182,11,182905,STRAWN ISD,PALO PINTO,N,N, ,B,Meets Requirements, 
182,11,182906,PALO PINTO ISD,PALO PINTO,N,N, ,A,Meets Requirements, 
183,07,183801,PANOLA CHARTER SCHOOL,PANOLA,Y,N,0,B,Meets Requirements, 
183,07,183901,BECKVILLE ISD,PANOLA,N,N,0,A,Meets Requirements, 
183,07,183902,CARTHAGE ISD,PANOLA,N,N,0,B,Needs Assistance, 
183,07,183904,GARY ISD,PANOLA,N,N, ,B,Meets Requirements, 
184,11,184801,CROSSTIMBERS ACADEMY,PARKER,Y,Y, ,A,Meets Requirements, 
184,11,184901,POOLVILLE ISD,PARKER,N,N,0,B,Meets Requirements, 
184,11,184902,SPRINGTOWN ISD,PARKER,N,N,0,C,Needs Assistance, 
184,11,184903,WEATHERFORD ISD,PARKER,N,N,0,B,Meets Requirements, 
184,11,184904,MILLSAP ISD,PARKER,N,N,0,A,Meets Requirements, 
184,11,184907,ALEDO ISD,PARKER,N,N,0,A,Meets Requirements, 
184,11,184908,PEASTER ISD,PARKER,N,N,0,B,Meets Requirements, 
184,11,184909,BROCK ISD,PARKER,N,N,0,A,Meets Requirements, 
184,11,184911,GARNER ISD,PARKER,N,N, ,B,Meets Requirements, 
185,16,185901,BOVINA ISD,PARMER,N,N,0,A,Meets Requirements, 
185,16,185902,FARWELL ISD,PARMER,N,N,1,B,Meets Requirements, 
185,16,185903,FRIONA ISD,PARMER,N,N,0,B,Meets Requirements, 
185,16,185904,LAZBUDDIE ISD,PARMER,N,N, ,B,Meets Requirements, 
186,18,186901,BUENA VISTA ISD,PECOS,N,N, ,B,Meets Requirements, 
186,18,186902,FORT STOCKTON ISD,PECOS,N,N,0,B,Meets Requirements, 
186,18,186903,IRAAN-SHEFFIELD ISD,PECOS,N,N,0,B,Meets Requirements, 
187,06,187901,BIG SANDY ISD,POLK,N,N, ,B,Meets Requirements, 
187,06,187903,GOODRICH ISD,POLK,N,N,0,C,Meets Requirements, 
187,06,187904,CORRIGAN-CAMDEN ISD,POLK,N,N,0,A,Meets Requirements, 
187,06,187906,LEGGETT ISD,POLK,N,N,0,B,Meets Requirements, 
187,06,187907,LIVINGSTON ISD,POLK,N,N,0,B,Needs Assistance, 
187,06,187910,ONALASKA ISD,POLK,N,N,0,B,Meets Requirements, 
188,16,188901,AMARILLO ISD,POTTER,N,N,0,B,Needs Assistance, 
188,16,188902,RIVER ROAD ISD,POTTER,N,N,0,B,Meets Requirements, 
188,16,188903,HIGHLAND PARK ISD,POTTER,N,N,0,A,Meets Requirements, 
188,16,188904,BUSHLAND ISD,POTTER,N,N,0,A,Meets Requirements, 
189,18,189901,MARFA ISD,PRESIDIO,N,N, ,B,Meets Requirements, 
189,18,189902,PRESIDIO ISD,PRESIDIO,N,N,0,B,Meets Requirements, 
190,07,190903,RAINS ISD,RAINS,N,N,0,C,Needs Assistance, 
191,16,191901,CANYON ISD,RANDALL,N,N,0,A,Meets Requirements, 
192,18,192901,REAGAN COUNTY ISD,REAGAN,N,N,0,B,Meets Requirements, 
193,20,193801,BIG SPRINGS CHARTER SCHOOL,REAL,Y,N, ,Not Rated: Senate Bill 1365,Meets Requirements, 
193,20,193902,LEAKEY ISD,REAL,N,N, ,B,Meets Requirements, 
194,08,194902,AVERY ISD,RED RIVER,N,N,0,A,Meets Requirements, 
194,08,194903,RIVERCREST ISD,RED RIVER,N,N,0,A,Meets Requirements, 
194,08,194904,CLARKSVILLE ISD,RED RIVER,N,N,0,C,Meets Requirements, 
194,08,194905,DETROIT ISD,RED RIVER,N,N,0,B,Meets Requirements, 
195,18,195901,PECOS-BARSTOW-TOYAH ISD,REEVES,N,N,0,B,Needs Assistance, 
195,18,195902,BALMORHEA ISD,REEVES,N,N, ,B,Meets Requirements, 
196,03,196901,AUSTWELL-TIVOLI ISD,REFUGIO,N,N,0,B,Meets Requirements, 
196,03,196902,WOODSBORO ISD,REFUGIO,N,N,0,B,Meets Requirements, 
196,03,196903,REFUGIO ISD,REFUGIO,N,N,0,B,Meets Requirements, 
197,16,197902,MIAMI ISD,ROBERTS,N,N, ,A,Meets Requirements, 
198,06,198901,BREMOND ISD,ROBERTSON,N,N,0,B,Meets Requirements, 
198,06,198902,CALVERT ISD,ROBERTSON,N,N, ,Not Rated: Data Under Review,Meets Requirements, 
198,06,198903,FRANKLIN ISD,ROBERTSON,N,N,1,A,Meets Requirements, 
198,06,198905,HEARNE ISD,ROBERTSON,N,N,0,B,Needs Assistance, 
198,06,198906,MUMFORD ISD,ROBERTSON,N,N,1,B,Meets Requirements, 
199,10,199901,ROCKWALL ISD,ROCKWALL,N,N,0,A,Meets Requirements, 
199,10,199902,ROYSE CITY ISD,ROCKWALL,N,N,0,A,Meets Requirements, 
200,15,200901,BALLINGER ISD,RUNNELS,N,N,0,C,Meets Requirements, 
200,15,200902,MILES ISD,RUNNELS,N,N,1,A,Meets Requirements, 
200,15,200904,WINTERS ISD,RUNNELS,N,N,1,A,Meets Requirements, 
200,15,200906,OLFEN ISD,RUNNELS,N,N, ,A,Meets Requirements, 
201,07,201902,HENDERSON ISD,RUSK,N,N,0,Not Rated: Senate Bill 1365,Needs Intervention, 
201,07,201903,LANEVILLE ISD,RUSK,N,N, ,Not Rated: Data Under Review,Meets Requirements, 
201,07,201904,LEVERETTS CHAPEL ISD,RUSK,N,N,0,A,Meets Requirements, 
201,07,201907,MOUNT ENTERPRISE ISD,RUSK,N,N,1,B,Meets Requirements, 
201,07,201908,OVERTON ISD,RUSK,N,N,0,B,Meets Requirements, 
201,07,201910,TATUM ISD,RUSK,N,N,0,B,Meets Requirements, 
201,07,201913,CARLISLE ISD,RUSK,N,N, ,Not Rated: Data Under Review,Meets Requirements, 
201,07,201914,WEST RUSK COUNTY CONSOLIDATED ISD,RUSK,N,N,0,B,Meets Requirements, 
202,07,202903,HEMPHILL ISD,SABINE,N,N,0,B,Meets Requirements, 
202,07,202905,WEST SABINE ISD,SABINE,N,N,0,B,Meets Requirements, 
203,07,203901,SAN AUGUSTINE ISD,SAN AUGUSTINE,N,N,0,C,Needs Assistance, 
203,07,203902,BROADDUS ISD,SAN AUGUSTINE,N,N, ,Not Rated: Data Under Review,Meets Requirements, 
204,06,204901,COLDSPRING-OAKHURST CISD,SAN JACINTO,N,N,0,Not Rated: Senate Bill 1365,Needs Assistance, 
204,06,204904,SHEPHERD ISD,SAN JACINTO,N,N, ,Not Rated: Data Under Review,Needs Assistance, 
205,02,205901,ARANSAS PASS ISD,SAN PATRICIO,N,N,0,C,Meets Requirements, 
205,02,205902,GREGORY-PORTLAND ISD,SAN PATRICIO,N,N,0,B,Needs Assistance, 
205,02,205903,INGLESIDE ISD,SAN PATRICIO,N,N,1,B,Meets Requirements, 
205,02,205904,MATHIS ISD,SAN PATRICIO,N,N,0,B,Meets Requirements, 
205,02,205905,ODEM-EDROY ISD,SAN PATRICIO,N,N,0,B,Meets Requirements, 
205,02,205906,SINTON ISD,SAN PATRICIO,N,N,0,A,Needs Assistance, 
205,02,205907,TAFT ISD,SAN PATRICIO,N,N,0,B,Meets Requirements, 
206,15,206901,SAN SABA ISD,SAN SABA,N,N,0,B,Meets Requirements, 
206,15,206902,RICHLAND SPRINGS ISD,SAN SABA,N,N, ,B,Meets Requirements, 
206,15,206903,CHEROKEE ISD,SAN SABA,N,N, ,B,Meets Requirements, 
207,15,207901,SCHLEICHER ISD,SCHLEICHER,N,N,0,A,Meets Requirements, 
208,14,208901,HERMLEIGH ISD,SCURRY,N,N, ,C,Meets Requirements, 
208,14,208902,SNYDER ISD,SCURRY,N,N, ,Not Rated: Data Under Review,Meets Requirements, 
208,14,208903,IRA ISD,SCURRY,N,N, ,A,Meets Requirements, 
209,14,209901,ALBANY ISD,SHACKELFORD,N,N,0,B,Meets Requirements, 
209,14,209902,MORAN ISD,SHACKELFORD,N,N, ,C,Meets Requirements, 
210,07,210901,CENTER ISD,SHELBY,N,N,0,A,Needs Assistance, 
210,07,210902,JOAQUIN ISD,SHELBY,N,N,0,A,Meets Requirements, 
210,07,210903,SHELBYVILLE ISD,SHELBY,N,N, ,A,Meets Requirements, 
210,07,210904,TENAHA ISD,SHELBY,N,N, ,A,Meets Requirements, 
210,07,210905,TIMPSON ISD,SHELBY,N,N, ,Not Rated: Data Under Review,Meets Requirements, 
210,07,210906,EXCELSIOR ISD,SHELBY,N,N, ,C,Meets Requirements, 
211,16,211901,TEXHOMA ISD,SHERMAN,N,N, ,A,Meets Requirements, 
211,16,211902,STRATFORD ISD,SHERMAN,N,N,0,B,Meets Requirements, 
212,07,212801,CUMBERLAND ACADEMY,SMITH,Y,N,0,B,Needs Assistance, 
212,07,212804,UT TYLER UNIVERSITY ACADEMY,SMITH,Y,N,1,A,Meets Requirements, 
212,07,212901,ARP ISD,SMITH,N,N,0,B,Meets Requirements, 
212,07,212902,BULLARD ISD,SMITH,N,N,0,A,Meets Requirements, 
212,07,212903,LINDALE ISD,SMITH,N,N,1,A,Meets Requirements, 
212,07,212904,TROUP ISD,SMITH,N,N, ,Not Rated: Data Under Review,Meets Requirements, 
212,07,212905,TYLER ISD,SMITH,N,N,0,B,Needs Assistance, 
212,07,212906,WHITEHOUSE ISD,SMITH,N,N,1,A,Meets Requirements,ASVAB Test not Offered
212,07,212909,CHAPEL HILL ISD,SMITH,N,N,0,B,Needs Intervention, 
212,07,212910,WINONA ISD,SMITH,N,N,1,B,Needs Assistance, 
213,11,213801,BRAZOS RIVER CHARTER SCHOOL,SOMERVELL,Y,Y, ,B,Meets Requirements, 
213,11,213901,GLEN ROSE ISD,SOMERVELL,N,N,0,A,Meets Requirements, 
214,01,214901,RIO GRANDE CITY GRULLA ISD,STARR,N,N,0,A,Needs Assistance, 
214,01,214902,SAN ISIDRO ISD,STARR,N,N,0,B,Meets Requirements, 
214,01,214903,ROMA ISD,STARR,N,N,1,A,Needs Assistance, 
215,14,215901,BRECKENRIDGE ISD,STEPHENS,N,N,0,B,Meets Requirements, 
216,15,216901,STERLING CITY ISD,STERLING,N,N,1,A,Meets Requirements, 
217,14,217901,ASPERMONT ISD,STONEWALL,N,N,0,A,Meets Requirements, 
218,15,218901,SONORA ISD,SUTTON,N,N,0,A,Meets Requirements, 
219,16,219901,HAPPY ISD,SWISHER,N,N,1,A,Meets Requirements, 
219,16,219903,TULIA ISD,SWISHER,N,N,0,C,Meets Requirements, 
219,16,219905,KRESS ISD,SWISHER,N,N,0,B,Meets Requirements, 
220,11,220801,TREETOPS SCHOOL INTERNATIONAL,TARRANT,Y,N, ,A,Meets Requirements,ASVAB Test not Offered
220,11,220802,ARLINGTON CLASSICS ACADEMY,TARRANT,Y,N, ,A,Meets Requirements, 
220,11,220809,FORT WORTH ACADEMY OF FINE ARTS,TARRANT,Y,N,0,A,Meets Requirements,ASVAB Test not Offered
220,11,220810,WESTLAKE ACADEMY CHARTER SCHOOL,TARRANT,Y,N, ,A,Meets Requirements,ASVAB Test not Offered
220,11,220811,EAST FORT WORTH MONTESSORI ACADEMY,TARRANT,Y,N, ,C,Meets Requirements, 
220,11,220814,TEXAS SCHOOL OF THE ARTS,TARRANT,Y,N, ,B,Meets Requirements, 
220,11,220815,CHAPEL HILL ACADEMY,TARRANT,Y,N, ,C,Meets Requirements, 
220,11,220817,NEWMAN INTERNATIONAL ACADEMY OF ARLINGTON,TARRANT,Y,N,0,B,Needs Assistance, 
220,11,220819,HIGH POINT ACADEMY,TARRANT,Y,N,0,A,Meets Requirements,ASVAB Test not Offered
220,11,220901,ARLINGTON ISD,TARRANT,N,N,0,B,Needs Intervention, 
220,11,220902,BIRDVILLE ISD,TARRANT,N,N,0,B,Needs Assistance, 
220,11,220904,EVERMAN ISD,TARRANT,N,N, ,Not Rated: Data Under Review,Needs Assistance, 
220,11,220905,FORT WORTH ISD,TARRANT,N,N, ,Not Rated: Data Under Review,Needs Intervention, 
220,11,220906,GRAPEVINE-COLLEYVILLE ISD,TARRANT,N,N,0,A,Meets Requirements, 
220,11,220907,KELLER ISD,TARRANT,N,N,0,B,Needs Assistance, 
220,11,220908,MANSFIELD ISD,TARRANT,N,N,0,B,Meets Requirements, 
220,11,220910,LAKE WORTH ISD,TARRANT,N,N,0,Not Rated: Senate Bill 1365,Needs Substantial Intervention, 
220,11,220912,CROWLEY ISD,TARRANT,N,N,0,B,Needs Assistance, 
220,11,220914,KENNEDALE ISD,TARRANT,N,N,0,B,Needs Assistance, 
220,11,220915,AZLE ISD,TARRANT,N,N,0,B,Needs Assistance, 
220,11,220916,HURST-EULESS-BEDFORD ISD,TARRANT,N,N,1,A,Meets Requirements, 
220,11,220917,CASTLEBERRY ISD,TARRANT,N,N,0,B,Needs Assistance, 
220,11,220918,EAGLE MT-SAGINAW ISD,TARRANT,N,N,0,B,Meets Requirements, 
220,11,220919,CARROLL ISD,TARRANT,N,N,1,A,Meets Requirements, 
220,11,220920,WHITE SETTLEMENT ISD,TARRANT,N,N,0,B,Needs Assistance, 
221,14,221801,TEXAS COLLEGE PREPARATORY ACADEMIES,TAYLOR,Y,N,0,B,Meets Requirements,ASVAB Alternative Test Offered
221,14,221901,ABILENE ISD,TAYLOR,N,N,0,C,Needs Assistance, 
221,14,221904,MERKEL ISD,TAYLOR,N,N,0,B,Meets Requirements, 
221,14,221905,TRENT ISD,TAYLOR,N,N, ,B,Meets Requirements, 
221,14,221911,JIM NED CISD,TAYLOR,N,N,0,A,Meets Requirements, 
221,14,221912,WYLIE ISD,TAYLOR,N,N,0,A,Meets Requirements, 
222,18,222901,TERRELL COUNTY ISD,TERRELL,N,N, ,A,Meets Requirements, 
223,17,223901,BROWNFIELD ISD,TERRY,N,N,0,B,Needs Intervention, 
223,17,223902,MEADOW ISD,TERRY,N,N, ,B,Meets Requirements, 
223,17,223904,WELLMAN-UNION CISD,TERRY,N,N, ,A,Meets Requirements, 
224,14,224901,THROCKMORTON COLLEGIATE ISD,THROCKMORTON,N,N, ,B,Meets Requirements, 
224,09,224902,WOODSON ISD,THROCKMORTON,N,N, ,Not Rated: Data Under Review,Meets Requirements, 
225,08,225902,MOUNT PLEASANT ISD,TITUS,N,N,0,B,Meets Requirements, 
225,08,225906,CHAPEL HILL ISD,TITUS,N,N, ,Not Rated: Data Under Review,Meets Requirements, 
225,08,225907,HARTS BLUFF ISD,TITUS,N,N, ,C,Meets Requirements, 
226,15,226801,TEXAS LEADERSHIP PUBLIC SCHOOLS,TOM GREEN,Y,N,0,B,Needs Assistance, 
226,15,226901,CHRISTOVAL ISD,TOM GREEN,N,N,0,A,Meets Requirements, 
226,15,226903,SAN ANGELO ISD,TOM GREEN,N,N,0,B,Needs Intervention, 
226,15,226905,WATER VALLEY ISD,TOM GREEN,N,N,0,B,Meets Requirements, 
226,15,226906,WALL ISD,TOM GREEN,N,N,1,A,Meets Requirements, 
226,15,226907,GRAPE CREEK ISD,TOM GREEN,N,N,0,B,Meets Requirements, 
226,15,226908,VERIBEST ISD,TOM GREEN,N,N,0,B,Meets Requirements, 
227,13,227506,UNIVERSITY OF TEXAS AT AUSTIN H S,TRAVIS,N,N, ,B,Meets Requirements,ASVAB Test not Offered
227,13,227803,WAYSIDE SCHOOLS,TRAVIS,Y,N,0,B,Needs Assistance, 
227,13,227804,NYOS CHARTER SCHOOL,TRAVIS,Y,N,0,B,Meets Requirements, 
227,13,227805,TEXAS EMPOWERMENT ACADEMY,TRAVIS,Y,N,0,B,Meets Requirements, 
227,13,227806,UNIVERSITY OF TEXAS UNIVERSITY CHARTER SCHOOL,TRAVIS,Y,Y, ,B,Needs Assistance, 
227,13,227814,CHAPARRAL STAR ACADEMY,TRAVIS,Y,N, ,A,Meets Requirements, 
227,13,227816,HARMONY PUBLIC SCHOOLS - CENTRAL TEXAS,TRAVIS,Y,N,0,B,Meets Requirements, 
227,13,227817,CEDARS INTERNATIONAL ACADEMY,TRAVIS,Y,N,0,A,Meets Requirements,ASVAB Test not Offered
227,13,227819,UNIVERSITY OF TEXAS ELEMENTARY CHARTER SCHOOL,TRAVIS,Y,N, ,B,Meets Requirements, 
227,04,227820,KIPP TEXAS PUBLIC SCHOOLS,TRAVIS,Y,N,0,B,Needs Assistance,ASVAB Alternative Test Offered
227,13,227821,AUSTIN DISCOVERY SCHOOL,TRAVIS,Y,N, ,C,Meets Requirements, 
227,13,227824,VALERE PUBLIC SCHOOLS,TRAVIS,Y,N,0,B,Meets Requirements,ASVAB Test not Offered
227,13,227825,AUSTIN ACHIEVE PUBLIC SCHOOLS,TRAVIS,Y,N,0,B,Needs Assistance, 
227,13,227826,MONTESSORI FOR ALL,TRAVIS,Y,N, ,C,Meets Requirements, 
227,13,227827,THE EXCEL CENTER - FOR ADULTS,TRAVIS,Y,Y, ,Not Rated,Meets Requirements, 
227,13,227829,VALOR PUBLIC SCHOOLS,TRAVIS,Y,N, ,A,Meets Requirements,ASVAB Test not Offered
227,13,227901,AUSTIN ISD,TRAVIS,N,N,0,B,Needs Assistance, 
227,13,227904,PFLUGERVILLE ISD,TRAVIS,N,N,0,B,Needs Assistance, 
227,13,227907,MANOR ISD,TRAVIS,N,N,0,C,Needs Intervention, 
227,13,227909,EANES ISD,TRAVIS,N,N,0,A,Meets Requirements, 
227,13,227910,DEL VALLE ISD,TRAVIS,N,N,0,B,Needs Intervention, 
227,13,227912,LAGO VISTA ISD,TRAVIS,N,N,0,B,Meets Requirements, 
227,13,227913,LAKE TRAVIS ISD,TRAVIS,N,N,0,B,Meets Requirements, 
228,06,228901,GROVETON ISD,TRINITY,N,N,0,B,Meets Requirements, 
228,06,228903,TRINITY ISD,TRINITY,N,N,0,C,Meets Requirements, 
228,06,228904,CENTERVILLE ISD,TRINITY,N,N, ,B,Meets Requirements, 
228,06,228905,APPLE SPRINGS ISD,TRINITY,N,N,0,A,Meets Requirements, 
229,05,229901,COLMESNEIL ISD,TYLER,N,N,0,B,Meets Requirements, 
229,05,229903,WOODVILLE ISD,TYLER,N,N,0,C,Needs Assistance, 
229,05,229904,WARREN ISD,TYLER,N,N,0,B,Needs Assistance, 
229,05,229905,SPURGER ISD,TYLER,N,N,0,B,Meets Requirements, 
229,05,229906,CHESTER ISD,TYLER,N,N,0,B,Meets Requirements, 
230,07,230901,BIG SANDY ISD,UPSHUR,N,N,0,B,Meets Requirements, 
230,07,230902,GILMER ISD,UPSHUR,N,N,1,A,Meets Requirements, 
230,07,230903,ORE CITY ISD,UPSHUR,N,N,0,B,Needs Assistance, 
230,07,230904,UNION HILL ISD,UPSHUR,N,N,0,B,Meets Requirements,ASVAB Test not Offered
230,07,230905,HARMONY ISD,UPSHUR,N,N,0,B,Meets Requirements, 
230,07,230906,NEW DIANA ISD,UPSHUR,N,N,0,B,Meets Requirements, 
230,07,230908,UNION GROVE ISD,UPSHUR,N,N,0,A,Meets Requirements, 
231,18,231901,MCCAMEY ISD,UPTON,N,N,0,B,Meets Requirements, 
231,18,231902,RANKIN ISD,UPTON,N,N, ,B,Meets Requirements, 
232,20,232901,KNIPPA ISD,UVALDE,N,N, ,A,Meets Requirements, 
232,20,232902,SABINAL ISD,UVALDE,N,N,0,B,Meets Requirements, 
232,20,232903,UVALDE CISD,UVALDE,N,N,0,B,Needs Assistance, 
232,20,232904,UTOPIA ISD,UVALDE,N,N, ,B,Meets Requirements, 
233,15,233901,SAN FELIPE-DEL RIO CISD,VAL VERDE,N,N,0,B,Needs Assistance,ASVAB Alternative Test Offered
233,15,233903,COMSTOCK ISD,VAL VERDE,N,N, ,A,Meets Requirements, 
234,07,234801,RANCH ACADEMY,VAN ZANDT,Y,Y, ,Not Rated,Meets Requirements,ASVAB Test not Offered
234,10,234902,CANTON ISD,VAN ZANDT,N,N,0,A,Meets Requirements, 
234,07,234903,EDGEWOOD ISD,VAN ZANDT,N,N,0,B,Meets Requirements, 
234,07,234904,GRAND SALINE ISD,VAN ZANDT,N,N,0,B,Meets Requirements, 
234,07,234905,MARTINS MILL ISD,VAN ZANDT,N,N,0,B,Meets Requirements, 
234,07,234906,VAN ISD,VAN ZANDT,N,N,0,A,Needs Assistance, 
234,10,234907,WILLS POINT ISD,VAN ZANDT,N,N,0,C,Needs Assistance, 
234,07,234909,FRUITVALE ISD,VAN ZANDT,N,N,0,B,Meets Requirements, 
235,03,235901,BLOOMINGTON ISD,VICTORIA,N,N,0,B,Needs Intervention, 
235,03,235902,VICTORIA ISD,VICTORIA,N,N,0,C,Needs Intervention, 
235,03,235904,NURSERY ISD,VICTORIA,N,N, ,A,Meets Requirements, 
236,06,236801,RAVEN SCHOOL,WALKER,Y,Y, ,Not Rated,Meets Requirements, 
236,06,236802,SAM HOUSTON STATE UNIVERSITY CHARTER SCHOOL,WALKER,Y,N, ,B,Meets Requirements, 
236,06,236901,NEW WAVERLY ISD,WALKER,N,N,0,B,Meets Requirements, 
236,06,236902,HUNTSVILLE ISD,WALKER,N,N,0,C,Needs Assistance, 
237,04,237902,HEMPSTEAD ISD,WALLER,N,N,0,Not Rated: Senate Bill 1365,Needs Assistance, 
237,04,237904,WALLER ISD,WALLER,N,N,0,B,Needs Assistance, 
237,04,237905,ROYAL ISD,WALLER,N,N,0,B,Needs Assistance, 
238,18,238902,MONAHANS-WICKETT-PYOTE ISD,WARD,N,N,0,B,Meets Requirements, 
238,18,238904,GRANDFALLS-ROYALTY ISD,WARD,N,N, ,Not Rated: Senate Bill 1365,Meets Requirements, 
239,06,239901,BRENHAM ISD,WASHINGTON,N,N,0,B,Needs Assistance, 
239,06,239903,BURTON ISD,WASHINGTON,N,N,0,A,Meets Requirements, 
240,01,240801,TRIUMPH PUBLIC HIGH SCHOOLS-LAREDO,WEBB,Y,Y, ,Not Rated: Data Under Review,Meets Requirements, 
240,01,240901,LAREDO ISD,WEBB,N,N, ,Not Rated: Data Under Review,Needs Assistance, 
240,01,240903,UNITED ISD,WEBB,N,N,1,A,Meets Requirements, 
240,01,240904,WEBB CISD,WEBB,N,N,0,B,Meets Requirements, 
241,03,241901,BOLING ISD,WHARTON,N,N,0,B,Meets Requirements, 
241,03,241902,EAST BERNARD ISD,WHARTON,N,N,0,A,Meets Requirements, 
241,03,241903,EL CAMPO ISD,WHARTON,N,N,0,B,Needs Intervention, 
241,03,241904,WHARTON ISD,WHARTON,N,N,0,Not Rated: Senate Bill 1365,Needs Substantial Intervention, 
241,03,241906,LOUISE ISD,WHARTON,N,N,0,B,Meets Requirements, 
242,16,242902,SHAMROCK ISD,WHEELER,N,N,0,C,Meets Requirements, 
242,16,242903,WHEELER ISD,WHEELER,N,N, ,A,Meets Requirements, 
242,16,242905,KELTON ISD,WHEELER,N,N, ,B,Meets Requirements, 
242,16,242906,FORT ELLIOTT CISD,WHEELER,N,N, ,A,Meets Requirements, 
243,09,243901,BURKBURNETT ISD,WICHITA,N,N,0,B,Needs Assistance, 
243,09,243902,ELECTRA ISD,WICHITA,N,N,0,B,Meets Requirements, 
243,09,243903,IOWA PARK CISD,WICHITA,N,N,0,A,Meets Requirements, 
243,09,243905,WICHITA FALLS ISD,WICHITA,N,N,0,B,Needs Assistance, 
243,09,243906,CITY VIEW ISD,WICHITA,N,N,0,B,Meets Requirements, 
244,09,244901,HARROLD ISD,WILBARGER,N,N, ,B,Meets Requirements, 
244,09,244903,VERNON ISD,WILBARGER,N,N,0,Not Rated: Senate Bill 1365,Needs Assistance, 
244,09,244905,NORTHSIDE ISD,WILBARGER,N,N, ,B,Meets Requirements, 
245,01,245901,LASARA ISD,WILLACY,N,N,0,B,Meets Requirements, 
245,01,245902,LYFORD CISD,WILLACY,N,N, ,Not Rated: Data Under Review,Meets Requirements, 
245,01,245903,RAYMONDVILLE ISD,WILLACY,N,N,1,A,Meets Requirements, 
245,01,245904,SAN PERLITA ISD,WILLACY,N,N,1,A,Meets Requirements, 
246,13,246801,MERIDIAN WORLD SCHOOL LLC,WILLIAMSON,Y,N, ,A,Meets Requirements, 
246,13,246802,GOODWATER MONTESSORI SCHOOL,WILLIAMSON,Y,N, ,B,Meets Requirements, 
246,13,246902,FLORENCE ISD,WILLIAMSON,N,N,0,C,Meets Requirements, 
246,13,246904,GEORGETOWN ISD,WILLIAMSON,N,N,0,B,Needs Intervention, 
246,13,246905,GRANGER ISD,WILLIAMSON,N,N, ,B,Meets Requirements, 
246,13,246906,HUTTO ISD,WILLIAMSON,N,N,0,B,Meets Requirements, 
246,13,246907,JARRELL ISD,WILLIAMSON,N,N,0,C,Needs Assistance, 
246,13,246908,LIBERTY HILL ISD,WILLIAMSON,N,N,0,B,Meets Requirements, 
246,13,246909,ROUND ROCK ISD,WILLIAMSON,N,N, ,Not Rated: Data Under Review,Meets Requirements, 
246,13,246911,TAYLOR ISD,WILLIAMSON,N,N,0,C,Needs Assistance, 
246,13,246912,THRALL ISD,WILLIAMSON,N,N,0,A,Meets Requirements, 
246,13,246913,LEANDER ISD,WILLIAMSON,N,N,0,B,Meets Requirements, 
246,13,246914,COUPLAND ISD,WILLIAMSON,N,N, ,B,Meets Requirements, 
247,20,247901,FLORESVILLE ISD,WILSON,N,N,0,B,Meets Requirements, 
247,20,247903,LA VERNIA ISD,WILSON,N,N,0,A,Meets Requirements, 
247,20,247904,POTH ISD,WILSON,N,N,0,A,Meets Requirements, 
247,20,247906,STOCKDALE ISD,WILSON,N,N,0,B,Meets Requirements, 
248,18,248901,KERMIT ISD,WINKLER,N,N,0,B,Meets Requirements, 
248,18,248902,WINK-LOVING ISD,WINKLER,N,N,0,A,Meets Requirements, 
249,11,249901,ALVORD ISD,WISE,N,N,0,B,Meets Requirements, 
249,11,249902,BOYD ISD,WISE,N,N,0,B,Needs Assistance, 
249,11,249903,BRIDGEPORT ISD,WISE,N,N,0,C,Needs Assistance, 
249,11,249904,CHICO ISD,WISE,N,N,0,B,Meets Requirements, 
249,11,249905,DECATUR ISD,WISE,N,N,0,B,Needs Assistance, 
249,11,249906,PARADISE ISD,WISE,N,N,0,A,Meets Requirements, 
249,11,249908,SLIDELL ISD,WISE,N,N, ,B,Meets Requirements, 
250,07,250902,HAWKINS ISD,WOOD,N,N,0,B,Meets Requirements, 
250,07,250903,MINEOLA ISD,WOOD,N,N,0,A,Meets Requirements, 
250,07,250904,QUITMAN ISD,WOOD,N,N,1,A,Meets Requirements, 
250,07,250905,YANTIS ISD,WOOD,N,N,0,C,Meets Requirements, 
250,07,250906,ALBA-GOLDEN ISD,WOOD,N,N,0,B,Meets Requirements, 
250,07,250907,WINNSBORO ISD,WOOD,N,N,0,B,Needs Assistance, 
251,17,251901,DENVER CITY ISD,YOAKUM,N,N,0,B,Meets Requirements, 
251,17,251902,PLAINS ISD,YOAKUM,N,N,0,B,Meets Requirements, 
252,09,252901,GRAHAM ISD,YOUNG,N,N,0,A,Needs Assistance, 
252,09,252902,NEWCASTLE ISD,YOUNG,N,N, ,A,Meets Requirements, 
252,09,252903,OLNEY ISD,YOUNG,N,N,0,A,Meets Requirements, 
253,01,253901,ZAPATA COUNTY ISD,ZAPATA,N,N,0,B,Needs Assistance, 
254,20,254901,CRYSTAL CITY ISD,ZAVALA,N,N,0,B,Needs Intervention, 
254,20,254902,LA PRYOR ISD,ZAVALA,N,N,0,B,Meets Requirements, 
