Region Code,TEA Region,County Number,County Name,economic_status,enrolled_8th,enrolled_9th,enrolled_9th_percent,enrolled_10th,enrolled_10th_percent,lessthan_10th_enrolled,lessthan_10th_enrolled_percent,graduated,graduated_percent,enrolled_4yr,enrolled_4yr_percent,enrolled_2yr,enrolled_2yr_percent,total_enrolled,total_enrolled_percent,enrolled_wo_record,enrolled_wo_record_per,total_degrees,total_degrees_percent
1,Edinburg,31,CAMERON,Not Economically Disadvantaged,980,934,95%,855,87%,63,6%,861,88%,436,44%,277,28%,713,73%,31,3%,402,41%
1,Edinburg,31,CAMERON,Economically Disadvantaged,6292,6011,96%,4951,79%,968,15%,5060,80%,1392,22%,1752,28%,3144,50%,93,1%,1386,22%
1,Edinburg,108,HIDALGO,Not Economically Disadvantaged,2411,2324,96%,2136,89%,158,7%,2135,89%,1085,45%,664,28%,1749,73%,40,2%,973,40%
1,Edinburg,108,HIDALGO,Economically Disadvantaged,12336,11790,96%,9717,79%,1850,15%,9943,81%,2703,22%,3486,28%,6189,50%,169,1%,2631,21%
1,Edinburg,124,JIM HOGG,Not Economically Disadvantaged,20,20,100%,,nan,nan,nan,18,90%,13,65%,,,14,70%,,,11,55%
1,Edinburg,124,JIM HOGG,Economically Disadvantaged,55,53,96%,,nan,nan,nan,45,82%,17,31%,13,24%,30,55%,,,8,15%
1,Edinburg,214,STARR,Not Economically Disadvantaged,46,45,98%,43,93%,,,43,93%,26,57%,14,30%,40,87%,,,35,76%
1,Edinburg,214,STARR,Economically Disadvantaged,1228,1189,97%,1017,83%,137,11%,962,78%,219,18%,445,36%,664,54%,20,2%,325,26%
1,Edinburg,240,WEBB,Not Economically Disadvantaged,817,785,96%,758,93%,20,2%,750,92%,327,40%,325,40%,652,80%,12,1%,371,45%
1,Edinburg,240,WEBB,Economically Disadvantaged,3875,3692,95%,3186,82%,479,12%,3138,81%,661,17%,1453,38%,2114,55%,48,1%,880,23%
1,Edinburg,245,WILLACY,Not Economically Disadvantaged,41,41,100%,41,100%,,,41,100%,20,49%,16,39%,36,88%,,,23,56%
1,Edinburg,245,WILLACY,Economically Disadvantaged,300,294,98%,257,86%,32,11%,236,79%,65,22%,77,26%,142,47%,,,51,17%
1,Edinburg,253,ZAPATA,Not Economically Disadvantaged,69,66,96%,,nan,nan,nan,56,81%,24,35%,18,26%,42,61%,,,29,42%
1,Edinburg,253,ZAPATA,Economically Disadvantaged,170,165,97%,,nan,nan,nan,137,81%,27,16%,34,20%,61,36%,,,25,15%
2,Corpus Christi,4,ARANSAS,Not Economically Disadvantaged,95,93,98%,87,92%,,,82,86%,26,27%,41,43%,67,71%,5,5%,33,35%
2,Corpus Christi,4,ARANSAS,Economically Disadvantaged,154,145,94%,128,83%,7,5%,95,62%,18,12%,22,14%,40,26%,6,4%,15,10%
2,Corpus Christi,13,BEE,Not Economically Disadvantaged,105,105,100%,86,82%,18,17%,88,84%,18,17%,49,47%,67,64%,,,37,35%
2,Corpus Christi,13,BEE,Economically Disadvantaged,256,243,95%,186,73%,55,21%,189,74%,21,8%,85,33%,106,41%,,,44,17%
2,Corpus Christi,24,BROOKS,Not Economically Disadvantaged,15,13,87%,11,73%,,,12,80%,5,33%,5,33%,10,67%,,,6,40%
2,Corpus Christi,24,BROOKS,Economically Disadvantaged,102,97,95%,81,79%,10,10%,72,71%,13,13%,26,25%,39,38%,,,14,14%
2,Corpus Christi,66,DUVAL,Not Economically Disadvantaged,71,69,97%,66,93%,,,60,85%,21,30%,24,34%,45,63%,,,23,32%
2,Corpus Christi,66,DUVAL,Economically Disadvantaged,117,113,97%,99,85%,6,5%,82,70%,13,11%,39,33%,52,44%,,,21,18%
2,Corpus Christi,125,JIM WELLS,Not Economically Disadvantaged,184,179,97%,166,90%,10,5%,161,88%,59,32%,65,35%,124,67%,,,65,35%
2,Corpus Christi,125,JIM WELLS,Economically Disadvantaged,431,418,97%,324,75%,74,17%,297,69%,60,14%,104,24%,164,38%,7,2%,60,14%
2,Corpus Christi,137,KLEBERG,Not Economically Disadvantaged,127,122,96%,115,91%,6,5%,115,91%,63,50%,26,20%,89,70%,,,52,41%
2,Corpus Christi,137,KLEBERG,Economically Disadvantaged,254,234,92%,165,65%,67,26%,172,68%,48,19%,58,23%,106,42%,5,2%,32,13%
2,Corpus Christi,149,LIVE OAK,Not Economically Disadvantaged,,,nan,,nan,nan,nan,,nan,nan,nan,nan,nan,,nan,nan,nan,nan,nan
2,Corpus Christi,149,LIVE OAK,Economically Disadvantaged,,,nan,,nan,nan,nan,,nan,nan,nan,nan,nan,,nan,nan,nan,nan,nan
2,Corpus Christi,162,MCMULLEN,Not Economically Disadvantaged,,,nan,,nan,nan,nan,,nan,nan,nan,nan,nan,,nan,nan,nan,nan,nan
2,Corpus Christi,162,MCMULLEN,Economically Disadvantaged,,,nan,,nan,nan,nan,,nan,nan,nan,nan,nan,,nan,nan,nan,nan,nan
2,Corpus Christi,178,NUECES,Not Economically Disadvantaged,1722,1617,94%,1509,88%,77,4%,1465,85%,639,37%,533,31%,1172,68%,56,3%,612,36%
2,Corpus Christi,178,NUECES,Economically Disadvantaged,2794,2635,94%,2326,83%,293,10%,2111,76%,366,13%,769,28%,1135,41%,48,2%,340,12%
2,Corpus Christi,205,SAN PATRICIO,Not Economically Disadvantaged,413,403,98%,381,92%,14,3%,367,89%,121,29%,156,38%,277,67%,,,128,31%
2,Corpus Christi,205,SAN PATRICIO,Economically Disadvantaged,677,632,93%,545,81%,77,11%,509,75%,96,14%,161,24%,257,38%,5,1%,86,13%
3,Victoria,29,CALHOUN,Not Economically Disadvantaged,113,110,97%,106,94%,,,103,91%,41,36%,39,35%,80,71%,,,43,38%
3,Victoria,29,CALHOUN,Economically Disadvantaged,189,181,96%,171,90%,7,4%,159,84%,17,9%,50,26%,67,35%,,,22,12%
3,Victoria,45,COLORADO,Not Economically Disadvantaged,100,100,100%,95,95%,,,91,91%,23,23%,52,52%,75,75%,,,47,47%
3,Victoria,45,COLORADO,Economically Disadvantaged,165,156,95%,146,88%,8,5%,130,79%,10,6%,46,28%,56,34%,,,21,13%
3,Victoria,62,DE WITT,Not Economically Disadvantaged,134,132,99%,131,98%,,,119,89%,39,29%,60,45%,99,74%,6,4%,58,43%
3,Victoria,62,DE WITT,Economically Disadvantaged,193,181,94%,158,82%,20,10%,145,75%,18,9%,43,22%,61,32%,,,27,14%
3,Victoria,88,GOLIAD,Not Economically Disadvantaged,58,56,97%,54,93%,,,52,90%,17,29%,24,41%,41,71%,,,28,48%
3,Victoria,88,GOLIAD,Economically Disadvantaged,57,57,100%,52,91%,,,45,79%,8,14%,12,21%,20,35%,,,5,9%
3,Victoria,120,JACKSON,Not Economically Disadvantaged,138,132,96%,132,96%,,,129,93%,47,34%,58,42%,105,76%,,,69,50%
3,Victoria,120,JACKSON,Economically Disadvantaged,121,117,97%,111,92%,,,96,79%,13,11%,36,30%,49,41%,,,19,16%
3,Victoria,128,KARNES,Not Economically Disadvantaged,61,60,98%,58,95%,,,57,93%,28,46%,21,34%,49,80%,,,31,51%
3,Victoria,128,KARNES,Economically Disadvantaged,113,109,96%,93,82%,16,14%,92,81%,11,10%,32,28%,43,38%,,,17,15%
3,Victoria,143,LAVACA,Not Economically Disadvantaged,96,93,97%,93,97%,,,87,91%,31,32%,43,45%,74,77%,,,56,58%
3,Victoria,143,LAVACA,Economically Disadvantaged,52,51,98%,47,90%,,,46,88%,,,15,29%,19,37%,,,9,17%
3,Victoria,158,MATAGORDA,Not Economically Disadvantaged,219,210,96%,185,84%,19,9%,185,84%,46,21%,105,48%,151,69%,7,3%,89,41%
3,Victoria,158,MATAGORDA,Economically Disadvantaged,334,325,97%,256,77%,59,18%,249,75%,35,10%,103,31%,138,41%,,,51,15%
3,Victoria,196,REFUGIO,Not Economically Disadvantaged,53,53,100%,53,100%,,,51,96%,15,28%,27,51%,42,79%,,,28,53%
3,Victoria,196,REFUGIO,Economically Disadvantaged,45,43,96%,40,89%,,,35,78%,8,18%,8,18%,16,36%,,,7,16%
3,Victoria,235,VICTORIA,Not Economically Disadvantaged,383,367,96%,340,89%,15,4%,305,80%,95,25%,154,40%,249,65%,14,4%,139,36%
3,Victoria,235,VICTORIA,Economically Disadvantaged,616,590,96%,461,75%,86,14%,415,67%,43,7%,199,32%,242,39%,16,3%,77,13%
3,Victoria,241,WHARTON,Not Economically Disadvantaged,234,226,97%,210,90%,19,8%,213,91%,55,24%,133,57%,188,80%,7,3%,121,52%
3,Victoria,241,WHARTON,Economically Disadvantaged,328,306,93%,241,73%,68,21%,252,77%,17,5%,129,39%,146,45%,,,53,16%
4,Houston,20,BRAZORIA,Not Economically Disadvantaged,2502,2434,97%,2316,93%,79,3%,2226,89%,758,30%,1026,41%,1784,71%,80,3%,1053,42%
4,Houston,20,BRAZORIA,Economically Disadvantaged,1936,1870,97%,1627,84%,219,11%,1507,78%,173,9%,676,35%,849,44%,29,2%,306,16%
4,Houston,36,CHAMBERS,Not Economically Disadvantaged,374,362,97%,349,93%,7,2%,336,90%,120,32%,164,44%,284,76%,,,161,43%
4,Houston,36,CHAMBERS,Economically Disadvantaged,145,138,95%,126,87%,8,6%,118,81%,16,11%,42,29%,58,40%,,,28,19%
4,Houston,79,FORT BEND,Not Economically Disadvantaged,4764,4584,96%,4262,89%,239,5%,4225,89%,1949,41%,1510,32%,3459,73%,139,3%,2065,43%
4,Houston,79,FORT BEND,Economically Disadvantaged,3100,2960,95%,2462,79%,439,14%,2392,77%,552,18%,950,31%,1502,48%,68,2%,609,20%
4,Houston,84,GALVESTON,Not Economically Disadvantaged,3787,3676,97%,3492,92%,104,3%,3334,88%,1310,35%,1409,37%,2719,72%,108,3%,1628,43%
4,Houston,84,GALVESTON,Economically Disadvantaged,2005,1925,96%,1627,81%,242,12%,1509,75%,239,12%,696,35%,935,47%,40,2%,380,19%
4,Houston,101,HARRIS,Not Economically Disadvantaged,25045,23810,95%,21980,88%,1332,5%,20959,84%,6726,27%,8472,34%,15198,61%,799,3%,8027,32%
4,Houston,101,HARRIS,Economically Disadvantaged,32980,31420,95%,26815,81%,3834,12%,24709,75%,4709,14%,9704,29%,14413,44%,679,2%,5111,16%
4,Houston,146,LIBERTY,Not Economically Disadvantaged,407,388,95%,353,87%,23,6%,317,78%,80,20%,149,37%,229,56%,17,4%,121,30%
4,Houston,146,LIBERTY,Economically Disadvantaged,671,634,94%,520,78%,89,13%,453,68%,50,7%,190,28%,240,36%,22,3%,87,13%
4,Houston,237,WALLER,Not Economically Disadvantaged,233,228,98%,202,87%,20,9%,196,84%,46,20%,73,31%,119,51%,,,67,29%
4,Houston,237,WALLER,Economically Disadvantaged,425,406,96%,327,77%,72,17%,323,76%,40,9%,93,22%,133,31%,8,2%,41,10%
5,Beaumont,84,GALVESTON,Not Economically Disadvantaged,,,nan,,nan,nan,nan,,nan,nan,nan,nan,nan,,nan,nan,nan,nan,nan
5,Beaumont,84,GALVESTON,Economically Disadvantaged,,,nan,,nan,nan,nan,,nan,nan,nan,nan,nan,,nan,nan,nan,nan,nan
5,Beaumont,100,HARDIN,Not Economically Disadvantaged,546,528,97%,499,91%,11,2%,464,85%,208,38%,134,25%,342,63%,17,3%,187,34%
5,Beaumont,100,HARDIN,Economically Disadvantaged,302,279,92%,246,81%,20,7%,198,66%,42,14%,64,21%,106,35%,14,5%,20,7%
5,Beaumont,121,JASPER,Not Economically Disadvantaged,249,238,96%,236,95%,,,208,84%,66,27%,87,35%,153,61%,7,3%,76,31%
5,Beaumont,121,JASPER,Economically Disadvantaged,239,221,92%,195,82%,15,6%,166,69%,35,15%,45,19%,80,33%,5,2%,30,13%
5,Beaumont,123,JEFFERSON,Not Economically Disadvantaged,1108,1066,96%,999,90%,39,4%,954,86%,412,37%,305,28%,717,65%,37,3%,395,36%
5,Beaumont,123,JEFFERSON,Economically Disadvantaged,1864,1798,96%,1581,85%,160,9%,1346,72%,297,16%,475,25%,772,41%,35,2%,288,15%
5,Beaumont,176,NEWTON,Not Economically Disadvantaged,,,nan,,nan,nan,nan,,nan,nan,nan,nan,nan,,nan,nan,nan,nan,nan
5,Beaumont,176,NEWTON,Economically Disadvantaged,,,nan,,nan,nan,nan,,nan,nan,nan,nan,nan,,nan,nan,nan,nan,nan
5,Beaumont,181,ORANGE,Not Economically Disadvantaged,651,635,98%,594,91%,22,3%,556,85%,164,25%,245,38%,409,63%,14,2%,232,36%
5,Beaumont,181,ORANGE,Economically Disadvantaged,574,535,93%,416,72%,87,15%,382,67%,46,8%,160,28%,206,36%,21,4%,63,11%
5,Beaumont,229,TYLER,Not Economically Disadvantaged,121,119,98%,115,95%,,,104,86%,26,21%,44,36%,70,58%,,,37,31%
5,Beaumont,229,TYLER,Economically Disadvantaged,123,119,97%,106,86%,,,87,71%,13,11%,24,20%,37,30%,,,10,8%
6,Huntsville,8,AUSTIN,Not Economically Disadvantaged,213,207,97%,199,93%,,,193,91%,67,31%,88,41%,155,73%,8,4%,94,44%
6,Huntsville,8,AUSTIN,Economically Disadvantaged,188,176,94%,164,87%,9,5%,153,81%,14,7%,53,28%,67,36%,,,23,12%
6,Huntsville,21,BRAZOS,Not Economically Disadvantaged,863,819,95%,769,89%,34,4%,762,88%,278,32%,289,33%,567,66%,16,2%,360,42%
6,Huntsville,21,BRAZOS,Economically Disadvantaged,1067,995,93%,676,63%,298,28%,732,69%,81,8%,252,24%,333,31%,10,1%,111,10%
6,Huntsville,26,BURLESON,Not Economically Disadvantaged,106,104,98%,102,96%,,,98,92%,30,28%,41,39%,71,67%,,,51,48%
6,Huntsville,26,BURLESON,Economically Disadvantaged,99,93,94%,84,85%,8,8%,71,72%,7,7%,21,21%,28,28%,,,7,7%
6,Huntsville,93,GRIMES,Not Economically Disadvantaged,111,106,96%,104,94%,,,101,91%,29,26%,44,40%,73,66%,,,36,32%
6,Huntsville,93,GRIMES,Economically Disadvantaged,188,183,97%,150,80%,21,11%,136,72%,25,13%,44,23%,69,37%,,,26,14%
6,Huntsville,113,HOUSTON,Not Economically Disadvantaged,97,93,96%,93,96%,,,91,94%,20,21%,41,42%,61,63%,,,37,38%
6,Huntsville,113,HOUSTON,Economically Disadvantaged,144,134,93%,112,78%,23,16%,111,77%,19,13%,39,27%,58,40%,,,18,13%
6,Huntsville,145,LEON,Not Economically Disadvantaged,135,132,98%,124,92%,,,116,86%,34,25%,58,43%,92,68%,5,4%,43,32%
6,Huntsville,145,LEON,Economically Disadvantaged,117,108,92%,102,87%,,,88,75%,15,13%,33,28%,48,41%,,,23,20%
6,Huntsville,154,MADISON,Not Economically Disadvantaged,56,53,95%,53,95%,,,52,93%,22,39%,17,30%,39,70%,,,21,38%
6,Huntsville,154,MADISON,Economically Disadvantaged,116,106,91%,96,83%,6,5%,87,75%,23,20%,27,23%,50,43%,,,17,15%
6,Huntsville,166,MILAM,Not Economically Disadvantaged,112,109,97%,108,96%,,,103,92%,32,29%,53,47%,85,76%,,,45,40%
6,Huntsville,166,MILAM,Economically Disadvantaged,203,196,97%,164,81%,25,12%,154,76%,23,11%,56,28%,79,39%,,,24,12%
6,Huntsville,170,MONTGOMERY,Not Economically Disadvantaged,4048,3868,96%,3588,89%,168,4%,3372,83%,1153,28%,1270,31%,2423,60%,154,4%,1356,34%
6,Huntsville,170,MONTGOMERY,Economically Disadvantaged,2560,2420,95%,2028,79%,339,13%,1866,73%,196,8%,707,28%,903,35%,65,3%,267,10%
6,Huntsville,187,POLK,Not Economically Disadvantaged,207,197,95%,185,89%,10,5%,169,82%,52,25%,58,28%,110,53%,,,58,28%
6,Huntsville,187,POLK,Economically Disadvantaged,321,300,93%,267,83%,25,8%,249,78%,29,9%,83,26%,112,35%,6,2%,41,13%
6,Huntsville,198,ROBERTSON,Not Economically Disadvantaged,81,78,96%,78,96%,,,77,95%,25,31%,39,48%,64,79%,,,34,42%
6,Huntsville,198,ROBERTSON,Economically Disadvantaged,147,143,97%,132,90%,7,5%,119,81%,19,13%,36,24%,55,37%,,,15,10%
6,Huntsville,204,SAN JACINTO,Not Economically Disadvantaged,96,90,94%,82,85%,,,80,83%,15,16%,35,36%,50,52%,,,23,24%
6,Huntsville,204,SAN JACINTO,Economically Disadvantaged,200,183,92%,140,70%,37,19%,133,67%,16,8%,39,20%,55,28%,,,20,10%
6,Huntsville,228,TRINITY,Not Economically Disadvantaged,56,55,98%,52,93%,,,48,86%,17,30%,19,34%,36,64%,,,16,29%
6,Huntsville,228,TRINITY,Economically Disadvantaged,130,117,90%,107,82%,15,12%,92,71%,18,14%,33,25%,51,39%,,,18,14%
6,Huntsville,236,WALKER,Not Economically Disadvantaged,221,214,97%,196,89%,17,8%,191,86%,78,35%,54,24%,132,60%,6,3%,69,31%
6,Huntsville,236,WALKER,Economically Disadvantaged,292,279,96%,236,81%,35,12%,230,79%,43,15%,69,24%,112,38%,5,2%,31,11%
6,Huntsville,239,WASHINGTON,Not Economically Disadvantaged,198,192,97%,191,96%,,,179,90%,58,29%,85,43%,143,72%,,,98,49%
6,Huntsville,239,WASHINGTON,Economically Disadvantaged,167,161,96%,143,86%,17,10%,120,72%,15,9%,38,23%,53,32%,,,17,10%
7,Kilgore,1,ANDERSON,Not Economically Disadvantaged,271,258,95%,240,89%,17,6%,215,79%,66,24%,91,34%,157,58%,6,2%,96,35%
7,Kilgore,1,ANDERSON,Economically Disadvantaged,342,325,95%,290,85%,26,8%,259,76%,38,11%,102,30%,140,41%,6,2%,55,16%
7,Kilgore,3,ANGELINA,Not Economically Disadvantaged,481,469,98%,458,95%,9,2%,446,93%,135,28%,196,41%,331,69%,,,186,39%
7,Kilgore,3,ANGELINA,Economically Disadvantaged,758,724,96%,669,88%,43,6%,627,83%,66,9%,260,34%,326,43%,17,2%,100,13%
7,Kilgore,37,CHEROKEE,Not Economically Disadvantaged,170,163,96%,152,89%,5,3%,141,83%,32,19%,79,46%,111,65%,6,4%,63,37%
7,Kilgore,37,CHEROKEE,Economically Disadvantaged,458,431,94%,368,80%,47,10%,327,71%,37,8%,109,24%,146,32%,6,1%,54,12%
7,Kilgore,92,GREGG,Not Economically Disadvantaged,747,714,96%,692,93%,14,2%,646,86%,166,22%,336,45%,502,67%,16,2%,259,35%
7,Kilgore,92,GREGG,Economically Disadvantaged,954,888,93%,812,85%,65,7%,723,76%,67,7%,316,33%,383,40%,19,2%,131,14%
7,Kilgore,102,HARRISON,Not Economically Disadvantaged,440,422,96%,404,92%,9,2%,385,88%,117,27%,162,37%,279,63%,6,1%,144,33%
7,Kilgore,102,HARRISON,Economically Disadvantaged,483,456,94%,411,85%,28,6%,379,78%,56,12%,126,26%,182,38%,,,58,12%
7,Kilgore,107,HENDERSON,Not Economically Disadvantaged,300,289,96%,276,92%,,,247,82%,61,20%,134,45%,195,65%,16,5%,105,35%
7,Kilgore,107,HENDERSON,Economically Disadvantaged,431,412,96%,384,89%,23,5%,336,78%,42,10%,128,30%,170,39%,11,3%,63,15%
7,Kilgore,174,NACOGDOCHES,Not Economically Disadvantaged,352,345,98%,334,95%,,,317,90%,133,38%,112,32%,245,70%,8,2%,148,42%
7,Kilgore,174,NACOGDOCHES,Economically Disadvantaged,473,437,92%,380,80%,65,14%,341,72%,50,11%,120,25%,170,36%,8,2%,67,14%
7,Kilgore,183,PANOLA,Not Economically Disadvantaged,168,159,95%,147,88%,7,4%,133,79%,43,26%,63,38%,106,63%,,,69,41%
7,Kilgore,183,PANOLA,Economically Disadvantaged,141,135,96%,116,82%,9,6%,104,74%,11,8%,58,41%,69,49%,7,5%,25,18%
7,Kilgore,190,RAINS,Not Economically Disadvantaged,66,66,100%,62,94%,,,58,88%,20,30%,23,35%,43,65%,,,17,26%
7,Kilgore,190,RAINS,Economically Disadvantaged,70,68,97%,59,84%,5,7%,52,74%,8,11%,24,34%,32,46%,,,10,14%
7,Kilgore,201,RUSK,Not Economically Disadvantaged,218,215,99%,207,95%,,,197,90%,41,19%,98,45%,139,64%,,,69,32%
7,Kilgore,201,RUSK,Economically Disadvantaged,323,306,95%,285,88%,24,7%,267,83%,17,5%,110,34%,127,39%,5,2%,57,18%
7,Kilgore,202,SABINE,Not Economically Disadvantaged,42,40,95%,37,88%,,,37,88%,9,21%,16,38%,25,60%,,,12,29%
7,Kilgore,202,SABINE,Economically Disadvantaged,81,76,94%,69,85%,5,6%,56,69%,8,10%,20,25%,28,35%,,,8,10%
7,Kilgore,203,SAN AUGUSTINE,Not Economically Disadvantaged,16,15,94%,15,94%,,,14,88%,5,31%,5,31%,10,63%,,,,
7,Kilgore,203,SAN AUGUSTINE,Economically Disadvantaged,61,59,97%,57,93%,,,51,84%,8,13%,18,30%,26,43%,,,10,16%
7,Kilgore,210,SHELBY,Not Economically Disadvantaged,143,141,99%,136,95%,,,124,87%,34,24%,67,47%,101,71%,,,65,45%
7,Kilgore,210,SHELBY,Economically Disadvantaged,214,202,94%,179,84%,10,5%,158,74%,16,7%,81,38%,97,45%,,,31,14%
7,Kilgore,212,SMITH,Not Economically Disadvantaged,1134,1085,96%,1031,91%,38,3%,946,83%,263,23%,478,42%,741,65%,48,4%,410,36%
7,Kilgore,212,SMITH,Economically Disadvantaged,1457,1371,94%,1202,83%,131,9%,1056,72%,107,7%,477,33%,584,40%,43,3%,212,15%
7,Kilgore,230,UPSHUR,Not Economically Disadvantaged,278,267,96%,258,93%,10,4%,238,86%,54,19%,129,46%,183,66%,6,2%,98,35%
7,Kilgore,230,UPSHUR,Economically Disadvantaged,246,234,95%,218,89%,8,3%,198,80%,27,11%,72,29%,99,40%,,,43,17%
7,Kilgore,234,VAN ZANDT,Not Economically Disadvantaged,190,187,98%,178,94%,,,168,88%,54,28%,71,37%,125,66%,,,83,44%
7,Kilgore,234,VAN ZANDT,Economically Disadvantaged,198,192,97%,174,88%,8,4%,160,81%,15,8%,65,33%,80,40%,,,35,18%
7,Kilgore,250,WOOD,Not Economically Disadvantaged,227,218,96%,204,90%,,,198,87%,54,24%,92,41%,146,64%,,,82,36%
7,Kilgore,250,WOOD,Economically Disadvantaged,240,228,95%,211,88%,9,4%,182,76%,24,10%,77,32%,101,42%,6,3%,33,14%
8,Mt. Pleasant,19,BOWIE,Not Economically Disadvantaged,603,584,97%,555,92%,12,2%,525,87%,125,21%,227,38%,352,58%,15,2%,169,28%
8,Mt. Pleasant,19,BOWIE,Economically Disadvantaged,671,608,91%,543,81%,52,8%,477,71%,44,7%,199,30%,243,36%,24,4%,89,13%
8,Mt. Pleasant,32,CAMP,Not Economically Disadvantaged,42,41,98%,40,95%,,,38,90%,,,25,60%,29,69%,,,16,38%
8,Mt. Pleasant,32,CAMP,Economically Disadvantaged,140,135,96%,127,91%,,,106,76%,10,7%,45,32%,55,39%,,,24,17%
8,Mt. Pleasant,34,CASS,Not Economically Disadvantaged,166,160,96%,159,96%,,,146,88%,38,23%,66,40%,104,63%,5,3%,56,34%
8,Mt. Pleasant,34,CASS,Economically Disadvantaged,246,237,96%,214,87%,13,5%,196,80%,20,8%,76,31%,96,39%,,,38,15%
8,Mt. Pleasant,60,DELTA,Not Economically Disadvantaged,32,32,100%,32,100%,,,30,94%,,,21,66%,24,75%,,,14,44%
8,Mt. Pleasant,60,DELTA,Economically Disadvantaged,50,46,92%,45,90%,,,43,86%,5,10%,22,44%,27,54%,,,11,22%
8,Mt. Pleasant,80,FRANKLIN,Not Economically Disadvantaged,58,57,98%,,nan,nan,nan,52,90%,12,21%,27,47%,39,67%,,,20,34%
8,Mt. Pleasant,80,FRANKLIN,Economically Disadvantaged,52,50,96%,,nan,nan,nan,41,79%,,,24,46%,25,48%,,,11,21%
8,Mt. Pleasant,112,HOPKINS,Not Economically Disadvantaged,204,197,97%,190,93%,7,3%,179,88%,76,37%,68,33%,144,71%,5,2%,85,42%
8,Mt. Pleasant,112,HOPKINS,Economically Disadvantaged,266,250,94%,212,80%,31,12%,207,78%,30,11%,96,36%,126,47%,7,3%,53,20%
8,Mt. Pleasant,139,LAMAR,Not Economically Disadvantaged,327,317,97%,300,92%,8,2%,286,87%,69,21%,159,49%,228,70%,5,2%,125,38%
8,Mt. Pleasant,139,LAMAR,Economically Disadvantaged,335,304,91%,262,78%,32,10%,232,69%,24,7%,125,37%,149,44%,9,3%,57,17%
8,Mt. Pleasant,155,MARION,Not Economically Disadvantaged,25,23,92%,,nan,nan,nan,23,92%,5,20%,11,44%,16,64%,,,10,40%
8,Mt. Pleasant,155,MARION,Economically Disadvantaged,60,55,92%,,nan,nan,nan,46,77%,8,13%,18,30%,26,43%,,,9,15%
8,Mt. Pleasant,172,MORRIS,Not Economically Disadvantaged,65,60,92%,57,88%,,,49,75%,8,12%,28,43%,36,55%,,,17,26%
8,Mt. Pleasant,172,MORRIS,Economically Disadvantaged,108,99,92%,88,81%,12,11%,85,79%,12,11%,39,36%,51,47%,,,14,13%
8,Mt. Pleasant,194,RED RIVER,Not Economically Disadvantaged,60,58,97%,58,97%,,,57,95%,,,35,58%,39,65%,,,20,33%
8,Mt. Pleasant,194,RED RIVER,Economically Disadvantaged,132,121,92%,110,83%,6,5%,97,73%,8,6%,55,42%,63,48%,,,28,21%
8,Mt. Pleasant,225,TITUS,Not Economically Disadvantaged,153,145,95%,132,86%,13,9%,129,84%,25,16%,78,51%,103,67%,8,5%,55,36%
8,Mt. Pleasant,225,TITUS,Economically Disadvantaged,366,346,95%,285,78%,47,13%,287,78%,17,5%,142,39%,159,43%,7,2%,73,20%
9,Wichita Falls,5,ARCHER,Not Economically Disadvantaged,97,96,99%,93,96%,,,92,95%,40,41%,31,32%,71,73%,,,53,55%
9,Wichita Falls,5,ARCHER,Economically Disadvantaged,54,52,96%,49,91%,,,41,76%,5,9%,13,24%,18,33%,,,6,11%
9,Wichita Falls,12,BAYLOR,Not Economically Disadvantaged,24,23,96%,22,92%,,,21,88%,10,42%,9,38%,19,79%,,,11,46%
9,Wichita Falls,12,BAYLOR,Economically Disadvantaged,20,20,100%,18,90%,,,15,75%,,,7,35%,10,50%,,,,
9,Wichita Falls,39,CLAY,Not Economically Disadvantaged,73,73,100%,,nan,nan,nan,70,96%,20,27%,29,40%,49,67%,,,20,27%
9,Wichita Falls,39,CLAY,Economically Disadvantaged,62,58,94%,,nan,nan,nan,49,79%,6,10%,11,18%,17,27%,,,9,15%
9,Wichita Falls,78,FOARD,Not Economically Disadvantaged,8,8,100%,8,100%,,,8,100%,5,63%,,,6,75%,,,5,63%
9,Wichita Falls,78,FOARD,Economically Disadvantaged,11,9,82%,10,91%,,,8,73%,,,,,5,45%,,,,
9,Wichita Falls,99,HARDEMAN,Not Economically Disadvantaged,19,19,100%,,nan,nan,nan,18,95%,7,37%,,,11,58%,,,6,32%
9,Wichita Falls,99,HARDEMAN,Economically Disadvantaged,29,27,93%,,nan,nan,nan,22,76%,,,11,38%,13,45%,,,6,21%
9,Wichita Falls,119,JACK,Not Economically Disadvantaged,70,70,100%,67,96%,,,64,91%,17,24%,35,50%,52,74%,,,34,49%
9,Wichita Falls,119,JACK,Economically Disadvantaged,36,33,92%,32,89%,,,29,81%,,,10,28%,10,28%,,,,
9,Wichita Falls,138,KNOX,Not Economically Disadvantaged,11,10,91%,11,100%,,,11,100%,,,6,55%,10,91%,,,7,64%
9,Wichita Falls,138,KNOX,Economically Disadvantaged,27,27,100%,24,89%,,,22,81%,5,19%,,,8,30%,,,5,19%
9,Wichita Falls,169,MONTAGUE,Not Economically Disadvantaged,132,129,98%,125,95%,,,119,90%,44,33%,39,30%,83,63%,,,42,32%
9,Wichita Falls,169,MONTAGUE,Economically Disadvantaged,118,110,93%,101,86%,9,8%,90,76%,17,14%,22,19%,39,33%,,,18,15%
9,Wichita Falls,224,THROCKMORTON,Not Economically Disadvantaged,14,14,100%,13,93%,,,12,86%,5,36%,,,9,64%,,,5,36%
9,Wichita Falls,224,THROCKMORTON,Economically Disadvantaged,13,13,100%,12,92%,,,9,69%,,,5,38%,7,54%,,,,
9,Wichita Falls,243,WICHITA,Not Economically Disadvantaged,737,696,94%,660,90%,16,2%,637,86%,270,37%,211,29%,481,65%,21,3%,244,33%
9,Wichita Falls,243,WICHITA,Economically Disadvantaged,832,762,92%,669,80%,84,10%,630,76%,97,12%,176,21%,273,33%,15,2%,94,11%
9,Wichita Falls,244,WILBARGER,Not Economically Disadvantaged,77,73,95%,71,92%,,,66,86%,18,23%,34,44%,52,68%,,,25,32%
9,Wichita Falls,244,WILBARGER,Economically Disadvantaged,102,91,89%,89,87%,7,7%,81,79%,5,5%,37,36%,42,41%,,,15,15%
9,Wichita Falls,252,YOUNG,Not Economically Disadvantaged,108,105,97%,102,94%,,,99,92%,43,40%,21,19%,64,59%,,,34,31%
9,Wichita Falls,252,YOUNG,Economically Disadvantaged,132,127,96%,116,88%,12,9%,103,78%,19,14%,28,21%,47,36%,,,18,14%
10,Richardson,43,COLLIN,Not Economically Disadvantaged,9714,9309,96%,8895,92%,219,2%,8544,88%,3037,31%,3306,34%,6343,65%,318,3%,3718,38%
10,Richardson,43,COLLIN,Economically Disadvantaged,2629,2500,95%,2201,84%,245,9%,2086,79%,307,12%,822,31%,1129,43%,40,2%,442,17%
10,Richardson,57,DALLAS,Not Economically Disadvantaged,10140,9601,95%,8948,88%,534,5%,8573,85%,3048,30%,3252,32%,6300,62%,307,3%,3222,32%
10,Richardson,57,DALLAS,Economically Disadvantaged,22478,20922,93%,18299,81%,2646,12%,17183,76%,2924,13%,6337,28%,9261,41%,335,1%,3045,14%
10,Richardson,70,ELLIS,Not Economically Disadvantaged,1346,1309,97%,1230,91%,50,4%,1180,88%,407,30%,507,38%,914,68%,35,3%,520,39%
10,Richardson,70,ELLIS,Economically Disadvantaged,1112,1062,96%,940,85%,108,10%,874,79%,117,11%,356,32%,473,43%,11,1%,179,16%
10,Richardson,74,FANNIN,Not Economically Disadvantaged,195,188,96%,184,94%,,,176,90%,53,27%,76,39%,129,66%,,,65,33%
10,Richardson,74,FANNIN,Economically Disadvantaged,217,204,94%,189,87%,9,4%,166,77%,24,11%,58,27%,82,38%,,,29,13%
10,Richardson,91,GRAYSON,Not Economically Disadvantaged,816,778,95%,747,92%,19,2%,706,87%,205,25%,365,45%,570,70%,26,3%,319,39%
10,Richardson,91,GRAYSON,Economically Disadvantaged,787,737,94%,642,82%,63,8%,557,71%,61,8%,244,31%,305,39%,20,3%,100,13%
10,Richardson,116,HUNT,Not Economically Disadvantaged,465,441,95%,413,89%,11,2%,378,81%,133,29%,160,34%,293,63%,22,5%,148,32%
10,Richardson,116,HUNT,Economically Disadvantaged,583,552,95%,488,84%,51,9%,407,70%,73,13%,152,26%,225,39%,20,3%,85,15%
10,Richardson,129,KAUFMAN,Not Economically Disadvantaged,1033,998,97%,957,93%,28,3%,907,88%,252,24%,420,41%,672,65%,26,3%,343,33%
10,Richardson,129,KAUFMAN,Economically Disadvantaged,886,841,95%,746,84%,79,9%,678,77%,93,11%,250,28%,343,39%,15,2%,117,13%
10,Richardson,199,ROCKWALL,Not Economically Disadvantaged,1037,1010,97%,944,91%,40,4%,913,88%,341,33%,385,37%,726,70%,47,5%,374,36%
10,Richardson,199,ROCKWALL,Economically Disadvantaged,419,400,95%,328,78%,65,16%,316,75%,52,12%,133,32%,185,44%,7,2%,55,13%
10,Richardson,234,VAN ZANDT,Not Economically Disadvantaged,186,178,96%,167,90%,6,3%,153,82%,50,27%,64,34%,114,61%,7,4%,69,37%
10,Richardson,234,VAN ZANDT,Economically Disadvantaged,191,181,95%,169,88%,10,5%,148,77%,27,14%,50,26%,77,40%,,,26,14%
11,Fort Worth,49,COOKE,Not Economically Disadvantaged,218,209,96%,208,95%,,,197,90%,59,27%,90,41%,149,68%,5,2%,92,42%
11,Fort Worth,49,COOKE,Economically Disadvantaged,223,209,94%,192,86%,11,5%,167,75%,16,7%,75,34%,91,41%,5,2%,38,17%
11,Fort Worth,61,DENTON,Not Economically Disadvantaged,5891,5711,97%,5454,93%,170,3%,5216,89%,1786,30%,1894,32%,3680,62%,144,2%,1963,33%
11,Fort Worth,61,DENTON,Economically Disadvantaged,2428,2308,95%,2053,85%,204,8%,1871,77%,260,11%,615,25%,875,36%,47,2%,311,13%
11,Fort Worth,72,ERATH,Not Economically Disadvantaged,173,164,95%,149,86%,9,5%,144,83%,69,40%,61,35%,130,75%,10,6%,82,47%
11,Fort Worth,72,ERATH,Economically Disadvantaged,232,212,91%,171,74%,32,14%,153,66%,25,11%,57,25%,82,35%,6,3%,37,16%
11,Fort Worth,111,HOOD,Not Economically Disadvantaged,326,317,97%,294,90%,6,2%,275,84%,117,36%,95,29%,212,65%,11,3%,115,35%
11,Fort Worth,111,HOOD,Economically Disadvantaged,245,232,95%,213,87%,13,5%,185,76%,16,7%,64,26%,80,33%,,,32,13%
11,Fort Worth,126,JOHNSON,Not Economically Disadvantaged,1236,1204,97%,1120,91%,60,5%,1102,89%,330,27%,457,37%,787,64%,28,2%,411,33%
11,Fort Worth,126,JOHNSON,Economically Disadvantaged,1121,1049,94%,908,81%,108,10%,862,77%,106,9%,347,31%,453,40%,25,2%,151,13%
11,Fort Worth,182,PALO PINTO,Not Economically Disadvantaged,171,169,99%,165,96%,,,154,90%,40,23%,67,39%,107,63%,,,66,39%
11,Fort Worth,182,PALO PINTO,Economically Disadvantaged,189,168,89%,151,80%,15,8%,137,72%,8,4%,53,28%,61,32%,5,3%,21,11%
11,Fort Worth,184,PARKER,Not Economically Disadvantaged,1029,986,96%,946,92%,20,2%,901,88%,297,29%,419,41%,716,70%,42,4%,389,38%
11,Fort Worth,184,PARKER,Economically Disadvantaged,492,466,95%,403,82%,46,9%,354,72%,38,8%,141,29%,179,36%,13,3%,55,11%
11,Fort Worth,213,SOMERVELL,Not Economically Disadvantaged,68,66,97%,65,96%,,,62,91%,34,50%,19,28%,53,78%,,,32,47%
11,Fort Worth,213,SOMERVELL,Economically Disadvantaged,56,55,98%,51,91%,,,45,80%,9,16%,5,9%,14,25%,,,5,9%
11,Fort Worth,220,TARRANT,Not Economically Disadvantaged,12345,11783,95%,10885,88%,668,5%,10452,85%,3673,30%,4133,33%,7806,63%,360,3%,4132,33%
11,Fort Worth,220,TARRANT,Economically Disadvantaged,12265,11557,94%,9460,77%,1857,15%,9006,73%,1539,13%,3610,29%,5149,42%,264,2%,1740,14%
11,Fort Worth,249,WISE,Not Economically Disadvantaged,423,414,98%,402,95%,,,359,85%,129,31%,154,36%,283,67%,11,3%,143,34%
11,Fort Worth,249,WISE,Economically Disadvantaged,302,285,94%,273,90%,13,4%,236,78%,32,11%,74,25%,106,35%,,,45,15%
12,Waco,14,BELL,Not Economically Disadvantaged,2189,2004,92%,1783,81%,122,6%,1729,79%,541,25%,803,37%,1344,61%,72,3%,689,31%
12,Waco,14,BELL,Economically Disadvantaged,2115,1884,89%,1430,68%,341,16%,1398,66%,182,9%,597,28%,779,37%,61,3%,237,11%
12,Waco,18,BOSQUE,Not Economically Disadvantaged,105,101,96%,94,90%,,,90,86%,37,35%,36,34%,73,70%,,,49,47%
12,Waco,18,BOSQUE,Economically Disadvantaged,129,119,92%,116,90%,,,102,79%,17,13%,53,41%,70,54%,7,5%,28,22%
12,Waco,50,CORYELL,Not Economically Disadvantaged,492,456,93%,400,81%,35,7%,404,82%,133,27%,159,32%,292,59%,16,3%,146,30%
12,Waco,50,CORYELL,Economically Disadvantaged,350,321,92%,253,72%,47,13%,254,73%,45,13%,98,28%,143,41%,7,2%,47,13%
12,Waco,73,FALLS,Not Economically Disadvantaged,38,35,92%,34,89%,,,32,84%,7,18%,16,42%,23,61%,,,15,39%
12,Waco,73,FALLS,Economically Disadvantaged,124,116,94%,109,88%,5,4%,99,80%,13,10%,41,33%,54,44%,,,17,14%
12,Waco,81,FREESTONE,Not Economically Disadvantaged,132,126,95%,123,93%,,,112,85%,35,27%,56,42%,91,69%,,,54,41%
12,Waco,81,FREESTONE,Economically Disadvantaged,116,110,95%,97,84%,5,4%,87,75%,6,5%,44,38%,50,43%,5,4%,15,13%
12,Waco,97,HAMILTON,Not Economically Disadvantaged,68,67,99%,67,99%,,,66,97%,28,41%,21,31%,49,72%,,,30,44%
12,Waco,97,HAMILTON,Economically Disadvantaged,67,64,96%,56,84%,,,49,73%,11,16%,16,24%,27,40%,,,10,15%
12,Waco,109,HILL,Not Economically Disadvantaged,182,176,97%,168,92%,5,3%,159,87%,61,34%,76,42%,137,75%,9,5%,77,42%
12,Waco,109,HILL,Economically Disadvantaged,307,290,94%,267,87%,15,5%,244,79%,16,5%,124,40%,140,46%,9,3%,46,15%
12,Waco,141,LAMPASAS,Not Economically Disadvantaged,143,136,95%,133,93%,,,123,86%,44,31%,37,26%,81,57%,,,40,28%
12,Waco,141,LAMPASAS,Economically Disadvantaged,156,140,90%,121,78%,12,8%,101,65%,16,10%,34,22%,50,32%,6,4%,13,8%
12,Waco,147,LIMESTONE,Not Economically Disadvantaged,97,92,95%,88,91%,,,80,82%,18,19%,42,43%,60,62%,,,37,38%
12,Waco,147,LIMESTONE,Economically Disadvantaged,161,157,98%,146,91%,9,6%,133,83%,20,12%,52,32%,72,45%,,,23,14%
12,Waco,161,MCLENNAN,Not Economically Disadvantaged,1272,1227,96%,1167,92%,42,3%,1125,88%,337,26%,615,48%,952,75%,39,3%,574,45%
12,Waco,161,MCLENNAN,Economically Disadvantaged,1948,1840,94%,1572,81%,241,12%,1460,75%,172,9%,784,40%,956,49%,50,3%,345,18%
12,Waco,167,MILLS,Not Economically Disadvantaged,31,31,100%,31,100%,,,31,100%,16,52%,9,29%,25,81%,,,20,65%
12,Waco,167,MILLS,Economically Disadvantaged,42,40,95%,34,81%,,,32,76%,7,17%,10,24%,17,40%,,,9,21%
12,Waco,175,NAVARRO,Not Economically Disadvantaged,239,228,95%,220,92%,5,2%,205,86%,56,23%,113,47%,169,71%,5,2%,95,40%
12,Waco,175,NAVARRO,Economically Disadvantaged,462,436,94%,413,89%,25,5%,350,76%,25,5%,203,44%,228,49%,13,3%,79,17%
13,Austin,11,BASTROP,Not Economically Disadvantaged,401,385,96%,340,85%,41,10%,348,87%,125,31%,114,28%,239,60%,10,2%,128,32%
13,Austin,11,BASTROP,Economically Disadvantaged,700,665,95%,528,75%,142,20%,564,81%,91,13%,148,21%,239,34%,,,70,10%
13,Austin,14,BELL,Not Economically Disadvantaged,,,nan,,nan,nan,nan,,nan,nan,nan,nan,nan,,nan,nan,nan,nan,nan
13,Austin,14,BELL,Economically Disadvantaged,,,nan,,nan,nan,nan,,nan,nan,nan,nan,nan,,nan,nan,nan,nan,nan
13,Austin,16,BLANCO,Not Economically Disadvantaged,82,81,99%,78,95%,,,72,88%,29,35%,24,29%,53,65%,,,23,28%
13,Austin,16,BLANCO,Economically Disadvantaged,48,46,96%,44,92%,,,41,85%,8,17%,14,29%,22,46%,,,8,17%
13,Austin,27,BURNET,Not Economically Disadvantaged,247,238,96%,224,91%,8,3%,221,89%,101,41%,60,24%,161,65%,8,3%,91,37%
13,Austin,27,BURNET,Economically Disadvantaged,309,292,95%,254,82%,26,8%,226,73%,29,9%,72,23%,101,33%,,,38,12%
13,Austin,28,CALDWELL,Not Economically Disadvantaged,156,154,99%,145,93%,,,144,92%,58,37%,33,21%,91,58%,,,45,29%
13,Austin,28,CALDWELL,Economically Disadvantaged,297,287,97%,277,93%,10,3%,240,81%,31,10%,45,15%,76,26%,,,18,6%
13,Austin,46,COMAL,Not Economically Disadvantaged,1342,1282,96%,1238,92%,25,2%,1194,89%,546,41%,333,25%,879,66%,22,2%,533,40%
13,Austin,46,COMAL,Economically Disadvantaged,698,666,95%,587,84%,62,9%,529,76%,87,12%,160,23%,247,35%,11,2%,93,13%
13,Austin,75,FAYETTE,Not Economically Disadvantaged,146,143,98%,132,90%,9,6%,135,92%,45,31%,57,39%,102,70%,,,64,44%
13,Austin,75,FAYETTE,Economically Disadvantaged,123,121,98%,102,83%,18,15%,91,74%,9,7%,26,21%,35,28%,,,13,11%
13,Austin,86,GILLESPIE,Not Economically Disadvantaged,135,130,96%,128,95%,,,124,92%,61,45%,32,24%,93,69%,,,54,40%
13,Austin,86,GILLESPIE,Economically Disadvantaged,131,128,98%,120,92%,5,4%,106,81%,23,18%,23,18%,46,35%,,,16,12%
13,Austin,89,GONZALES,Not Economically Disadvantaged,66,65,98%,62,94%,,,58,88%,19,29%,27,41%,46,70%,,,23,35%
13,Austin,89,GONZALES,Economically Disadvantaged,189,183,97%,162,86%,19,10%,142,75%,16,8%,41,22%,57,30%,,,18,10%
13,Austin,94,GUADALUPE,Not Economically Disadvantaged,1066,1015,95%,953,89%,27,3%,918,86%,377,35%,284,27%,661,62%,27,3%,387,36%
13,Austin,94,GUADALUPE,Economically Disadvantaged,705,658,93%,510,72%,125,18%,528,75%,80,11%,150,21%,230,33%,17,2%,74,11%
13,Austin,105,HAYS,Not Economically Disadvantaged,1137,1105,97%,1045,92%,44,4%,998,88%,439,39%,323,28%,762,67%,34,3%,446,39%
13,Austin,105,HAYS,Economically Disadvantaged,984,956,97%,848,86%,93,9%,786,80%,126,13%,258,26%,384,39%,20,2%,116,12%
13,Austin,130,KENDALL,Not Economically Disadvantaged,45,43,96%,42,93%,,,41,91%,19,42%,7,16%,26,58%,,,16,36%
13,Austin,130,KENDALL,Economically Disadvantaged,54,51,94%,46,85%,,,50,93%,12,22%,6,11%,18,33%,,,8,15%
13,Austin,144,LEE,Not Economically Disadvantaged,104,104,100%,95,91%,7,7%,96,92%,27,26%,38,37%,65,63%,,,34,33%
13,Austin,144,LEE,Economically Disadvantaged,140,133,95%,102,73%,30,21%,116,83%,10,7%,29,21%,39,28%,,,9,6%
13,Austin,150,LLANO,Not Economically Disadvantaged,76,75,99%,70,92%,5,7%,68,89%,29,38%,17,22%,46,61%,,,26,34%
13,Austin,150,LLANO,Economically Disadvantaged,84,78,93%,63,75%,14,17%,57,68%,12,14%,12,14%,24,29%,,,11,13%
13,Austin,166,MILAM,Not Economically Disadvantaged,,,nan,,nan,nan,nan,,nan,nan,nan,nan,nan,,nan,nan,nan,nan,nan
13,Austin,166,MILAM,Economically Disadvantaged,,,nan,,nan,nan,nan,,nan,nan,nan,nan,nan,,nan,nan,nan,nan,nan
13,Austin,227,TRAVIS,Not Economically Disadvantaged,4418,4197,95%,3990,90%,127,3%,3778,86%,1624,37%,1210,27%,2834,64%,175,4%,1613,37%
13,Austin,227,TRAVIS,Economically Disadvantaged,5588,5271,94%,4429,79%,695,12%,4014,72%,675,12%,1245,22%,1920,34%,89,2%,617,11%
13,Austin,246,WILLIAMSON,Not Economically Disadvantaged,5161,4976,96%,4799,93%,76,1%,4562,88%,2083,40%,1459,28%,3542,69%,136,3%,2200,43%
13,Austin,246,WILLIAMSON,Economically Disadvantaged,2241,2159,96%,1941,87%,159,7%,1775,79%,337,15%,602,27%,939,42%,38,2%,331,15%
14,Abilene,30,CALLAHAN,Not Economically Disadvantaged,87,86,99%,82,94%,,,82,94%,37,43%,27,31%,64,74%,,,40,46%
14,Abilene,30,CALLAHAN,Economically Disadvantaged,100,94,94%,80,80%,9,9%,66,66%,19,19%,21,21%,40,40%,,,11,11%
14,Abilene,47,COMANCHE,Not Economically Disadvantaged,46,45,98%,44,96%,,,42,91%,22,48%,12,26%,34,74%,,,22,48%
14,Abilene,47,COMANCHE,Economically Disadvantaged,120,114,95%,99,83%,15,13%,87,73%,22,18%,29,24%,51,43%,,,17,14%
14,Abilene,67,EASTLAND,Not Economically Disadvantaged,99,98,99%,94,95%,,,88,89%,36,36%,32,32%,68,69%,,,42,42%
14,Abilene,67,EASTLAND,Economically Disadvantaged,115,105,91%,97,84%,6,5%,86,75%,16,14%,40,35%,56,49%,6,5%,23,20%
14,Abilene,76,FISHER,Not Economically Disadvantaged,,,nan,,nan,nan,nan,,nan,nan,nan,nan,nan,,nan,nan,nan,nan,nan
14,Abilene,76,FISHER,Economically Disadvantaged,,,nan,,nan,nan,nan,,nan,nan,nan,nan,nan,,nan,nan,nan,nan,nan
14,Abilene,104,HASKELL,Not Economically Disadvantaged,24,24,100%,24,100%,,,23,96%,12,50%,8,33%,20,83%,,,13,54%
14,Abilene,104,HASKELL,Economically Disadvantaged,43,42,98%,36,84%,,,27,63%,7,16%,9,21%,16,37%,,,7,16%
14,Abilene,127,JONES,Not Economically Disadvantaged,89,86,97%,82,92%,,,76,85%,45,51%,16,18%,61,69%,,,39,44%
14,Abilene,127,JONES,Economically Disadvantaged,122,117,96%,107,88%,7,6%,96,79%,23,19%,34,28%,57,47%,,,16,13%
14,Abilene,168,MITCHELL,Not Economically Disadvantaged,47,46,98%,43,91%,,,37,79%,19,40%,14,30%,33,70%,,,16,34%
14,Abilene,168,MITCHELL,Economically Disadvantaged,49,46,94%,42,86%,,,34,69%,,,15,31%,19,39%,,,9,18%
14,Abilene,177,NOLAN,Not Economically Disadvantaged,81,78,96%,72,89%,,,71,88%,32,40%,24,30%,56,69%,,,29,36%
14,Abilene,177,NOLAN,Economically Disadvantaged,140,130,93%,102,73%,20,14%,90,64%,25,18%,29,21%,54,39%,,,14,10%
14,Abilene,208,SCURRY,Not Economically Disadvantaged,129,128,99%,122,95%,,,121,94%,26,20%,58,45%,84,65%,,,56,43%
14,Abilene,208,SCURRY,Economically Disadvantaged,104,100,96%,92,88%,6,6%,79,76%,,,44,42%,48,46%,,,23,22%
14,Abilene,209,SHACKELFORD,Not Economically Disadvantaged,22,21,95%,21,95%,,,22,100%,12,55%,5,23%,17,77%,,,13,59%
14,Abilene,209,SHACKELFORD,Economically Disadvantaged,25,24,96%,23,92%,,,18,72%,,,7,28%,10,40%,,,5,20%
14,Abilene,215,STEPHENS,Not Economically Disadvantaged,47,47,100%,43,91%,,,39,83%,16,34%,12,26%,28,60%,,,11,23%
14,Abilene,215,STEPHENS,Economically Disadvantaged,63,59,94%,56,89%,,,53,84%,7,11%,19,30%,26,41%,,,10,16%
14,Abilene,217,STONEWALL,Not Economically Disadvantaged,,,nan,,nan,nan,nan,,nan,nan,nan,nan,nan,,nan,nan,nan,nan,nan
14,Abilene,217,STONEWALL,Economically Disadvantaged,,,nan,,nan,nan,nan,,nan,nan,nan,nan,nan,,nan,nan,nan,nan,nan
14,Abilene,221,TAYLOR,Not Economically Disadvantaged,931,851,91%,785,84%,45,5%,732,79%,335,36%,252,27%,587,63%,37,4%,346,37%
14,Abilene,221,TAYLOR,Economically Disadvantaged,1013,902,89%,742,73%,131,13%,669,66%,136,13%,211,21%,347,34%,28,3%,116,11%
15,San Angelo,25,BROWN,Not Economically Disadvantaged,198,194,98%,186,94%,9,5%,182,92%,79,40%,48,24%,127,64%,,,76,38%
15,San Angelo,25,BROWN,Economically Disadvantaged,292,267,91%,235,80%,28,10%,229,78%,40,14%,56,19%,96,33%,,,33,11%
15,San Angelo,41,COKE,Not Economically Disadvantaged,19,19,100%,19,100%,,,19,100%,9,47%,7,37%,16,84%,,,9,47%
15,San Angelo,41,COKE,Economically Disadvantaged,15,15,100%,15,100%,,,13,87%,,,6,40%,9,60%,,,,
15,San Angelo,42,COLEMAN,Not Economically Disadvantaged,42,41,98%,39,93%,,,36,86%,12,29%,12,29%,24,57%,,,12,29%
15,San Angelo,42,COLEMAN,Economically Disadvantaged,74,71,96%,64,86%,,,53,72%,14,19%,14,19%,28,38%,,,11,15%
15,San Angelo,48,CONCHO,Not Economically Disadvantaged,9,8,89%,8,89%,,,8,89%,6,67%,,,6,67%,,,,
15,San Angelo,48,CONCHO,Economically Disadvantaged,19,19,100%,19,100%,,,16,84%,8,42%,,,10,53%,,,,
15,San Angelo,53,CROCKETT,Not Economically Disadvantaged,16,16,100%,,nan,nan,nan,15,94%,8,50%,,,8,50%,,,,
15,San Angelo,53,CROCKETT,Economically Disadvantaged,39,38,97%,,nan,nan,nan,28,72%,,,6,15%,10,26%,,,,
15,San Angelo,69,EDWARDS,Not Economically Disadvantaged,12,11,92%,11,92%,,,11,92%,,,,,6,50%,,,5,42%
15,San Angelo,69,EDWARDS,Economically Disadvantaged,30,26,87%,25,83%,,,25,83%,7,23%,8,27%,15,50%,,,8,27%
15,San Angelo,118,IRION,Not Economically Disadvantaged,,,nan,,nan,nan,nan,,nan,nan,nan,nan,nan,,nan,nan,nan,nan,nan
15,San Angelo,118,IRION,Economically Disadvantaged,,,nan,,nan,nan,nan,,nan,nan,nan,nan,nan,,nan,nan,nan,nan,nan
15,San Angelo,134,KIMBLE,Not Economically Disadvantaged,19,19,100%,,nan,nan,nan,19,100%,11,58%,,,14,74%,,,10,53%
15,San Angelo,134,KIMBLE,Economically Disadvantaged,24,21,88%,,nan,nan,nan,20,83%,,,6,25%,9,38%,,,,
15,San Angelo,157,MASON,Not Economically Disadvantaged,15,15,100%,15,100%,,,14,93%,7,47%,,,11,73%,,,6,40%
15,San Angelo,157,MASON,Economically Disadvantaged,33,33,100%,33,100%,,,24,73%,12,36%,,,16,48%,,,9,27%
15,San Angelo,160,MCCULLOCH,Not Economically Disadvantaged,33,32,97%,31,94%,,,30,91%,15,45%,11,33%,26,79%,,,15,45%
15,San Angelo,160,MCCULLOCH,Economically Disadvantaged,75,70,93%,67,89%,,,58,77%,10,13%,19,25%,29,39%,,,10,13%
15,San Angelo,164,MENARD,Not Economically Disadvantaged,,,nan,,nan,nan,nan,,nan,nan,nan,nan,nan,,nan,nan,nan,nan,nan
15,San Angelo,164,MENARD,Economically Disadvantaged,,,nan,,nan,nan,nan,,nan,nan,nan,nan,nan,,nan,nan,nan,nan,nan
15,San Angelo,200,RUNNELS,Not Economically Disadvantaged,84,83,99%,81,96%,,,73,87%,41,49%,19,23%,60,71%,,,39,46%
15,San Angelo,200,RUNNELS,Economically Disadvantaged,76,75,99%,65,86%,,,57,75%,14,18%,15,20%,29,38%,,,10,13%
15,San Angelo,206,SAN SABA,Not Economically Disadvantaged,23,23,100%,22,96%,,,21,91%,13,57%,6,26%,19,83%,,,11,48%
15,San Angelo,206,SAN SABA,Economically Disadvantaged,46,44,96%,32,70%,7,15%,33,72%,5,11%,9,20%,14,30%,,,8,17%
15,San Angelo,207,SCHLEICHER,Not Economically Disadvantaged,25,25,100%,25,100%,,,25,100%,10,40%,7,28%,17,68%,,,9,36%
15,San Angelo,207,SCHLEICHER,Economically Disadvantaged,13,12,92%,13,100%,,,12,92%,,,,,5,38%,,,5,38%
15,San Angelo,216,STERLING,Not Economically Disadvantaged,9,9,100%,9,100%,,,9,100%,7,78%,,,9,100%,,,5,56%
15,San Angelo,216,STERLING,Economically Disadvantaged,11,11,100%,9,82%,,,8,73%,,,,,5,45%,,,,
15,San Angelo,218,SUTTON,Not Economically Disadvantaged,36,35,97%,35,97%,,,33,92%,17,47%,6,17%,23,64%,,,16,44%
15,San Angelo,218,SUTTON,Economically Disadvantaged,36,32,89%,30,83%,,,30,83%,7,19%,7,19%,14,39%,,,7,19%
15,San Angelo,226,TOM GREEN,Not Economically Disadvantaged,617,595,96%,563,91%,9,1%,537,87%,317,51%,95,15%,412,67%,12,2%,250,41%
15,San Angelo,226,TOM GREEN,Economically Disadvantaged,666,643,97%,585,88%,50,8%,522,78%,125,19%,129,19%,254,38%,6,1%,89,13%
15,San Angelo,233,VAL VERDE,Not Economically Disadvantaged,206,192,93%,183,89%,5,2%,182,88%,63,31%,84,41%,147,71%,,,88,43%
15,San Angelo,233,VAL VERDE,Economically Disadvantaged,559,519,93%,489,87%,40,7%,427,76%,66,12%,208,37%,274,49%,9,2%,117,21%
16,Amarillo,6,ARMSTRONG,Not Economically Disadvantaged,17,17,100%,,nan,nan,nan,17,100%,5,29%,9,53%,14,82%,,,7,41%
16,Amarillo,6,ARMSTRONG,Economically Disadvantaged,10,10,100%,,nan,nan,nan,8,80%,,,5,50%,7,70%,,,,
16,Amarillo,23,BRISCOE,Not Economically Disadvantaged,,,nan,,nan,nan,nan,,nan,nan,nan,nan,nan,,nan,nan,nan,nan,nan
16,Amarillo,23,BRISCOE,Economically Disadvantaged,,,nan,,nan,nan,nan,,nan,nan,nan,nan,nan,,nan,nan,nan,nan,nan
16,Amarillo,33,CARSON,Not Economically Disadvantaged,53,52,98%,,nan,nan,nan,48,91%,15,28%,27,51%,42,79%,,,24,45%
16,Amarillo,33,CARSON,Economically Disadvantaged,31,27,87%,,nan,nan,nan,24,77%,5,16%,11,35%,16,52%,,,,
16,Amarillo,35,CASTRO,Not Economically Disadvantaged,46,45,98%,42,91%,,,38,83%,21,46%,9,20%,30,65%,,,22,48%
16,Amarillo,35,CASTRO,Economically Disadvantaged,80,76,95%,72,90%,,,68,85%,10,13%,20,25%,30,38%,,,12,15%
16,Amarillo,38,CHILDRESS,Not Economically Disadvantaged,48,43,90%,44,92%,,,41,85%,20,42%,9,19%,29,60%,,,15,31%
16,Amarillo,38,CHILDRESS,Economically Disadvantaged,50,49,98%,45,90%,,,38,76%,5,10%,8,16%,13,26%,,,,
16,Amarillo,44,COLLINGSWORTH,Not Economically Disadvantaged,17,17,100%,16,94%,,,16,94%,11,65%,,,12,71%,,,9,53%
16,Amarillo,44,COLLINGSWORTH,Economically Disadvantaged,31,30,97%,27,87%,,,24,77%,5,16%,6,19%,11,35%,,,5,16%
16,Amarillo,56,DALLAM,Not Economically Disadvantaged,68,65,96%,62,91%,,,62,91%,25,37%,15,22%,40,59%,,,25,37%
16,Amarillo,56,DALLAM,Economically Disadvantaged,83,71,86%,63,76%,11,13%,54,65%,5,6%,14,17%,19,23%,,,8,10%
16,Amarillo,59,DEAF SMITH,Not Economically Disadvantaged,75,74,99%,74,99%,,,67,89%,21,28%,23,31%,44,59%,,,27,36%
16,Amarillo,59,DEAF SMITH,Economically Disadvantaged,240,233,97%,190,79%,34,14%,164,68%,22,9%,66,28%,88,37%,,,33,14%
16,Amarillo,65,DONLEY,Not Economically Disadvantaged,15,14,93%,13,87%,,,13,87%,,,8,53%,11,73%,,,7,47%
16,Amarillo,65,DONLEY,Economically Disadvantaged,21,19,90%,17,81%,,,18,86%,,,11,52%,14,67%,,,8,38%
16,Amarillo,90,GRAY,Not Economically Disadvantaged,120,118,98%,116,97%,,,111,93%,38,32%,39,33%,77,64%,,,43,36%
16,Amarillo,90,GRAY,Economically Disadvantaged,162,157,97%,152,94%,,,132,81%,15,9%,38,23%,53,33%,,,16,10%
16,Amarillo,96,HALL,Not Economically Disadvantaged,29,27,93%,27,93%,,,27,93%,15,52%,9,31%,24,83%,,,16,55%
16,Amarillo,96,HALL,Economically Disadvantaged,30,27,90%,27,90%,,,24,80%,,,13,43%,16,53%,,,6,20%
16,Amarillo,98,HANSFORD,Not Economically Disadvantaged,42,42,100%,40,95%,,,37,88%,13,31%,7,17%,20,48%,,,12,29%
16,Amarillo,98,HANSFORD,Economically Disadvantaged,54,53,98%,51,94%,,,49,91%,8,15%,12,22%,20,37%,,,10,19%
16,Amarillo,103,HARTLEY,Not Economically Disadvantaged,,,nan,,nan,nan,nan,,nan,nan,nan,nan,nan,,nan,nan,nan,nan,nan
16,Amarillo,103,HARTLEY,Economically Disadvantaged,,,nan,,nan,nan,nan,,nan,nan,nan,nan,nan,,nan,nan,nan,nan,nan
16,Amarillo,106,HEMPHILL,Not Economically Disadvantaged,,,nan,,nan,nan,nan,,nan,nan,nan,nan,nan,,nan,nan,nan,nan,nan
16,Amarillo,106,HEMPHILL,Economically Disadvantaged,,,nan,,nan,nan,nan,,nan,nan,nan,nan,nan,,nan,nan,nan,nan,nan
16,Amarillo,117,HUTCHINSON,Not Economically Disadvantaged,171,164,96%,155,91%,,,146,85%,37,22%,73,43%,110,64%,9,5%,46,27%
16,Amarillo,117,HUTCHINSON,Economically Disadvantaged,169,157,93%,150,89%,6,4%,130,77%,,,66,39%,70,41%,7,4%,27,16%
16,Amarillo,148,LIPSCOMB,Not Economically Disadvantaged,24,23,96%,22,92%,,,20,83%,9,38%,,,11,46%,,,7,29%
16,Amarillo,148,LIPSCOMB,Economically Disadvantaged,33,30,91%,29,88%,,,24,73%,5,15%,5,15%,10,30%,,,5,15%
16,Amarillo,171,MOORE,Not Economically Disadvantaged,124,119,96%,117,94%,,,107,86%,28,23%,56,45%,84,68%,,,36,29%
16,Amarillo,171,MOORE,Economically Disadvantaged,198,188,95%,181,91%,5,3%,154,78%,13,7%,76,38%,89,45%,,,48,24%
16,Amarillo,179,OCHILTREE,Not Economically Disadvantaged,61,54,89%,51,84%,7,11%,52,85%,16,26%,16,26%,32,52%,,,19,31%
16,Amarillo,179,OCHILTREE,Economically Disadvantaged,86,68,79%,59,69%,19,22%,65,76%,7,8%,18,21%,25,29%,,,10,12%
16,Amarillo,180,OLDHAM,Not Economically Disadvantaged,37,37,100%,34,92%,,,32,86%,18,49%,10,27%,28,76%,,,17,46%
16,Amarillo,180,OLDHAM,Economically Disadvantaged,55,50,91%,40,73%,5,9%,34,62%,5,9%,13,24%,18,33%,,,10,18%
16,Amarillo,185,PARMER,Not Economically Disadvantaged,72,68,94%,66,92%,,,66,92%,24,33%,24,33%,48,67%,,,23,32%
16,Amarillo,185,PARMER,Economically Disadvantaged,101,88,87%,81,80%,5,5%,79,78%,10,10%,26,26%,36,36%,,,15,15%
16,Amarillo,188,POTTER,Not Economically Disadvantaged,978,931,95%,886,91%,40,4%,851,87%,249,25%,419,43%,668,68%,32,3%,342,35%
16,Amarillo,188,POTTER,Economically Disadvantaged,1556,1456,94%,1256,81%,187,12%,1112,71%,139,9%,552,35%,691,44%,32,2%,250,16%
16,Amarillo,191,RANDALL,Not Economically Disadvantaged,506,480,95%,467,92%,9,2%,444,88%,198,39%,151,30%,349,69%,10,2%,203,40%
16,Amarillo,191,RANDALL,Economically Disadvantaged,171,157,92%,146,85%,7,4%,123,72%,29,17%,52,30%,81,47%,6,4%,35,20%
16,Amarillo,197,ROBERTS,Not Economically Disadvantaged,,,nan,,nan,nan,nan,,nan,nan,nan,nan,nan,,nan,nan,nan,nan,nan
16,Amarillo,197,ROBERTS,Economically Disadvantaged,,,nan,,nan,nan,nan,,nan,nan,nan,nan,nan,,nan,nan,nan,nan,nan
16,Amarillo,211,SHERMAN,Not Economically Disadvantaged,40,36,90%,36,90%,,,18,45%,9,23%,,,10,25%,,,5,13%
16,Amarillo,211,SHERMAN,Economically Disadvantaged,25,23,92%,20,80%,,,19,76%,5,20%,,,9,36%,,,7,28%
16,Amarillo,219,SWISHER,Not Economically Disadvantaged,33,31,94%,29,88%,,,30,91%,12,36%,9,27%,21,64%,,,9,27%
16,Amarillo,219,SWISHER,Economically Disadvantaged,59,58,98%,56,95%,,,53,90%,14,24%,11,19%,25,42%,,,,
16,Amarillo,242,WHEELER,Not Economically Disadvantaged,41,38,93%,38,93%,,,39,95%,15,37%,11,27%,26,63%,,,13,32%
16,Amarillo,242,WHEELER,Economically Disadvantaged,45,41,91%,40,89%,,,34,76%,6,13%,6,13%,12,27%,,,,
17,Lubbock,9,BAILEY,Not Economically Disadvantaged,19,19,100%,,nan,nan,nan,19,100%,6,32%,9,47%,15,79%,,,7,37%
17,Lubbock,9,BAILEY,Economically Disadvantaged,87,80,92%,,nan,nan,nan,71,82%,9,10%,20,23%,29,33%,,,14,16%
17,Lubbock,17,BORDEN,Not Economically Disadvantaged,,,nan,,nan,nan,nan,,nan,nan,nan,nan,nan,,nan,nan,nan,nan,nan
17,Lubbock,17,BORDEN,Economically Disadvantaged,,,nan,,nan,nan,nan,,nan,nan,nan,nan,nan,,nan,nan,nan,nan,nan
17,Lubbock,40,COCHRAN,Not Economically Disadvantaged,12,12,100%,11,92%,,,10,83%,,,6,50%,10,83%,,,6,50%
17,Lubbock,40,COCHRAN,Economically Disadvantaged,39,39,100%,37,95%,,,35,90%,,,18,46%,22,56%,,,11,28%
17,Lubbock,51,COTTLE,Not Economically Disadvantaged,,,nan,,nan,nan,nan,,nan,nan,nan,nan,nan,,nan,nan,nan,nan,nan
17,Lubbock,51,COTTLE,Economically Disadvantaged,,,nan,,nan,nan,nan,,nan,nan,nan,nan,nan,,nan,nan,nan,nan,nan
17,Lubbock,54,CROSBY,Not Economically Disadvantaged,22,21,95%,22,100%,,,22,100%,10,45%,8,36%,18,82%,,,11,50%
17,Lubbock,54,CROSBY,Economically Disadvantaged,62,56,90%,53,85%,5,8%,47,76%,7,11%,15,24%,22,35%,,,6,10%
17,Lubbock,58,DAWSON,Not Economically Disadvantaged,62,61,98%,55,89%,,,55,89%,13,21%,23,37%,36,58%,,,25,40%
17,Lubbock,58,DAWSON,Economically Disadvantaged,93,85,91%,71,76%,11,12%,65,70%,5,5%,38,41%,43,46%,,,11,12%
17,Lubbock,63,DICKENS,Not Economically Disadvantaged,9,9,100%,9,100%,,,8,89%,,,,,7,78%,,,5,56%
17,Lubbock,63,DICKENS,Economically Disadvantaged,21,19,90%,19,90%,,,15,71%,,,6,29%,8,38%,,,,
17,Lubbock,77,FLOYD,Not Economically Disadvantaged,32,32,100%,28,88%,,,28,88%,17,53%,8,25%,25,78%,,,17,53%
17,Lubbock,77,FLOYD,Economically Disadvantaged,70,67,96%,57,81%,,,51,73%,5,7%,28,40%,33,47%,,,11,16%
17,Lubbock,83,GAINES,Not Economically Disadvantaged,105,103,98%,102,97%,,,99,94%,37,35%,27,26%,64,61%,,,34,32%
17,Lubbock,83,GAINES,Economically Disadvantaged,106,91,86%,86,81%,,,69,65%,,,17,16%,19,18%,,,7,7%
17,Lubbock,85,GARZA,Not Economically Disadvantaged,30,30,100%,,nan,nan,nan,28,93%,8,27%,13,43%,21,70%,,,9,30%
17,Lubbock,85,GARZA,Economically Disadvantaged,32,31,97%,,nan,nan,nan,23,72%,5,16%,7,22%,12,38%,,,,
17,Lubbock,95,HALE,Not Economically Disadvantaged,177,171,97%,167,94%,,,157,89%,66,37%,51,29%,117,66%,,,62,35%
17,Lubbock,95,HALE,Economically Disadvantaged,349,335,96%,310,89%,21,6%,269,77%,52,15%,87,25%,139,40%,5,1%,48,14%
17,Lubbock,110,HOCKLEY,Not Economically Disadvantaged,154,148,96%,144,94%,,,136,88%,34,22%,75,49%,109,71%,,,63,41%
17,Lubbock,110,HOCKLEY,Economically Disadvantaged,177,163,92%,151,85%,10,6%,124,70%,6,3%,71,40%,77,44%,,,25,14%
17,Lubbock,132,KENT,Not Economically Disadvantaged,,,nan,,nan,nan,nan,,nan,nan,nan,nan,nan,,nan,nan,nan,nan,nan
17,Lubbock,132,KENT,Economically Disadvantaged,,,nan,,nan,nan,nan,,nan,nan,nan,nan,nan,,nan,nan,nan,nan,nan
17,Lubbock,135,KING,Not Economically Disadvantaged,,,nan,,nan,nan,nan,,nan,nan,nan,nan,nan,,nan,nan,nan,nan,nan
17,Lubbock,135,KING,Economically Disadvantaged,,,nan,,nan,nan,nan,,nan,nan,nan,nan,nan,,nan,nan,nan,nan,nan
17,Lubbock,140,LAMB,Not Economically Disadvantaged,71,71,100%,65,92%,,,66,93%,19,27%,30,42%,49,69%,,,24,34%
17,Lubbock,140,LAMB,Economically Disadvantaged,175,167,95%,154,88%,12,7%,144,82%,23,13%,67,38%,90,51%,,,38,22%
17,Lubbock,152,LUBBOCK,Not Economically Disadvantaged,1539,1472,96%,1416,92%,30,2%,1350,88%,564,37%,504,33%,1068,69%,45,3%,561,36%
17,Lubbock,152,LUBBOCK,Economically Disadvantaged,1831,1735,95%,1529,84%,162,9%,1345,73%,151,8%,492,27%,643,35%,24,1%,156,9%
17,Lubbock,153,LYNN,Not Economically Disadvantaged,38,38,100%,37,97%,,,36,95%,16,42%,8,21%,24,63%,,,13,34%
17,Lubbock,153,LYNN,Economically Disadvantaged,58,57,98%,53,91%,,,48,83%,10,17%,12,21%,22,38%,,,9,16%
17,Lubbock,173,MOTLEY,Not Economically Disadvantaged,5,5,100%,5,100%,,,5,100%,,,,,5,100%,,,,
17,Lubbock,173,MOTLEY,Economically Disadvantaged,11,10,91%,10,91%,,,10,91%,,,8,73%,9,82%,,,,
17,Lubbock,223,TERRY,Not Economically Disadvantaged,40,38,95%,35,88%,,,33,83%,13,33%,12,30%,25,63%,,,12,30%
17,Lubbock,223,TERRY,Economically Disadvantaged,117,113,97%,111,95%,,,102,87%,,,43,37%,47,40%,,,15,13%
17,Lubbock,251,YOAKUM,Not Economically Disadvantaged,46,43,93%,43,93%,,,42,91%,14,30%,20,43%,34,74%,,,17,37%
17,Lubbock,251,YOAKUM,Economically Disadvantaged,71,69,97%,69,97%,,,65,92%,8,11%,24,34%,32,45%,,,15,21%
18,Midland,2,ANDREWS,Not Economically Disadvantaged,145,134,92%,124,86%,,,118,81%,33,23%,40,28%,73,50%,,,36,25%
18,Midland,2,ANDREWS,Economically Disadvantaged,106,101,95%,87,82%,7,7%,80,75%,15,14%,23,22%,38,36%,,,6,6%
18,Midland,22,BREWSTER,Not Economically Disadvantaged,51,45,88%,45,88%,,,43,84%,27,53%,5,10%,32,63%,,,19,37%
18,Midland,22,BREWSTER,Economically Disadvantaged,35,31,89%,29,83%,,,26,74%,11,31%,,,15,43%,,,,
18,Midland,52,CRANE,Not Economically Disadvantaged,35,33,94%,31,89%,,,28,80%,7,20%,11,31%,18,51%,,,11,31%
18,Midland,52,CRANE,Economically Disadvantaged,28,28,100%,20,71%,,,18,64%,5,18%,11,39%,16,57%,,,6,21%
18,Midland,55,CULBERSON,Not Economically Disadvantaged,,,nan,,nan,nan,nan,,nan,nan,nan,nan,nan,,nan,nan,nan,nan,nan
18,Midland,55,CULBERSON,Economically Disadvantaged,,,nan,,nan,nan,nan,,nan,nan,nan,nan,nan,,nan,nan,nan,nan,nan
18,Midland,68,ECTOR,Not Economically Disadvantaged,851,809,95%,766,90%,28,3%,687,81%,231,27%,291,34%,522,61%,25,3%,266,31%
18,Midland,68,ECTOR,Economically Disadvantaged,1133,1026,91%,881,78%,128,11%,688,61%,80,7%,320,28%,400,35%,49,4%,127,11%
18,Midland,87,GLASSCOCK,Not Economically Disadvantaged,10,9,90%,9,90%,,,10,100%,,,6,60%,9,90%,,,6,60%
18,Midland,87,GLASSCOCK,Economically Disadvantaged,12,11,92%,10,83%,,,10,83%,,,,,5,42%,,,,
18,Midland,114,HOWARD,Not Economically Disadvantaged,178,175,98%,163,92%,,,151,85%,42,24%,75,42%,117,66%,6,3%,64,36%
18,Midland,114,HOWARD,Economically Disadvantaged,186,174,94%,155,83%,6,3%,111,60%,11,6%,47,25%,58,31%,5,3%,21,11%
18,Midland,122,JEFF DAVIS,Not Economically Disadvantaged,12,12,100%,12,100%,,,11,92%,6,50%,,,8,67%,,,5,42%
18,Midland,122,JEFF DAVIS,Economically Disadvantaged,13,11,85%,9,69%,,,10,77%,,,,,5,38%,,,,
18,Midland,156,MARTIN,Not Economically Disadvantaged,46,44,96%,45,98%,,,41,89%,18,39%,16,35%,34,74%,,,21,46%
18,Midland,156,MARTIN,Economically Disadvantaged,32,30,94%,25,78%,,,22,69%,,,8,25%,9,28%,,,,
18,Midland,165,MIDLAND,Not Economically Disadvantaged,907,870,96%,801,88%,54,6%,735,81%,205,23%,366,40%,571,63%,26,3%,266,29%
18,Midland,165,MIDLAND,Economically Disadvantaged,822,786,96%,637,77%,131,16%,541,66%,56,7%,260,32%,316,38%,20,2%,93,11%
18,Midland,186,PECOS,Not Economically Disadvantaged,75,70,93%,66,88%,,,66,88%,24,32%,20,27%,44,59%,,,18,24%
18,Midland,186,PECOS,Economically Disadvantaged,126,122,97%,98,78%,16,13%,93,74%,15,12%,28,22%,43,34%,,,19,15%
18,Midland,189,PRESIDIO,Not Economically Disadvantaged,19,19,100%,19,100%,,,18,95%,8,42%,,,12,63%,,,,
18,Midland,189,PRESIDIO,Economically Disadvantaged,121,110,91%,103,85%,,,86,71%,41,34%,15,12%,56,46%,,,23,19%
18,Midland,192,REAGAN,Not Economically Disadvantaged,30,29,97%,27,90%,,,28,93%,12,40%,9,30%,21,70%,,,9,30%
18,Midland,192,REAGAN,Economically Disadvantaged,29,28,97%,24,83%,,,21,72%,,,10,34%,12,41%,,,5,17%
18,Midland,195,REEVES,Not Economically Disadvantaged,44,43,98%,40,91%,,,39,89%,19,43%,10,23%,29,66%,,,17,39%
18,Midland,195,REEVES,Economically Disadvantaged,110,107,97%,95,86%,,,85,77%,6,5%,23,21%,29,26%,,,10,9%
18,Midland,222,TERRELL,Not Economically Disadvantaged,,,nan,,nan,nan,nan,,nan,nan,nan,nan,nan,,nan,nan,nan,nan,nan
18,Midland,222,TERRELL,Economically Disadvantaged,,,nan,,nan,nan,nan,,nan,nan,nan,nan,nan,,nan,nan,nan,nan,nan
18,Midland,231,UPTON,Not Economically Disadvantaged,37,37,100%,37,100%,,,35,95%,19,51%,7,19%,26,70%,,,16,43%
18,Midland,231,UPTON,Economically Disadvantaged,18,18,100%,18,100%,,,15,83%,,,,,5,28%,,,,
18,Midland,238,WARD,Not Economically Disadvantaged,86,83,97%,79,92%,,,78,91%,35,41%,22,26%,57,66%,,,34,40%
18,Midland,238,WARD,Economically Disadvantaged,65,60,92%,47,72%,13,20%,45,69%,5,8%,11,17%,16,25%,,,5,8%
18,Midland,248,WINKLER,Not Economically Disadvantaged,41,41,100%,40,98%,,,39,95%,11,27%,19,46%,30,73%,,,17,41%
18,Midland,248,WINKLER,Economically Disadvantaged,70,67,96%,56,80%,,,49,70%,5,7%,21,30%,26,37%,,,9,13%
19,El Paso,999,El Paso&Hudsp,Not Economically Disadvantaged,3214,2997,93%,2741,85%,163,5%,2662,83%,1208,38%,937,29%,2145,67%,82,3%,1072,33%
19,El Paso,999,El Paso&Hudsp,Economically Disadvantaged,10165,9638,95%,8016,79%,1369,13%,7855,77%,2145,21%,3186,31%,5331,52%,232,2%,1839,18%
20,San Antonio,7,ATASCOSA,Not Economically Disadvantaged,236,234,99%,226,96%,5,2%,220,93%,77,33%,81,34%,158,67%,,,95,40%
20,San Antonio,7,ATASCOSA,Economically Disadvantaged,492,469,95%,417,85%,43,9%,371,75%,51,10%,127,26%,178,36%,8,2%,65,13%
20,San Antonio,10,BANDERA,Not Economically Disadvantaged,107,106,99%,100,93%,,,93,87%,43,40%,27,25%,70,65%,,,49,46%
20,San Antonio,10,BANDERA,Economically Disadvantaged,89,83,93%,73,82%,10,11%,62,70%,9,10%,15,17%,24,27%,,,11,12%
20,San Antonio,15,BEXAR,Not Economically Disadvantaged,8877,8397,95%,7721,87%,470,5%,7409,83%,2940,33%,2761,31%,5701,64%,282,3%,3325,37%
20,San Antonio,15,BEXAR,Economically Disadvantaged,14653,13841,94%,11498,78%,1914,13%,10650,73%,1721,12%,4316,29%,6037,41%,323,2%,2249,15%
20,San Antonio,64,DIMMIT,Not Economically Disadvantaged,42,40,95%,35,83%,6,14%,38,90%,14,33%,15,36%,29,69%,,,10,24%
20,San Antonio,64,DIMMIT,Economically Disadvantaged,132,124,94%,83,63%,36,27%,90,68%,19,14%,42,32%,61,46%,5,4%,28,21%
20,San Antonio,82,FRIO,Not Economically Disadvantaged,47,44,94%,39,83%,,,40,85%,17,36%,9,19%,26,55%,,,14,30%
20,San Antonio,82,FRIO,Economically Disadvantaged,170,160,94%,128,75%,25,15%,125,74%,18,11%,34,20%,52,31%,,,17,10%
20,San Antonio,130,KENDALL,Not Economically Disadvantaged,434,423,97%,409,94%,9,2%,391,90%,194,45%,119,27%,313,72%,9,2%,230,53%
20,San Antonio,130,KENDALL,Economically Disadvantaged,127,113,89%,101,80%,10,8%,85,67%,13,10%,28,22%,41,32%,,,22,17%
20,San Antonio,133,KERR,Not Economically Disadvantaged,249,235,94%,225,90%,,,208,84%,103,41%,47,19%,150,60%,11,4%,83,33%
20,San Antonio,133,KERR,Economically Disadvantaged,267,246,92%,221,83%,23,9%,198,74%,41,15%,28,10%,69,26%,,,38,14%
20,San Antonio,136,KINNEY,Not Economically Disadvantaged,18,18,100%,,nan,nan,nan,16,89%,9,50%,6,33%,15,83%,,,10,56%
20,San Antonio,136,KINNEY,Economically Disadvantaged,32,30,94%,,nan,nan,nan,25,78%,5,16%,14,44%,19,59%,,,9,28%
20,San Antonio,142,LA SALLE,Not Economically Disadvantaged,15,15,100%,15,100%,,,15,100%,7,47%,,,11,73%,,,7,47%
20,San Antonio,142,LA SALLE,Economically Disadvantaged,70,68,97%,64,91%,5,7%,61,87%,17,24%,21,30%,38,54%,,,16,23%
20,San Antonio,159,MAVERICK,Not Economically Disadvantaged,179,174,97%,154,86%,15,8%,160,89%,57,32%,79,44%,136,76%,,,87,49%
20,San Antonio,159,MAVERICK,Economically Disadvantaged,855,815,95%,641,75%,149,17%,660,77%,115,13%,322,38%,437,51%,12,1%,208,24%
20,San Antonio,163,MEDINA,Not Economically Disadvantaged,294,287,98%,271,92%,8,3%,255,87%,110,37%,102,35%,212,72%,16,5%,127,43%
20,San Antonio,163,MEDINA,Economically Disadvantaged,361,331,92%,291,81%,42,12%,279,77%,29,8%,102,28%,131,36%,6,2%,52,14%
20,San Antonio,193,REAL,Not Economically Disadvantaged,15,15,100%,,nan,nan,nan,13,87%,5,33%,5,33%,10,67%,,,,
20,San Antonio,193,REAL,Economically Disadvantaged,23,23,100%,,nan,nan,nan,21,91%,,,10,43%,11,48%,,,,
20,San Antonio,232,UVALDE,Not Economically Disadvantaged,115,108,94%,103,90%,5,4%,94,82%,31,27%,48,42%,79,69%,5,4%,43,37%
20,San Antonio,232,UVALDE,Economically Disadvantaged,347,317,91%,276,80%,48,14%,245,71%,23,7%,147,42%,170,49%,10,3%,60,17%
20,San Antonio,247,WILSON,Not Economically Disadvantaged,366,361,99%,354,97%,,,340,93%,156,43%,111,30%,267,73%,,,180,49%
20,San Antonio,247,WILSON,Economically Disadvantaged,267,257,96%,231,87%,17,6%,216,81%,34,13%,74,28%,108,40%,5,2%,50,19%
20,San Antonio,254,ZAVALA,Not Economically Disadvantaged,17,14,82%,14,82%,,,14,82%,,,9,53%,12,71%,,,7,41%
20,San Antonio,254,ZAVALA,Economically Disadvantaged,126,114,90%,101,80%,16,13%,90,71%,11,9%,45,36%,56,44%,,,23,18%
