Region Code,TEA Region,County Number,County Name,ethnicity,enrolled_8th,enrolled_9th,enrolled_9th_percent,enrolled_10th,enrolled_10th_percent,lessthan_10th_enrolled,lessthan_10th_enrolled_percent,graduated,graduated_percent,enrolled_4yr,enrolled_4yr_percent,enrolled_2yr,enrolled_2yr_percent,total_enrolled,total_enrolled_percent,enrolled_wo_record,enrolled_wo_record_percent,total_degrees,total_degrees_percent
1,Edinburg,31,CAMERON,African American,17,15,88%,11,65%,,nan,10,59%,6,35%,6,35%,12,71%,,nan,,nan
1,Edinburg,31,CAMERON,Hispanic,6981,6684,96%,5577,80%,1008,14%,5694,82%,1712,25%,1968,28%,3680,53%,116,2%,1683,24%
1,Edinburg,31,CAMERON,White,192,174,91%,149,78%,20,10%,150,78%,66,34%,44,23%,110,57%,,nan,60,31%
1,Edinburg,31,CAMERON,Others,82,72,88%,69,84%,,nan,67,82%,44,54%,11,13%,55,67%,5,6%,41,50%
1,Edinburg,108,HIDALGO,African American,22,21,95%,20,91%,,nan,20,91%,10,45%,,nan,13,59%,,nan,9,41%
1,Edinburg,108,HIDALGO,Hispanic,14358,13749,96%,11532,80%,1982,14%,11755,82%,3627,25%,4049,28%,7676,53%,199,1%,3444,24%
1,Edinburg,108,HIDALGO,White,261,243,93%,210,80%,21,8%,211,81%,100,38%,75,29%,175,67%,7,3%,95,36%
1,Edinburg,108,HIDALGO,Others,106,101,95%,91,86%,,nan,92,87%,51,48%,23,22%,74,70%,,nan,56,53%
1,Edinburg,124,JIM HOGG,All Ethnicities,75,73,97%,68,91%,,nan,63,84%,30,40%,14,19%,44,59%,,nan,19,25%
1,Edinburg,214,STARR,All Ethnicities,1274,1234,97%,1060,83%,138,11%,1005,79%,245,19%,459,36%,704,55%,20,2%,360,28%
1,Edinburg,240,WEBB,African American,6,6,100%,6,100%,,nan,5,83%,,nan,,nan,5,83%,,nan,,nan
1,Edinburg,240,WEBB,Hispanic,4627,4422,96%,3891,84%,495,11%,3840,83%,968,21%,1760,38%,2728,59%,58,1%,1234,27%
1,Edinburg,240,WEBB,White,43,35,81%,34,79%,,nan,30,70%,9,21%,14,33%,23,53%,,nan,9,21%
1,Edinburg,240,WEBB,Others,16,14,88%,13,81%,,nan,13,81%,8,50%,,nan,10,63%,,nan,6,38%
1,Edinburg,245,WILLACY,All Ethnicities,341,335,98%,298,87%,32,9%,277,81%,85,25%,93,27%,178,52%,,nan,74,22%
1,Edinburg,253,ZAPATA,All Ethnicities,239,231,97%,222,93%,,nan,193,81%,51,21%,52,22%,103,43%,,nan,54,23%
2,Corpus Christi,4,ARANSAS,Hispanic,99,96,97%,84,85%,,nan,67,68%,10,10%,19,19%,29,29%,,nan,17,17%
2,Corpus Christi,4,ARANSAS,White,131,125,95%,116,89%,,nan,93,71%,28,21%,37,28%,65,50%,9,7%,25,19%
2,Corpus Christi,4,ARANSAS,Other Ethnicities,19,17,89%,15,79%,,nan,17,89%,6,32%,7,37%,13,68%,,nan,6,32%
2,Corpus Christi,13,BEE,Hispanic,288,277,96%,207,72%,66,23%,216,75%,20,7%,108,38%,128,44%,5,2%,53,18%
2,Corpus Christi,13,BEE,Other Ethnicities,73,71,97%,65,89%,7,10%,61,84%,19,26%,26,36%,45,62%,,nan,28,38%
2,Corpus Christi,24,BROOKS,All Ethnicities,117,110,94%,92,79%,13,11%,84,72%,18,15%,31,27%,49,42%,,nan,20,17%
2,Corpus Christi,66,DUVAL,Hispanic,173,167,97%,153,88%,8,5%,132,76%,31,18%,59,34%,90,52%,,nan,42,24%
2,Corpus Christi,66,DUVAL,Other Ethnicities,15,15,100%,12,80%,,nan,10,67%,,nan,,nan,7,47%,,nan,,nan
2,Corpus Christi,125,JIM WELLS,Hispanic,526,513,98%,413,79%,79,15%,388,74%,93,18%,143,27%,236,45%,8,2%,96,18%
2,Corpus Christi,125,JIM WELLS,Other Ethnicities,89,84,94%,77,87%,5,6%,70,79%,26,29%,26,29%,52,58%,,nan,29,33%
2,Corpus Christi,137,KLEBERG,Hispanic,316,293,93%,225,71%,67,21%,234,74%,82,26%,73,23%,155,49%,6,2%,66,21%
2,Corpus Christi,137,KLEBERG,White,46,44,96%,43,93%,,nan,38,83%,23,50%,7,15%,30,65%,,nan,16,35%
2,Corpus Christi,137,KLEBERG,Other Ethnicities,19,19,100%,12,63%,5,26%,15,79%,6,32%,,nan,10,53%,,nan,,nan
2,Corpus Christi,149,LIVE OAK,Hispanic,62,60,97%,52,84%,5,8%,50,81%,11,18%,23,37%,34,55%,,nan,15,24%
2,Corpus Christi,149,LIVE OAK,Other Ethnicities,53,49,92%,45,85%,,nan,43,81%,17,32%,14,26%,31,58%,,nan,14,26%
2,Corpus Christi,162,MCMULLEN,All Ethnicities,14,13,93%,13,93%,,nan,12,86%,6,43%,,nan,9,64%,,nan,9,64%
2,Corpus Christi,178,NUECES,African American,194,181,93%,162,84%,9,5%,146,75%,55,28%,44,23%,99,51%,7,4%,37,19%
2,Corpus Christi,178,NUECES,Hispanic,3303,3112,94%,2798,85%,313,9%,2596,79%,579,18%,1006,30%,1585,48%,73,2%,576,17%
2,Corpus Christi,178,NUECES,White,894,841,94%,764,85%,45,5%,727,81%,319,36%,222,25%,541,61%,22,2%,285,32%
2,Corpus Christi,178,NUECES,Others,125,118,94%,111,89%,,nan,107,86%,52,42%,30,24%,82,66%,,nan,54,43%
2,Corpus Christi,205,SAN PATRICIO,African American,24,22,92%,21,88%,,nan,20,83%,7,29%,6,25%,13,54%,,nan,,nan
2,Corpus Christi,205,SAN PATRICIO,Hispanic,720,689,96%,615,85%,68,9%,575,80%,123,17%,205,28%,328,46%,5,1%,116,16%
2,Corpus Christi,205,SAN PATRICIO,White,318,300,94%,269,85%,18,6%,256,81%,77,24%,96,30%,173,54%,,nan,89,28%
2,Corpus Christi,205,SAN PATRICIO,Others,28,24,86%,21,75%,,nan,25,89%,10,36%,10,36%,20,71%,,nan,6,21%
3,Victoria,29,CALHOUN,Hispanic,169,167,99%,158,93%,7,4%,150,89%,22,13%,46,27%,68,40%,,nan,24,14%
3,Victoria,29,CALHOUN,White,111,104,94%,98,88%,,nan,93,84%,31,28%,37,33%,68,61%,,nan,34,31%
3,Victoria,29,CALHOUN,Other Ethnicities,22,20,91%,21,95%,,nan,19,86%,5,23%,6,27%,11,50%,,nan,7,32%
3,Victoria,45,COLORADO,Hispanic,123,119,97%,111,90%,,nan,97,79%,7,6%,40,33%,47,38%,,nan,23,19%
3,Victoria,45,COLORADO,White,94,93,99%,88,94%,,nan,87,93%,20,21%,41,44%,61,65%,,nan,37,39%
3,Victoria,45,COLORADO,Other Ethnicities,48,44,92%,42,88%,,nan,37,77%,6,13%,17,35%,23,48%,,nan,8,17%
3,Victoria,62,DE WITT,Hispanic,154,144,94%,126,82%,15,10%,116,75%,13,8%,41,27%,54,35%,,nan,25,16%
3,Victoria,62,DE WITT,White,134,131,98%,129,96%,,nan,117,87%,36,27%,51,38%,87,65%,5,4%,53,40%
3,Victoria,62,DE WITT,Other Ethnicities,39,38,97%,34,87%,,nan,31,79%,8,21%,11,28%,19,49%,,nan,7,18%
3,Victoria,88,GOLIAD,Hispanic,48,48,100%,44,92%,,nan,37,77%,5,10%,12,25%,17,35%,,nan,8,17%
3,Victoria,88,GOLIAD,White,55,54,98%,51,93%,,nan,48,87%,15,27%,21,38%,36,65%,,nan,21,38%
3,Victoria,88,GOLIAD,Other Ethnicities,12,11,92%,11,92%,,nan,12,100%,5,42%,,nan,8,67%,,nan,,nan
3,Victoria,120,JACKSON,Hispanic,95,92,97%,90,95%,,nan,79,83%,10,11%,34,36%,44,46%,,nan,18,19%
3,Victoria,120,JACKSON,White,142,137,96%,134,94%,,nan,127,89%,47,33%,55,39%,102,72%,,nan,66,46%
3,Victoria,120,JACKSON,Other Ethnicities,22,20,91%,19,86%,,nan,19,86%,,nan,5,23%,8,36%,,nan,,nan
3,Victoria,128,KARNES,Hispanic,115,111,97%,95,83%,16,14%,93,81%,13,11%,30,26%,43,37%,,nan,16,14%
3,Victoria,128,KARNES,Other Ethnicities,59,58,98%,56,95%,,nan,56,95%,26,44%,23,39%,49,83%,,nan,32,54%
3,Victoria,143,LAVACA,Hispanic,29,28,97%,26,90%,,nan,25,86%,,nan,8,28%,12,41%,,nan,6,21%
3,Victoria,143,LAVACA,White,105,102,97%,101,96%,,nan,97,92%,29,28%,45,43%,74,70%,,nan,56,53%
3,Victoria,143,LAVACA,Other Ethnicities,14,14,100%,13,93%,,nan,11,79%,,nan,5,36%,7,50%,,nan,,nan
3,Victoria,158,MATAGORDA,African American,76,75,99%,61,80%,14,18%,65,86%,17,22%,27,36%,44,58%,,nan,12,16%
3,Victoria,158,MATAGORDA,Hispanic,277,271,98%,217,78%,44,16%,211,76%,19,7%,103,37%,122,44%,,nan,52,19%
3,Victoria,158,MATAGORDA,White,181,171,94%,147,81%,18,10%,142,78%,37,20%,73,40%,110,61%,7,4%,67,37%
3,Victoria,158,MATAGORDA,Others,19,18,95%,16,84%,,nan,16,84%,8,42%,5,26%,13,68%,,nan,9,47%
3,Victoria,196,REFUGIO,Hispanic,52,50,96%,47,90%,,nan,44,85%,8,15%,16,31%,24,46%,,nan,14,27%
3,Victoria,196,REFUGIO,Other Ethnicities,46,46,100%,46,100%,,nan,42,91%,15,33%,19,41%,34,74%,,nan,21,46%
3,Victoria,235,VICTORIA,African American,98,93,95%,79,81%,,nan,74,76%,9,9%,41,42%,50,51%,,nan,12,12%
3,Victoria,235,VICTORIA,Hispanic,583,556,95%,448,77%,80,14%,405,69%,51,9%,207,36%,258,44%,16,3%,91,16%
3,Victoria,235,VICTORIA,White,299,289,97%,257,86%,17,6%,227,76%,72,24%,100,33%,172,58%,13,4%,104,35%
3,Victoria,235,VICTORIA,Others,19,19,100%,17,89%,,nan,14,74%,6,32%,5,26%,11,58%,,nan,9,47%
3,Victoria,241,WHARTON,African American,80,76,95%,64,80%,13,16%,67,84%,12,15%,40,50%,52,65%,,nan,8,10%
3,Victoria,241,WHARTON,Hispanic,288,272,94%,211,73%,64,22%,224,78%,19,7%,115,40%,134,47%,6,2%,62,22%
3,Victoria,241,WHARTON,White,184,174,95%,166,90%,10,5%,165,90%,41,22%,101,55%,142,77%,,nan,102,55%
3,Victoria,241,WHARTON,Others,10,10,100%,10,100%,,nan,9,90%,,nan,6,60%,6,60%,,nan,,nan
4,Houston,20,BRAZORIA,African American,582,555,95%,507,87%,44,8%,494,85%,164,28%,193,33%,357,61%,13,2%,133,23%
4,Houston,20,BRAZORIA,Hispanic,1634,1606,98%,1430,88%,144,9%,1351,83%,164,10%,673,41%,837,51%,25,2%,360,22%
4,Houston,20,BRAZORIA,White,1880,1821,97%,1700,90%,93,5%,1584,84%,451,24%,745,40%,1196,64%,62,3%,692,37%
4,Houston,20,BRAZORIA,Others,342,322,94%,306,89%,17,5%,304,89%,152,44%,91,27%,243,71%,9,3%,174,51%
4,Houston,36,CHAMBERS,African American,33,32,97%,29,88%,,nan,28,85%,10,30%,10,30%,20,61%,,nan,11,33%
4,Houston,36,CHAMBERS,Hispanic,125,123,98%,117,94%,,nan,115,92%,22,18%,50,40%,72,58%,,nan,42,34%
4,Houston,36,CHAMBERS,White,340,326,96%,309,91%,9,3%,293,86%,98,29%,140,41%,238,70%,5,1%,128,38%
4,Houston,36,CHAMBERS,Others,21,19,90%,20,95%,,nan,18,86%,6,29%,6,29%,12,57%,,nan,8,38%
4,Houston,79,FORT BEND,African American,2180,2072,95%,1812,83%,215,10%,1797,82%,699,32%,671,31%,1370,63%,58,3%,529,24%
4,Houston,79,FORT BEND,Hispanic,2378,2276,96%,1900,80%,343,14%,1866,78%,319,13%,821,35%,1140,48%,52,2%,471,20%
4,Houston,79,FORT BEND,White,1802,1728,96%,1596,89%,77,4%,1547,86%,719,40%,587,33%,1306,72%,72,4%,830,46%
4,Houston,79,FORT BEND,Others,1504,1468,98%,1416,94%,43,3%,1407,94%,764,51%,381,25%,1145,76%,25,2%,844,56%
4,Houston,84,GALVESTON,African American,773,748,97%,635,82%,96,12%,614,79%,196,25%,245,32%,441,57%,8,1%,158,20%
4,Houston,84,GALVESTON,Hispanic,1352,1309,97%,1168,86%,104,8%,1108,82%,198,15%,558,41%,756,56%,37,3%,385,28%
4,Houston,84,GALVESTON,White,3197,3081,96%,2879,90%,132,4%,2688,84%,945,30%,1170,37%,2115,66%,102,3%,1226,38%
4,Houston,84,GALVESTON,Others,470,463,99%,437,93%,14,3%,433,92%,210,45%,132,28%,342,73%,,nan,239,51%
4,Houston,101,HARRIS,African American,11882,11273,95%,9613,81%,1357,11%,8849,74%,2841,24%,3378,28%,6219,52%,355,3%,1904,16%
4,Houston,101,HARRIS,Hispanic,29479,28213,96%,24558,83%,3076,10%,22978,78%,3645,12%,9582,33%,13227,45%,495,2%,5270,18%
4,Houston,101,HARRIS,White,12531,11801,94%,10869,87%,610,5%,10237,82%,3424,27%,4104,33%,7528,60%,528,4%,4286,34%
4,Houston,101,HARRIS,Others,4133,3943,95%,3755,91%,123,3%,3604,87%,1525,37%,1112,27%,2637,64%,100,2%,1678,41%
4,Houston,146,LIBERTY,African American,94,88,94%,82,87%,8,9%,72,77%,21,22%,36,38%,57,61%,,nan,17,18%
4,Houston,146,LIBERTY,Hispanic,265,261,98%,216,82%,33,12%,206,78%,19,7%,90,34%,109,41%,6,2%,51,19%
4,Houston,146,LIBERTY,White,691,646,93%,552,80%,70,10%,471,68%,87,13%,205,30%,292,42%,29,4%,135,20%
4,Houston,146,LIBERTY,Others,28,27,96%,23,82%,,nan,21,75%,,nan,8,29%,11,39%,,nan,5,18%
4,Houston,237,WALLER,African American,113,105,93%,89,79%,14,12%,85,75%,20,18%,28,25%,48,42%,,nan,9,8%
4,Houston,237,WALLER,Hispanic,313,306,98%,247,79%,53,17%,251,80%,28,9%,63,20%,91,29%,,nan,44,14%
4,Houston,237,WALLER,White,210,202,96%,178,85%,19,9%,166,79%,37,18%,67,32%,104,50%,6,3%,53,25%
4,Houston,237,WALLER,Others,22,21,95%,15,68%,6,27%,17,77%,,nan,8,36%,9,41%,,nan,,nan
5,Beaumont,100,HARDIN,African American,61,60,98%,58,95%,,nan,50,82%,11,18%,22,36%,33,54%,,nan,8,13%
5,Beaumont,100,HARDIN,Hispanic,41,41,100%,40,98%,,nan,36,88%,10,24%,13,32%,23,56%,,nan,8,20%
5,Beaumont,100,HARDIN,White,733,693,95%,636,87%,30,4%,568,77%,223,30%,161,22%,384,52%,25,3%,189,26%
5,Beaumont,100,HARDIN,Others,13,13,100%,11,85%,,nan,8,62%,6,46%,,nan,8,62%,,nan,,nan
5,Beaumont,121,JASPER,African American,97,92,95%,87,90%,6,6%,81,84%,20,21%,34,35%,54,56%,,nan,18,19%
5,Beaumont,121,JASPER,Hispanic,32,32,100%,31,97%,,nan,25,78%,,nan,8,25%,12,38%,,nan,7,22%
5,Beaumont,121,JASPER,White,341,320,94%,299,88%,11,3%,255,75%,71,21%,84,25%,155,45%,9,3%,74,22%
5,Beaumont,121,JASPER,Others,18,15,83%,14,78%,,nan,13,72%,6,33%,6,33%,12,67%,,nan,7,39%
5,Beaumont,123,JEFFERSON,African American,1162,1120,96%,981,84%,118,10%,862,74%,209,18%,300,26%,509,44%,21,2%,163,14%
5,Beaumont,123,JEFFERSON,Hispanic,686,658,96%,597,87%,30,4%,511,74%,110,16%,175,26%,285,42%,12,2%,134,20%
5,Beaumont,123,JEFFERSON,White,917,889,97%,817,89%,43,5%,754,82%,306,33%,248,27%,554,60%,33,4%,288,31%
5,Beaumont,123,JEFFERSON,Others,207,197,95%,185,89%,8,4%,173,84%,84,41%,57,28%,141,68%,6,3%,98,47%
5,Beaumont,181,ORANGE,African American,158,150,95%,106,67%,31,20%,100,63%,16,10%,53,34%,69,44%,6,4%,20,13%
5,Beaumont,181,ORANGE,Hispanic,94,89,95%,73,78%,8,9%,66,70%,6,6%,27,29%,33,35%,,nan,14,15%
5,Beaumont,181,ORANGE,White,933,893,96%,795,85%,69,7%,742,80%,174,19%,313,34%,487,52%,21,2%,248,27%
5,Beaumont,181,ORANGE,Others,40,38,95%,36,90%,,nan,30,75%,14,35%,12,30%,26,65%,,nan,13,33%
5,Others,999,Other Counties,All Ethnicities,171,159,93%,149,87%,7,4%,137,80%,19,11%,49,29%,68,40%,,nan,31,18%
5,Beaumont,229,TYLER,African American,23,23,100%,21,91%,,nan,18,78%,,nan,6,26%,10,43%,,nan,,nan
5,Beaumont,229,TYLER,White,200,194,97%,181,91%,,nan,157,79%,32,16%,58,29%,90,45%,,nan,42,21%
5,Beaumont,229,TYLER,Other Ethnicities,21,21,100%,19,90%,,nan,16,76%,,nan,,nan,7,33%,,nan,,nan
6,Huntsville,8,AUSTIN,African American,40,40,100%,40,100%,,nan,38,95%,8,20%,18,45%,26,65%,,nan,6,15%
6,Huntsville,8,AUSTIN,Hispanic,146,138,95%,131,90%,,nan,125,86%,17,12%,41,28%,58,40%,,nan,31,21%
6,Huntsville,8,AUSTIN,White,206,197,96%,185,90%,9,4%,177,86%,54,26%,79,38%,133,65%,8,4%,78,38%
6,Huntsville,8,AUSTIN,Others,9,8,89%,7,78%,,nan,6,67%,,nan,,nan,5,56%,,nan,,nan
6,Huntsville,21,BRAZOS,African American,366,344,94%,240,66%,96,26%,254,69%,35,10%,96,26%,131,36%,,nan,34,9%
6,Huntsville,21,BRAZOS,Hispanic,737,686,93%,482,65%,198,27%,542,74%,68,9%,174,24%,242,33%,5,1%,112,15%
6,Huntsville,21,BRAZOS,White,730,694,95%,637,87%,37,5%,617,85%,222,30%,244,33%,466,64%,16,2%,283,39%
6,Huntsville,21,BRAZOS,Others,97,90,93%,86,89%,,nan,81,84%,34,35%,27,28%,61,63%,,nan,42,43%
6,Huntsville,26,BURLESON,Hispanic,57,55,96%,50,88%,,nan,44,77%,,nan,12,21%,16,28%,,nan,5,9%
6,Huntsville,26,BURLESON,White,117,113,97%,109,93%,,nan,104,89%,27,23%,45,38%,72,62%,,nan,49,42%
6,Huntsville,26,BURLESON,Other Ethnicities,31,29,94%,27,87%,,nan,21,68%,6,19%,5,16%,11,35%,,nan,,nan
6,Huntsville,93,GRIMES,Hispanic,93,91,98%,75,81%,9,10%,73,78%,14,15%,22,24%,36,39%,,nan,14,15%
6,Huntsville,93,GRIMES,White,139,131,94%,123,88%,7,5%,115,83%,26,19%,47,34%,73,53%,,nan,38,27%
6,Huntsville,93,GRIMES,Other Ethnicities,67,67,100%,56,84%,9,13%,49,73%,14,21%,19,28%,33,49%,,nan,10,15%
6,Huntsville,113,HOUSTON,African American,68,64,94%,50,74%,14,21%,58,85%,12,18%,22,32%,34,50%,,nan,9,13%
6,Huntsville,113,HOUSTON,White,138,130,94%,125,91%,8,6%,118,86%,24,17%,47,34%,71,51%,,nan,40,29%
6,Huntsville,113,HOUSTON,Other Ethnicities,35,33,94%,30,86%,,nan,26,74%,,nan,11,31%,14,40%,,nan,6,17%
6,Huntsville,145,LEON,Hispanic,42,41,98%,40,95%,,nan,36,86%,,nan,20,48%,23,55%,,nan,11,26%
6,Huntsville,145,LEON,White,178,167,94%,156,88%,5,3%,141,79%,40,22%,59,33%,99,56%,8,4%,51,29%
6,Huntsville,145,LEON,Other Ethnicities,32,32,100%,30,94%,,nan,27,84%,6,19%,12,38%,18,56%,,nan,,nan
6,Huntsville,154,MADISON,African American,37,36,97%,33,89%,,nan,31,84%,9,24%,8,22%,17,46%,,nan,7,19%
6,Huntsville,154,MADISON,White,96,86,90%,80,83%,5,5%,74,77%,23,24%,27,28%,50,52%,,nan,25,26%
6,Huntsville,154,MADISON,Other Ethnicities,39,37,95%,36,92%,,nan,34,87%,13,33%,9,23%,22,56%,,nan,6,15%
6,Huntsville,166,MILAM,African American,36,36,100%,33,92%,,nan,29,81%,7,19%,11,31%,18,50%,,nan,8,22%
6,Huntsville,166,MILAM,Hispanic,115,111,97%,93,81%,19,17%,93,81%,7,6%,35,30%,42,37%,,nan,10,9%
6,Huntsville,166,MILAM,White,155,149,96%,138,89%,,nan,127,82%,38,25%,60,39%,98,63%,,nan,49,32%
6,Huntsville,166,MILAM,Others,9,9,100%,8,89%,,nan,8,89%,,nan,,nan,6,67%,,nan,,nan
6,Huntsville,170,MONTGOMERY,African American,355,336,95%,298,84%,34,10%,284,80%,70,20%,122,34%,192,54%,12,3%,66,19%
6,Huntsville,170,MONTGOMERY,Hispanic,1873,1778,95%,1543,82%,207,11%,1480,79%,206,11%,573,31%,779,42%,37,2%,325,17%
6,Huntsville,170,MONTGOMERY,White,4077,3887,95%,3504,86%,257,6%,3229,79%,984,24%,1206,30%,2190,54%,152,4%,1137,28%
6,Huntsville,170,MONTGOMERY,Others,303,287,95%,271,89%,9,3%,245,81%,89,29%,76,25%,165,54%,18,6%,95,31%
6,Huntsville,187,POLK,African American,59,55,93%,50,85%,6,10%,49,83%,10,17%,19,32%,29,49%,,nan,9,15%
6,Huntsville,187,POLK,Hispanic,95,92,97%,87,92%,6,6%,85,89%,6,6%,29,31%,35,37%,,nan,18,19%
6,Huntsville,187,POLK,White,342,319,93%,285,83%,22,6%,257,75%,62,18%,80,23%,142,42%,7,2%,65,19%
6,Huntsville,187,POLK,Others,32,31,97%,30,94%,,nan,27,84%,,nan,13,41%,16,50%,,nan,7,22%
6,Huntsville,198,ROBERTSON,African American,69,66,96%,61,88%,5,7%,56,81%,11,16%,13,19%,24,35%,,nan,7,10%
6,Huntsville,198,ROBERTSON,White,98,95,97%,92,94%,,nan,89,91%,23,23%,43,44%,66,67%,,nan,35,36%
6,Huntsville,198,ROBERTSON,Other Ethnicities,61,60,98%,57,93%,,nan,51,84%,10,16%,19,31%,29,48%,,nan,7,11%
6,Huntsville,204,SAN JACINTO,African American,51,49,96%,39,76%,8,16%,43,84%,9,18%,12,24%,21,41%,,nan,6,12%
6,Huntsville,204,SAN JACINTO,White,207,187,90%,153,74%,29,14%,142,69%,20,10%,51,25%,71,34%,,nan,29,14%
6,Huntsville,204,SAN JACINTO,Other Ethnicities,38,37,97%,30,79%,,nan,28,74%,,nan,11,29%,13,34%,,nan,8,21%
6,Huntsville,228,TRINITY,Hispanic,22,20,91%,19,86%,,nan,15,68%,,nan,6,27%,10,45%,,nan,5,23%
6,Huntsville,228,TRINITY,White,142,131,92%,121,85%,11,8%,108,76%,29,20%,38,27%,67,47%,,nan,28,20%
6,Huntsville,228,TRINITY,Other Ethnicities,22,21,95%,19,86%,,nan,17,77%,,nan,8,36%,10,45%,,nan,,nan
6,Huntsville,236,WALKER,African American,130,127,98%,107,82%,16,12%,108,83%,31,24%,34,26%,65,50%,,nan,24,18%
6,Huntsville,236,WALKER,Hispanic,125,121,97%,106,85%,11,9%,104,83%,12,10%,27,22%,39,31%,,nan,12,10%
6,Huntsville,236,WALKER,White,249,238,96%,213,86%,24,10%,203,82%,78,31%,57,23%,135,54%,7,3%,64,26%
6,Huntsville,236,WALKER,Others,9,7,78%,6,67%,,nan,6,67%,,nan,5,56%,5,56%,,nan,,nan
6,Huntsville,239,WASHINGTON,African American,70,67,96%,61,87%,9,13%,52,74%,7,10%,19,27%,26,37%,,nan,13,19%
6,Huntsville,239,WASHINGTON,Hispanic,78,75,96%,66,85%,6,8%,59,76%,8,10%,18,23%,26,33%,,nan,10,13%
6,Huntsville,239,WASHINGTON,White,208,204,98%,199,96%,5,2%,180,87%,56,27%,82,39%,138,66%,5,2%,90,43%
6,Huntsville,239,WASHINGTON,Others,9,7,78%,8,89%,,nan,8,89%,,nan,,nan,6,67%,,nan,,nan
7,Kilgore,1,ANDERSON,African American,104,102,98%,90,87%,11,11%,87,84%,17,16%,33,32%,50,48%,,nan,17,16%
7,Kilgore,1,ANDERSON,Hispanic,112,103,92%,99,88%,,nan,86,77%,17,15%,32,29%,49,44%,5,4%,27,24%
7,Kilgore,1,ANDERSON,White,381,364,96%,328,86%,28,7%,289,76%,66,17%,122,32%,188,49%,7,2%,102,27%
7,Kilgore,1,ANDERSON,Others,16,14,88%,13,81%,,nan,12,75%,,nan,6,38%,10,63%,,nan,5,31%
7,Kilgore,3,ANGELINA,African American,239,232,97%,218,91%,11,5%,201,84%,40,17%,78,33%,118,49%,,nan,33,14%
7,Kilgore,3,ANGELINA,Hispanic,316,304,96%,281,89%,22,7%,270,85%,23,7%,131,41%,154,49%,7,2%,60,19%
7,Kilgore,3,ANGELINA,White,648,622,96%,596,92%,17,3%,572,88%,130,20%,237,37%,367,57%,7,1%,185,29%
7,Kilgore,3,ANGELINA,Others,36,35,97%,32,89%,,nan,30,83%,8,22%,10,28%,18,50%,,nan,8,22%
7,Kilgore,37,CHEROKEE,African American,109,103,95%,86,79%,15,14%,76,70%,18,17%,30,28%,48,44%,,nan,14,13%
7,Kilgore,37,CHEROKEE,Hispanic,219,203,93%,181,83%,19,9%,169,77%,16,7%,47,21%,63,29%,,nan,30,14%
7,Kilgore,37,CHEROKEE,White,285,273,96%,239,84%,18,6%,210,74%,31,11%,105,37%,136,48%,6,2%,67,24%
7,Kilgore,37,CHEROKEE,Others,15,15,100%,14,93%,,nan,13,87%,,nan,6,40%,10,67%,,nan,6,40%
7,Kilgore,92,GREGG,African American,453,433,96%,397,88%,36,8%,360,79%,69,15%,177,39%,246,54%,15,3%,77,17%
7,Kilgore,92,GREGG,Hispanic,392,366,93%,352,90%,19,5%,332,85%,20,5%,132,34%,152,39%,,nan,73,19%
7,Kilgore,92,GREGG,White,805,754,94%,710,88%,22,3%,635,79%,131,16%,328,41%,459,57%,17,2%,225,28%
7,Kilgore,92,GREGG,Others,51,49,96%,45,88%,,nan,42,82%,13,25%,15,29%,28,55%,,nan,15,29%
7,Kilgore,102,HARRISON,African American,207,202,98%,190,92%,13,6%,185,89%,43,21%,79,38%,122,59%,,nan,31,15%
7,Kilgore,102,HARRISON,Hispanic,137,130,95%,120,88%,6,4%,114,83%,16,12%,28,20%,44,32%,,nan,24,18%
7,Kilgore,102,HARRISON,White,559,528,94%,492,88%,17,3%,453,81%,110,20%,177,32%,287,51%,8,1%,144,26%
7,Kilgore,102,HARRISON,Others,20,18,90%,13,65%,,nan,12,60%,,nan,,nan,8,40%,,nan,,nan
7,Kilgore,107,HENDERSON,African American,71,70,99%,67,94%,,nan,63,89%,16,23%,37,52%,53,75%,,nan,19,27%
7,Kilgore,107,HENDERSON,Hispanic,157,151,96%,142,90%,9,6%,137,87%,18,11%,51,32%,69,44%,,nan,28,18%
7,Kilgore,107,HENDERSON,White,487,464,95%,436,90%,14,3%,371,76%,64,13%,170,35%,234,48%,21,4%,117,24%
7,Kilgore,107,HENDERSON,Others,16,16,100%,15,94%,,nan,12,75%,5,31%,,nan,9,56%,,nan,,nan
7,Kilgore,174,NACOGDOCHES,African American,148,136,92%,114,77%,27,18%,106,72%,24,16%,38,26%,62,42%,,nan,23,16%
7,Kilgore,174,NACOGDOCHES,Hispanic,211,196,93%,177,84%,25,12%,162,77%,17,8%,62,29%,79,37%,,nan,39,18%
7,Kilgore,174,NACOGDOCHES,White,450,435,97%,409,91%,16,4%,378,84%,133,30%,130,29%,263,58%,12,3%,146,32%
7,Kilgore,174,NACOGDOCHES,Others,16,15,94%,14,88%,,nan,12,75%,9,56%,,nan,11,69%,,nan,7,44%
7,Kilgore,183,PANOLA,African American,58,57,98%,52,90%,,nan,47,81%,9,16%,26,45%,35,60%,,nan,10,17%
7,Kilgore,183,PANOLA,White,203,191,94%,177,87%,6,3%,159,78%,39,19%,82,40%,121,60%,6,3%,74,36%
7,Kilgore,183,PANOLA,Other Ethnicities,48,46,96%,34,71%,7,15%,31,65%,6,13%,13,27%,19,40%,,nan,10,21%
7,Kilgore,190,RAINS,Hispanic,13,13,100%,12,92%,,nan,11,85%,,nan,6,46%,9,69%,,nan,,nan
7,Kilgore,190,RAINS,White,113,111,98%,99,88%,6,5%,89,79%,22,19%,38,34%,60,53%,,nan,21,19%
7,Kilgore,190,RAINS,Other Ethnicities,10,10,100%,10,100%,,nan,10,100%,,nan,,nan,6,60%,,nan,,nan
7,Kilgore,201,RUSK,Hispanic,136,135,99%,126,93%,6,4%,117,86%,7,5%,49,36%,56,41%,,nan,32,24%
7,Kilgore,201,RUSK,White,299,285,95%,270,90%,14,5%,254,85%,40,13%,114,38%,154,52%,7,2%,72,24%
7,Kilgore,201,RUSK,Other Ethnicities,106,101,95%,96,91%,7,7%,93,88%,11,10%,45,42%,56,53%,,nan,22,21%
7,Kilgore,202,SABINE,White,100,94,94%,86,86%,6,6%,75,75%,15,15%,30,30%,45,45%,,nan,18,18%
7,Kilgore,202,SABINE,Other Ethnicities,23,22,96%,20,87%,,nan,18,78%,,nan,6,26%,8,35%,,nan,,nan
7,Kilgore,203,SAN AUGUSTINE,White,42,39,93%,38,90%,,nan,36,86%,7,17%,10,24%,17,40%,,nan,6,14%
7,Kilgore,203,SAN AUGUSTINE,Other Ethnicities,35,35,100%,34,97%,,nan,29,83%,6,17%,13,37%,19,54%,,nan,7,20%
7,Kilgore,210,SHELBY,Hispanic,73,70,96%,65,89%,,nan,61,84%,,nan,35,48%,39,53%,,nan,20,27%
7,Kilgore,210,SHELBY,White,206,201,98%,184,89%,6,3%,157,76%,36,17%,79,38%,115,56%,,nan,65,32%
7,Kilgore,210,SHELBY,Other Ethnicities,78,72,92%,66,85%,5,6%,64,82%,10,13%,34,44%,44,56%,,nan,11,14%
7,Kilgore,212,SMITH,African American,575,551,96%,492,86%,51,9%,443,77%,79,14%,233,41%,312,54%,17,3%,99,17%
7,Kilgore,212,SMITH,Hispanic,705,662,94%,582,83%,63,9%,531,75%,33,5%,227,32%,260,37%,13,2%,131,19%
7,Kilgore,212,SMITH,White,1217,1157,95%,1078,89%,50,4%,962,79%,234,19%,465,38%,699,57%,58,5%,362,30%
7,Kilgore,212,SMITH,Others,94,86,91%,81,86%,5,5%,66,70%,24,26%,30,32%,54,57%,,nan,30,32%
7,Kilgore,230,UPSHUR,African American,54,53,98%,52,96%,,nan,51,94%,11,20%,24,44%,35,65%,,nan,9,17%
7,Kilgore,230,UPSHUR,Hispanic,57,54,95%,53,93%,,nan,49,86%,9,16%,14,25%,23,40%,,nan,15,26%
7,Kilgore,230,UPSHUR,White,399,381,95%,359,90%,16,4%,324,81%,59,15%,158,40%,217,54%,8,2%,112,28%
7,Kilgore,230,UPSHUR,Others,14,13,93%,12,86%,,nan,12,86%,,nan,5,36%,7,50%,,nan,5,36%
7,Kilgore,234,VAN ZANDT,African American,17,17,100%,14,82%,,nan,15,88%,,nan,,nan,7,41%,,nan,,nan
7,Kilgore,234,VAN ZANDT,Hispanic,65,64,98%,61,94%,,nan,57,88%,6,9%,28,43%,34,52%,,nan,21,32%
7,Kilgore,234,VAN ZANDT,White,295,287,97%,267,91%,7,2%,247,84%,57,19%,99,34%,156,53%,5,2%,91,31%
7,Kilgore,234,VAN ZANDT,Others,11,11,100%,10,91%,,nan,9,82%,,nan,5,45%,8,73%,,nan,5,45%
7,Kilgore,250,WOOD,African American,27,25,93%,23,85%,,nan,22,81%,7,26%,8,30%,15,56%,,nan,7,26%
7,Kilgore,250,WOOD,Hispanic,76,70,92%,65,86%,,nan,57,75%,7,9%,26,34%,33,43%,,nan,17,22%
7,Kilgore,250,WOOD,White,356,343,96%,319,90%,10,3%,294,83%,62,17%,131,37%,193,54%,7,2%,88,25%
7,Kilgore,250,WOOD,Others,8,8,100%,8,100%,,nan,7,88%,,nan,,nan,6,75%,,nan,,nan
8,Mt. Pleasant,19,BOWIE,African American,368,341,93%,302,82%,38,10%,278,76%,44,12%,107,29%,151,41%,6,2%,47,13%
8,Mt. Pleasant,19,BOWIE,Hispanic,96,89,93%,86,90%,,nan,76,79%,11,11%,31,32%,42,44%,,nan,18,19%
8,Mt. Pleasant,19,BOWIE,White,738,695,94%,648,88%,25,3%,593,80%,102,14%,268,36%,370,50%,30,4%,177,24%
8,Mt. Pleasant,19,BOWIE,Others,72,67,93%,62,86%,,nan,55,76%,12,17%,20,28%,32,44%,,nan,16,22%
8,Mt. Pleasant,32,CAMP,African American,25,25,100%,22,88%,,nan,21,84%,,nan,7,28%,10,40%,,nan,,nan
8,Mt. Pleasant,32,CAMP,Hispanic,78,76,97%,74,95%,,nan,62,79%,,nan,23,29%,26,33%,,nan,12,15%
8,Mt. Pleasant,32,CAMP,White,70,66,94%,62,89%,,nan,53,76%,7,10%,34,49%,41,59%,,nan,22,31%
8,Mt. Pleasant,32,CAMP,Others,9,9,100%,9,100%,,nan,8,89%,,nan,6,67%,7,78%,,nan,,nan
8,Mt. Pleasant,34,CASS,African American,88,87,99%,83,94%,,nan,77,88%,12,14%,30,34%,42,48%,,nan,15,17%
8,Mt. Pleasant,34,CASS,White,295,282,96%,263,89%,15,5%,241,82%,44,15%,103,35%,147,50%,8,3%,74,25%
8,Mt. Pleasant,34,CASS,Other Ethnicities,29,28,97%,27,93%,,nan,24,83%,,nan,9,31%,11,38%,,nan,5,17%
8,Mt. Pleasant,60,DELTA,African American,12,11,92%,11,92%,,nan,12,100%,,nan,9,75%,9,75%,,nan,,nan
8,Mt. Pleasant,60,DELTA,White,59,57,97%,56,95%,,nan,52,88%,,nan,31,53%,35,59%,,nan,19,32%
8,Mt. Pleasant,60,DELTA,Other Ethnicities,11,10,91%,10,91%,,nan,9,82%,,nan,,nan,7,64%,,nan,,nan
8,Mt. Pleasant,80,FRANKLIN,Hispanic,22,21,95%,22,100%,,nan,21,95%,,nan,13,59%,13,59%,,nan,7,32%
8,Mt. Pleasant,80,FRANKLIN,White,79,77,97%,72,91%,,nan,64,81%,12,15%,32,41%,44,56%,,nan,22,28%
8,Mt. Pleasant,80,FRANKLIN,Other Ethnicities,9,9,100%,8,89%,,nan,8,89%,,nan,6,67%,7,78%,,nan,,nan
8,Mt. Pleasant,112,HOPKINS,Hispanic,107,103,96%,90,84%,11,10%,96,90%,10,9%,43,40%,53,50%,,nan,28,26%
8,Mt. Pleasant,112,HOPKINS,White,322,305,95%,282,88%,19,6%,260,81%,91,28%,105,33%,196,61%,10,3%,105,33%
8,Mt. Pleasant,112,HOPKINS,Other Ethnicities,41,39,95%,30,73%,8,20%,30,73%,5,12%,16,39%,21,51%,,nan,5,12%
8,Mt. Pleasant,139,LAMAR,African American,126,121,96%,106,84%,13,10%,95,75%,16,13%,55,44%,71,56%,,nan,21,17%
8,Mt. Pleasant,139,LAMAR,Hispanic,53,48,91%,41,77%,,nan,41,77%,,nan,27,51%,28,53%,,nan,17,32%
8,Mt. Pleasant,139,LAMAR,White,449,421,94%,387,86%,21,5%,355,79%,72,16%,187,42%,259,58%,10,2%,134,30%
8,Mt. Pleasant,139,LAMAR,Others,34,31,91%,28,82%,,nan,27,79%,,nan,15,44%,19,56%,,nan,10,29%
8,Mt. Pleasant,155,MARION,White,50,44,88%,42,84%,,nan,36,72%,7,14%,14,28%,21,42%,,nan,10,20%
8,Mt. Pleasant,155,MARION,Other Ethnicities,35,34,97%,34,97%,,nan,33,94%,6,17%,15,43%,21,60%,,nan,9,26%
8,Mt. Pleasant,172,MORRIS,African American,64,61,95%,56,88%,6,9%,56,88%,12,19%,32,50%,44,69%,,nan,8,13%
8,Mt. Pleasant,172,MORRIS,White,92,83,90%,74,80%,8,9%,65,71%,8,9%,30,33%,38,41%,,nan,21,23%
8,Mt. Pleasant,172,MORRIS,Other Ethnicities,17,15,88%,15,88%,,nan,13,76%,,nan,5,29%,5,29%,,nan,,nan
8,Mt. Pleasant,194,RED RIVER,African American,44,40,91%,39,89%,,nan,35,80%,6,14%,20,45%,26,59%,,nan,12,27%
8,Mt. Pleasant,194,RED RIVER,White,121,114,94%,107,88%,5,4%,101,83%,5,4%,60,50%,65,54%,,nan,31,26%
8,Mt. Pleasant,194,RED RIVER,Other Ethnicities,27,25,93%,22,81%,,nan,18,67%,,nan,10,37%,11,41%,,nan,5,19%
8,Mt. Pleasant,225,TITUS,African American,45,42,93%,30,67%,12,27%,35,78%,9,20%,11,24%,20,44%,,nan,6,13%
8,Mt. Pleasant,225,TITUS,Hispanic,295,284,96%,239,81%,36,12%,243,82%,8,3%,122,41%,130,44%,6,2%,61,21%
8,Mt. Pleasant,225,TITUS,White,170,157,92%,142,84%,10,6%,131,77%,23,14%,84,49%,107,63%,8,5%,59,35%
8,Mt. Pleasant,225,TITUS,Others,9,8,89%,6,67%,,nan,7,78%,,nan,,nan,5,56%,,nan,,nan
9,Wichita Falls,5,ARCHER,White,126,123,98%,120,95%,,nan,112,89%,45,36%,39,31%,84,67%,,nan,59,47%
9,Wichita Falls,5,ARCHER,Other Ethnicities,25,25,100%,22,88%,,nan,21,84%,,nan,5,20%,5,20%,,nan,,nan
9,Wichita Falls,12,BAYLOR,White,26,25,96%,24,92%,,nan,21,81%,10,38%,8,31%,18,69%,,nan,10,38%
9,Wichita Falls,12,BAYLOR,Other Ethnicities,18,18,100%,16,89%,,nan,15,83%,,nan,8,44%,11,61%,,nan,5,28%
9,Wichita Falls,39,CLAY,White,116,112,97%,113,97%,,nan,104,90%,24,21%,33,28%,57,49%,,nan,26,22%
9,Wichita Falls,39,CLAY,Other Ethnicities,19,19,100%,17,89%,,nan,15,79%,,nan,7,37%,9,47%,,nan,,nan
9,Wichita Falls,78,FOARD,All Ethnicities,19,17,89%,18,95%,,nan,16,84%,9,47%,,nan,11,58%,,nan,7,37%
9,Wichita Falls,99,HARDEMAN,White,31,29,94%,28,90%,,nan,25,81%,7,23%,8,26%,15,48%,,nan,6,19%
9,Wichita Falls,99,HARDEMAN,Other Ethnicities,17,17,100%,15,88%,,nan,15,88%,,nan,7,41%,9,53%,,nan,6,35%
9,Wichita Falls,119,JACK,White,92,90,98%,87,95%,,nan,81,88%,17,18%,36,39%,53,58%,,nan,33,36%
9,Wichita Falls,119,JACK,Other Ethnicities,14,13,93%,12,86%,,nan,12,86%,,nan,9,64%,9,64%,,nan,,nan
9,Wichita Falls,138,KNOX,Hispanic,20,19,95%,17,85%,,nan,16,80%,,nan,,nan,7,35%,,nan,,nan
9,Wichita Falls,138,KNOX,Other Ethnicities,18,18,100%,18,100%,,nan,17,94%,6,33%,5,28%,11,61%,,nan,8,44%
9,Wichita Falls,169,MONTAGUE,Hispanic,30,29,97%,29,97%,,nan,26,87%,,nan,9,30%,11,37%,,nan,,nan
9,Wichita Falls,169,MONTAGUE,White,203,193,95%,182,90%,8,4%,170,84%,56,28%,49,24%,105,52%,,nan,54,27%
9,Wichita Falls,169,MONTAGUE,Others,17,17,100%,15,88%,,nan,13,76%,,nan,,nan,6,35%,,nan,,nan
9,Wichita Falls,224,THROCKMORTON,All Ethnicities,27,27,100%,25,93%,,nan,21,78%,7,26%,9,33%,16,59%,,nan,6,22%
9,Wichita Falls,243,WICHITA,African American,199,180,90%,161,81%,17,9%,159,80%,31,16%,43,22%,74,37%,,nan,22,11%
9,Wichita Falls,243,WICHITA,Hispanic,403,380,94%,329,82%,43,11%,319,79%,68,17%,94,23%,162,40%,8,2%,67,17%
9,Wichita Falls,243,WICHITA,White,872,814,93%,765,88%,34,4%,719,82%,245,28%,230,26%,475,54%,24,3%,227,26%
9,Wichita Falls,243,WICHITA,Others,95,84,88%,74,78%,6,6%,70,74%,23,24%,20,21%,43,45%,,nan,22,23%
9,Wichita Falls,244,WILBARGER,Hispanic,57,51,89%,50,88%,5,9%,47,82%,,nan,17,30%,18,32%,,nan,7,12%
9,Wichita Falls,244,WILBARGER,White,100,92,92%,91,91%,,nan,80,80%,19,19%,43,43%,62,62%,,nan,28,28%
9,Wichita Falls,244,WILBARGER,Other Ethnicities,22,21,95%,19,86%,,nan,20,91%,,nan,11,50%,14,64%,,nan,5,23%
9,Wichita Falls,252,YOUNG,White,169,162,96%,155,92%,7,4%,140,83%,48,28%,36,21%,84,50%,,nan,43,25%
9,Wichita Falls,252,YOUNG,Other Ethnicities,71,70,99%,63,89%,6,8%,62,87%,14,20%,13,18%,27,38%,,nan,9,13%
10,Richardson,43,COLLIN,African American,1268,1197,94%,1097,87%,73,6%,1064,84%,296,23%,454,36%,750,59%,25,2%,321,25%
10,Richardson,43,COLLIN,Hispanic,2297,2196,96%,1990,87%,187,8%,1943,85%,322,14%,795,35%,1117,49%,33,1%,504,22%
10,Richardson,43,COLLIN,White,6891,6596,96%,6267,91%,174,3%,5975,87%,1920,28%,2448,36%,4368,63%,240,3%,2446,36%
10,Richardson,43,COLLIN,Others,1887,1820,96%,1742,92%,30,2%,1648,87%,806,43%,431,23%,1237,66%,60,3%,889,47%
10,Richardson,57,DALLAS,African American,8401,7797,93%,6848,82%,958,11%,6409,76%,1984,24%,2421,29%,4405,52%,250,3%,1348,16%
10,Richardson,57,DALLAS,Hispanic,16762,15674,94%,13796,82%,1854,11%,13100,78%,1758,10%,4958,30%,6716,40%,185,1%,2453,15%
10,Richardson,57,DALLAS,White,5531,5227,95%,4853,88%,291,5%,4592,83%,1561,28%,1679,30%,3240,59%,163,3%,1724,31%
10,Richardson,57,DALLAS,Others,1924,1825,95%,1750,91%,77,4%,1655,86%,669,35%,531,28%,1200,62%,44,2%,742,39%
10,Richardson,70,ELLIS,African American,247,236,96%,217,88%,16,6%,199,81%,64,26%,90,36%,154,62%,5,2%,59,24%
10,Richardson,70,ELLIS,Hispanic,826,799,97%,723,88%,63,8%,687,83%,105,13%,296,36%,401,49%,12,1%,175,21%
10,Richardson,70,ELLIS,White,1303,1259,97%,1162,89%,73,6%,1103,85%,339,26%,452,35%,791,61%,28,2%,447,34%
10,Richardson,70,ELLIS,Others,82,77,94%,68,83%,6,7%,65,79%,16,20%,25,30%,41,50%,,nan,18,22%
10,Richardson,74,FANNIN,African American,19,19,100%,18,95%,,nan,16,84%,,nan,,nan,6,32%,,nan,,nan
10,Richardson,74,FANNIN,Hispanic,50,47,94%,47,94%,,nan,41,82%,9,18%,13,26%,22,44%,,nan,9,18%
10,Richardson,74,FANNIN,White,330,315,95%,297,90%,10,3%,274,83%,63,19%,113,34%,176,53%,,nan,81,25%
10,Richardson,74,FANNIN,Others,13,11,85%,11,85%,,nan,11,85%,,nan,,nan,7,54%,,nan,,nan
10,Richardson,91,GRAYSON,African American,109,104,95%,88,81%,7,6%,84,77%,12,11%,40,37%,52,48%,,nan,17,16%
10,Richardson,91,GRAYSON,Hispanic,247,232,94%,200,81%,28,11%,189,77%,26,11%,83,34%,109,44%,,nan,49,20%
10,Richardson,91,GRAYSON,White,1139,1080,95%,1006,88%,44,4%,907,80%,212,19%,452,40%,664,58%,42,4%,334,29%
10,Richardson,91,GRAYSON,Others,108,99,92%,95,88%,,nan,83,77%,16,15%,34,31%,50,46%,,nan,19,18%
10,Richardson,116,HUNT,African American,99,95,96%,79,80%,11,11%,64,65%,14,14%,20,20%,34,34%,,nan,11,11%
10,Richardson,116,HUNT,Hispanic,215,205,95%,183,85%,17,8%,171,80%,24,11%,64,30%,88,41%,7,3%,35,16%
10,Richardson,116,HUNT,White,682,652,96%,601,88%,29,4%,519,76%,156,23%,214,31%,370,54%,27,4%,175,26%
10,Richardson,116,HUNT,Others,52,41,79%,38,73%,5,10%,31,60%,12,23%,14,27%,26,50%,6,12%,12,23%
10,Richardson,129,KAUFMAN,African American,188,183,97%,164,87%,12,6%,161,86%,31,16%,75,40%,106,56%,,nan,32,17%
10,Richardson,129,KAUFMAN,Hispanic,435,416,96%,382,88%,27,6%,369,85%,61,14%,128,29%,189,43%,6,1%,82,19%
10,Richardson,129,KAUFMAN,White,1208,1156,96%,1079,89%,63,5%,980,81%,222,18%,444,37%,666,55%,30,2%,314,26%
10,Richardson,129,KAUFMAN,Others,88,84,95%,78,89%,5,6%,75,85%,31,35%,23,26%,54,61%,,nan,32,36%
10,Richardson,199,ROCKWALL,African American,106,100,94%,87,82%,12,11%,87,82%,26,25%,37,35%,63,59%,,nan,26,25%
10,Richardson,199,ROCKWALL,Hispanic,330,316,96%,264,80%,51,15%,273,83%,50,15%,126,38%,176,53%,,nan,65,20%
10,Richardson,199,ROCKWALL,White,932,906,97%,840,90%,37,4%,792,85%,289,31%,321,34%,610,65%,39,4%,306,33%
10,Richardson,199,ROCKWALL,Others,88,88,100%,81,92%,5,6%,77,88%,28,32%,34,39%,62,70%,9,10%,32,36%
10,Richardson,234,VAN ZANDT,African American,12,12,100%,10,83%,,nan,10,83%,,nan,,nan,8,67%,,nan,,nan
10,Richardson,234,VAN ZANDT,Hispanic,50,49,98%,47,94%,,nan,40,80%,10,20%,11,22%,21,42%,,nan,9,18%
10,Richardson,234,VAN ZANDT,White,288,273,95%,256,89%,9,3%,228,79%,60,21%,91,32%,151,52%,8,3%,81,28%
10,Richardson,234,VAN ZANDT,Others,27,25,93%,23,85%,,nan,23,85%,,nan,8,30%,11,41%,,nan,,nan
11,Fort Worth,49,COOKE,Hispanic,117,111,95%,101,86%,8,7%,95,81%,,nan,39,33%,43,37%,,nan,14,12%
11,Fort Worth,49,COOKE,White,290,275,95%,269,93%,6,2%,243,84%,68,23%,116,40%,184,63%,8,3%,111,38%
11,Fort Worth,49,COOKE,Other Ethnicities,34,32,94%,30,88%,,nan,26,76%,,nan,10,29%,13,38%,,nan,5,15%
11,Fort Worth,61,DENTON,African American,741,706,95%,644,87%,45,6%,624,84%,150,20%,229,31%,379,51%,21,3%,141,19%
11,Fort Worth,61,DENTON,Hispanic,2005,1939,97%,1784,89%,123,6%,1669,83%,303,15%,564,28%,867,43%,28,1%,335,17%
11,Fort Worth,61,DENTON,White,4898,4720,96%,4458,91%,187,4%,4197,86%,1333,27%,1559,32%,2892,59%,128,3%,1537,31%
11,Fort Worth,61,DENTON,Others,675,654,97%,621,92%,19,3%,597,88%,260,39%,157,23%,417,62%,14,2%,261,39%
11,Fort Worth,72,ERATH,Hispanic,145,135,93%,114,79%,17,12%,101,70%,21,14%,37,26%,58,40%,,nan,29,20%
11,Fort Worth,72,ERATH,White,240,223,93%,191,80%,23,10%,182,76%,65,27%,78,33%,143,60%,11,5%,83,35%
11,Fort Worth,72,ERATH,Other Ethnicities,20,18,90%,15,75%,,nan,14,70%,8,40%,,nan,11,55%,,nan,7,35%
11,Fort Worth,111,HOOD,White,451,431,96%,391,87%,17,4%,353,78%,119,26%,118,26%,237,53%,12,3%,119,26%
11,Fort Worth,111,HOOD,Other Ethnicities,120,118,98%,116,97%,,nan,107,89%,14,12%,41,34%,55,46%,,nan,28,23%
11,Fort Worth,126,JOHNSON,African American,85,78,92%,76,89%,,nan,71,84%,16,19%,35,41%,51,60%,,nan,17,20%
11,Fort Worth,126,JOHNSON,Hispanic,572,542,95%,496,87%,43,8%,488,85%,74,13%,192,34%,266,47%,5,1%,105,18%
11,Fort Worth,126,JOHNSON,White,1610,1548,96%,1378,86%,117,7%,1332,83%,331,21%,543,34%,874,54%,45,3%,422,26%
11,Fort Worth,126,JOHNSON,Others,90,85,94%,78,87%,,nan,73,81%,15,17%,34,38%,49,54%,,nan,18,20%
11,Fort Worth,182,PALO PINTO,Hispanic,101,98,97%,93,92%,5,5%,86,85%,5,5%,34,34%,39,39%,,nan,15,15%
11,Fort Worth,182,PALO PINTO,White,237,218,92%,203,86%,11,5%,186,78%,40,17%,80,34%,120,51%,7,3%,69,29%
11,Fort Worth,182,PALO PINTO,Other Ethnicities,22,21,95%,20,91%,,nan,19,86%,,nan,6,27%,9,41%,,nan,,nan
11,Fort Worth,184,PARKER,African American,30,29,97%,28,93%,,nan,26,87%,9,30%,8,27%,17,57%,,nan,,nan
11,Fort Worth,184,PARKER,Hispanic,233,228,98%,206,88%,14,6%,198,85%,29,12%,88,38%,117,50%,,nan,49,21%
11,Fort Worth,184,PARKER,White,1204,1143,95%,1065,88%,50,4%,983,82%,281,23%,448,37%,729,61%,52,4%,372,31%
11,Fort Worth,184,PARKER,Others,54,52,96%,50,93%,,nan,48,89%,16,30%,16,30%,32,59%,,nan,19,35%
11,Fort Worth,213,SOMERVELL,White,82,81,99%,77,94%,,nan,71,87%,34,41%,17,21%,51,62%,,nan,30,37%
11,Fort Worth,213,SOMERVELL,Other Ethnicities,42,40,95%,39,93%,,nan,36,86%,9,21%,7,17%,16,38%,,nan,7,17%
11,Fort Worth,220,TARRANT,African American,4625,4313,93%,3558,77%,663,14%,3460,75%,996,22%,1420,31%,2416,52%,134,3%,776,17%
11,Fort Worth,220,TARRANT,Hispanic,8769,8341,95%,6928,79%,1261,14%,6748,77%,1081,12%,2701,31%,3782,43%,141,2%,1462,17%
11,Fort Worth,220,TARRANT,White,9259,8808,95%,8092,87%,521,6%,7588,82%,2450,26%,3048,33%,5498,59%,298,3%,2910,31%
11,Fort Worth,220,TARRANT,Others,1957,1878,96%,1767,90%,80,4%,1662,85%,685,35%,574,29%,1259,64%,51,3%,724,37%
11,Fort Worth,249,WISE,Hispanic,181,177,98%,168,93%,7,4%,151,83%,20,11%,53,29%,73,40%,,nan,33,18%
11,Fort Worth,249,WISE,White,521,501,96%,489,94%,8,2%,425,82%,134,26%,169,32%,303,58%,13,3%,149,29%
11,Fort Worth,249,WISE,Other Ethnicities,23,21,91%,18,78%,,nan,19,83%,7,30%,6,26%,13,57%,,nan,6,26%
12,Waco,14,BELL,African American,1147,1019,89%,799,70%,174,15%,801,70%,163,14%,353,31%,516,45%,38,3%,177,15%
12,Waco,14,BELL,Hispanic,1158,1055,91%,856,74%,150,13%,837,72%,157,14%,376,32%,533,46%,42,4%,210,18%
12,Waco,14,BELL,White,1637,1491,91%,1292,79%,105,6%,1227,75%,340,21%,536,33%,876,54%,36,2%,448,27%
12,Waco,14,BELL,Others,362,323,89%,266,73%,34,9%,262,72%,63,17%,135,37%,198,55%,17,5%,91,25%
12,Waco,18,BOSQUE,Hispanic,65,61,94%,58,89%,,nan,52,80%,8,12%,22,34%,30,46%,5,8%,18,28%
12,Waco,18,BOSQUE,White,160,150,94%,144,90%,,nan,133,83%,44,28%,63,39%,107,67%,6,4%,58,36%
12,Waco,18,BOSQUE,Other Ethnicities,9,9,100%,8,89%,,nan,7,78%,,nan,,nan,6,67%,,nan,,nan
12,Waco,50,CORYELL,African American,139,129,93%,102,73%,21,15%,107,77%,22,16%,42,30%,64,46%,,nan,24,17%
12,Waco,50,CORYELL,Hispanic,146,139,95%,119,82%,17,12%,128,88%,33,23%,48,33%,81,55%,,nan,29,20%
12,Waco,50,CORYELL,White,494,453,92%,383,78%,38,8%,374,76%,110,22%,145,29%,255,52%,20,4%,127,26%
12,Waco,50,CORYELL,Others,63,56,89%,49,78%,6,10%,49,78%,13,21%,22,35%,35,56%,,nan,13,21%
12,Waco,73,FALLS,African American,47,44,94%,45,96%,,nan,40,85%,9,19%,18,38%,27,57%,,nan,10,21%
12,Waco,73,FALLS,Hispanic,67,62,93%,56,84%,,nan,49,73%,,nan,19,28%,23,34%,,nan,10,15%
12,Waco,73,FALLS,White,43,40,93%,38,88%,,nan,37,86%,5,12%,17,40%,22,51%,,nan,10,23%
12,Waco,73,FALLS,Others,5,5,100%,,nan,,nan,5,100%,,nan,,nan,5,100%,,nan,,nan
12,Waco,81,FREESTONE,African American,39,39,100%,39,100%,,nan,35,90%,8,21%,15,38%,23,59%,,nan,8,21%
12,Waco,81,FREESTONE,White,167,157,94%,146,87%,7,4%,133,80%,29,17%,73,44%,102,61%,6,4%,53,32%
12,Waco,81,FREESTONE,Other Ethnicities,42,40,95%,35,83%,,nan,31,74%,,nan,12,29%,16,38%,,nan,8,19%
12,Waco,97,HAMILTON,White,106,103,97%,100,94%,,nan,95,90%,34,32%,28,26%,62,58%,,nan,31,29%
12,Waco,97,HAMILTON,Other Ethnicities,29,28,97%,23,79%,,nan,20,69%,5,17%,9,31%,14,48%,,nan,9,31%
12,Waco,109,HILL,African American,37,36,97%,32,86%,,nan,30,81%,,nan,18,49%,22,59%,,nan,7,19%
12,Waco,109,HILL,Hispanic,112,110,98%,107,96%,,nan,100,89%,12,11%,41,37%,53,47%,,nan,19,17%
12,Waco,109,HILL,White,331,311,94%,288,87%,16,5%,265,80%,60,18%,136,41%,196,59%,17,5%,95,29%
12,Waco,109,HILL,Others,9,9,100%,8,89%,,nan,8,89%,,nan,5,56%,6,67%,,nan,,nan
12,Waco,141,LAMPASAS,Hispanic,71,66,93%,62,87%,,nan,54,76%,13,18%,17,24%,30,42%,,nan,12,17%
12,Waco,141,LAMPASAS,White,210,194,92%,179,85%,6,3%,156,74%,43,20%,50,24%,93,44%,7,3%,39,19%
12,Waco,141,LAMPASAS,Other Ethnicities,18,16,89%,13,72%,,nan,14,78%,,nan,,nan,8,44%,,nan,,nan
12,Waco,147,LIMESTONE,African American,55,54,98%,47,85%,6,11%,49,89%,15,27%,22,40%,37,67%,,nan,10,18%
12,Waco,147,LIMESTONE,Hispanic,78,76,97%,75,96%,,nan,64,82%,6,8%,26,33%,32,41%,,nan,13,17%
12,Waco,147,LIMESTONE,White,115,110,96%,103,90%,,nan,91,79%,15,13%,43,37%,58,50%,5,4%,33,29%
12,Waco,147,LIMESTONE,Others,10,9,90%,9,90%,,nan,9,90%,,nan,,nan,5,50%,,nan,,nan
12,Waco,161,MCLENNAN,African American,574,541,94%,456,79%,85,15%,433,75%,92,16%,238,41%,330,57%,18,3%,103,18%
12,Waco,161,MCLENNAN,Hispanic,1171,1119,96%,979,84%,121,10%,924,79%,106,9%,491,42%,597,51%,17,1%,247,21%
12,Waco,161,MCLENNAN,White,1366,1303,95%,1209,89%,72,5%,1134,83%,272,20%,624,46%,896,66%,48,4%,523,38%
12,Waco,161,MCLENNAN,Others,109,104,95%,95,87%,5,5%,94,86%,39,36%,46,42%,85,78%,6,6%,46,42%
12,Waco,167,MILLS,White,55,53,96%,50,91%,,nan,49,89%,17,31%,18,33%,35,64%,,nan,25,45%
12,Waco,167,MILLS,Other Ethnicities,18,18,100%,15,83%,,nan,14,78%,6,33%,,nan,7,39%,,nan,,nan
12,Waco,175,NAVARRO,African American,103,98,95%,86,84%,12,12%,73,71%,11,11%,48,47%,59,57%,6,6%,14,14%
12,Waco,175,NAVARRO,Hispanic,253,244,96%,236,93%,5,2%,204,81%,12,5%,113,45%,125,49%,,nan,57,23%
12,Waco,175,NAVARRO,White,321,301,94%,291,91%,12,4%,260,81%,56,17%,146,45%,202,63%,11,3%,98,31%
12,Waco,175,NAVARRO,Others,24,21,88%,20,83%,,nan,18,75%,,nan,9,38%,11,46%,,nan,5,21%
13,Austin,11,BASTROP,African American,120,116,97%,99,83%,20,17%,104,87%,33,28%,21,18%,54,45%,,nan,21,18%
13,Austin,11,BASTROP,Hispanic,480,457,95%,373,78%,86,18%,400,83%,60,13%,115,24%,175,36%,5,1%,54,11%
13,Austin,11,BASTROP,White,465,441,95%,364,78%,74,16%,378,81%,114,25%,114,25%,228,49%,7,2%,114,25%
13,Austin,11,BASTROP,Others,36,36,100%,32,89%,,nan,30,83%,9,25%,12,33%,21,58%,,nan,9,25%
13,Austin,14,BELL,All Ethnicities,25,22,88%,21,84%,,nan,19,76%,5,20%,,nan,7,28%,,nan,,nan
13,Austin,16,BLANCO,White,90,89,99%,84,93%,,nan,77,86%,31,34%,25,28%,56,62%,,nan,27,30%
13,Austin,16,BLANCO,Other Ethnicities,40,38,95%,38,95%,,nan,36,90%,6,15%,13,33%,19,48%,,nan,,nan
13,Austin,27,BURNET,Hispanic,175,170,97%,153,87%,13,7%,144,82%,19,11%,45,26%,64,37%,,nan,29,17%
13,Austin,27,BURNET,White,366,346,95%,313,86%,20,5%,292,80%,107,29%,83,23%,190,52%,7,2%,98,27%
13,Austin,27,BURNET,Other Ethnicities,15,14,93%,12,80%,,nan,11,73%,,nan,,nan,8,53%,,nan,,nan
13,Austin,28,CALDWELL,African American,27,27,100%,27,100%,,nan,22,81%,,nan,5,19%,9,33%,,nan,,nan
13,Austin,28,CALDWELL,Hispanic,252,245,97%,235,93%,8,3%,211,84%,35,14%,39,15%,74,29%,,nan,25,10%
13,Austin,28,CALDWELL,White,165,160,97%,151,92%,5,3%,142,86%,48,29%,30,18%,78,47%,,nan,35,21%
13,Austin,28,CALDWELL,Others,9,9,100%,9,100%,,nan,9,100%,,nan,,nan,6,67%,,nan,,nan
13,Austin,46,COMAL,African American,59,49,83%,45,76%,5,8%,39,66%,18,31%,16,27%,34,58%,,nan,14,24%
13,Austin,46,COMAL,Hispanic,746,716,96%,653,88%,50,7%,622,83%,159,21%,200,27%,359,48%,13,2%,170,23%
13,Austin,46,COMAL,White,1160,1109,96%,1054,91%,31,3%,992,86%,432,37%,259,22%,691,60%,16,1%,416,36%
13,Austin,46,COMAL,Others,75,74,99%,73,97%,,nan,70,93%,24,32%,18,24%,42,56%,,nan,26,35%
13,Austin,75,FAYETTE,African American,26,24,92%,20,77%,5,19%,21,81%,,nan,,nan,6,23%,,nan,,nan
13,Austin,75,FAYETTE,Hispanic,71,70,99%,60,85%,9,13%,55,77%,5,7%,17,24%,22,31%,,nan,10,14%
13,Austin,75,FAYETTE,White,164,162,99%,147,90%,13,8%,142,87%,43,26%,61,37%,104,63%,,nan,64,39%
13,Austin,75,FAYETTE,Others,8,8,100%,7,88%,,nan,8,100%,,nan,,nan,5,63%,,nan,,nan
13,Austin,86,GILLESPIE,White,162,155,96%,149,92%,,nan,145,90%,67,41%,33,20%,100,62%,,nan,56,35%
13,Austin,86,GILLESPIE,Other Ethnicities,104,103,99%,99,95%,,nan,85,82%,17,16%,22,21%,39,38%,,nan,14,13%
13,Austin,89,GONZALES,Hispanic,140,137,98%,121,86%,15,11%,109,78%,7,5%,33,24%,40,29%,,nan,14,10%
13,Austin,89,GONZALES,White,91,88,97%,80,88%,5,5%,70,77%,22,24%,31,34%,53,58%,,nan,25,27%
13,Austin,89,GONZALES,Other Ethnicities,24,23,96%,23,96%,,nan,21,88%,6,25%,,nan,10,42%,,nan,,nan
13,Austin,94,GUADALUPE,African American,151,139,92%,119,79%,13,9%,112,74%,39,26%,35,23%,74,49%,6,4%,36,24%
13,Austin,94,GUADALUPE,Hispanic,807,760,94%,632,78%,110,14%,656,81%,143,18%,196,24%,339,42%,15,2%,155,19%
13,Austin,94,GUADALUPE,White,736,700,95%,647,88%,26,4%,613,83%,248,34%,182,25%,430,58%,19,3%,244,33%
13,Austin,94,GUADALUPE,Others,77,74,96%,65,84%,,nan,65,84%,27,35%,21,27%,48,62%,,nan,26,34%
13,Austin,105,HAYS,African American,65,63,97%,54,83%,5,8%,52,80%,10,15%,26,40%,36,55%,5,8%,9,14%
13,Austin,105,HAYS,Hispanic,1114,1085,97%,991,89%,89,8%,937,84%,220,20%,313,28%,533,48%,15,1%,208,19%
13,Austin,105,HAYS,White,882,856,97%,794,90%,42,5%,750,85%,315,36%,229,26%,544,62%,33,4%,328,37%
13,Austin,105,HAYS,Others,60,57,95%,54,90%,,nan,45,75%,20,33%,13,22%,33,55%,,nan,17,28%
13,Austin,130,KENDALL,Hispanic,53,51,96%,48,91%,,nan,51,96%,12,23%,5,9%,17,32%,,nan,9,17%
13,Austin,130,KENDALL,Other Ethnicities,46,43,93%,40,87%,,nan,40,87%,19,41%,8,17%,27,59%,,nan,15,33%
13,Austin,144,LEE,Hispanic,98,94,96%,77,79%,18,18%,87,89%,9,9%,23,23%,32,33%,,nan,10,10%
13,Austin,144,LEE,White,114,112,98%,98,86%,12,11%,101,89%,24,21%,35,31%,59,52%,,nan,28,25%
13,Austin,144,LEE,Other Ethnicities,32,31,97%,22,69%,7,22%,24,75%,,nan,9,28%,13,41%,,nan,5,16%
13,Austin,150,LLANO,White,130,125,96%,110,85%,15,12%,102,78%,36,28%,22,17%,58,45%,,nan,31,24%
13,Austin,150,LLANO,Other Ethnicities,30,28,93%,23,77%,,nan,23,77%,5,17%,7,23%,12,40%,,nan,6,20%
13,Austin,166,MILAM,All Ethnicities,38,37,97%,37,97%,,nan,32,84%,8,21%,13,34%,21,55%,,nan,10,26%
13,Austin,227,TRAVIS,African American,1213,1141,94%,1008,83%,120,10%,948,78%,278,23%,307,25%,585,48%,19,2%,201,17%
13,Austin,227,TRAVIS,Hispanic,5221,4948,95%,4238,81%,588,11%,3901,75%,720,14%,1230,24%,1950,37%,82,2%,709,14%
13,Austin,227,TRAVIS,White,2928,2771,95%,2594,89%,98,3%,2399,82%,1059,36%,769,26%,1828,62%,144,5%,1067,36%
13,Austin,227,TRAVIS,Others,644,608,94%,579,90%,16,2%,544,84%,242,38%,149,23%,391,61%,19,3%,253,39%
13,Austin,246,WILLIAMSON,African American,513,493,96%,444,87%,29,6%,417,81%,125,24%,156,30%,281,55%,15,3%,98,19%
13,Austin,246,WILLIAMSON,Hispanic,2148,2078,97%,1945,91%,97,5%,1821,85%,450,21%,626,29%,1076,50%,41,2%,479,22%
13,Austin,246,WILLIAMSON,White,3967,3817,96%,3628,91%,103,3%,3417,86%,1492,38%,1127,28%,2619,66%,104,3%,1604,40%
13,Austin,246,WILLIAMSON,Others,774,747,97%,723,93%,6,1%,682,88%,353,46%,152,20%,505,65%,14,2%,350,45%
14,Abilene,30,CALLAHAN,Hispanic,14,14,100%,13,93%,,nan,11,79%,,nan,,nan,8,57%,,nan,,nan
14,Abilene,30,CALLAHAN,White,167,160,96%,143,86%,10,6%,131,78%,49,29%,41,25%,90,54%,,nan,47,28%
14,Abilene,30,CALLAHAN,Other Ethnicities,6,6,100%,6,100%,,nan,6,100%,,nan,,nan,6,100%,,nan,,nan
14,Abilene,47,COMANCHE,Hispanic,69,67,97%,51,74%,13,19%,47,68%,9,13%,14,20%,23,33%,,nan,9,13%
14,Abilene,47,COMANCHE,White,97,92,95%,92,95%,,nan,82,85%,35,36%,27,28%,62,64%,,nan,30,31%
14,Abilene,67,EASTLAND,Hispanic,47,44,94%,42,89%,,nan,39,83%,9,19%,16,34%,25,53%,,nan,15,32%
14,Abilene,67,EASTLAND,White,160,153,96%,143,89%,5,3%,129,81%,38,24%,55,34%,93,58%,6,4%,45,28%
14,Abilene,67,EASTLAND,Other Ethnicities,7,6,86%,6,86%,,nan,6,86%,5,71%,,nan,6,86%,,nan,5,71%
14,Abilene,76,FISHER,White,23,22,96%,22,96%,,nan,21,91%,9,39%,,nan,13,57%,,nan,11,48%
14,Abilene,76,FISHER,Other Ethnicities,14,14,100%,14,100%,,nan,14,100%,,nan,8,57%,12,86%,,nan,7,50%
14,Abilene,104,HASKELL,White,38,37,97%,35,92%,,nan,29,76%,14,37%,10,26%,24,63%,,nan,13,34%
14,Abilene,104,HASKELL,Other Ethnicities,29,29,100%,25,86%,,nan,21,72%,5,17%,7,24%,12,41%,,nan,7,24%
14,Abilene,127,JONES,Hispanic,78,74,95%,68,87%,5,6%,62,79%,24,31%,13,17%,37,47%,,nan,12,15%
14,Abilene,127,JONES,White,123,120,98%,112,91%,,nan,104,85%,42,34%,34,28%,76,62%,5,4%,42,34%
14,Abilene,127,JONES,Other Ethnicities,10,9,90%,9,90%,,nan,6,60%,,nan,,nan,5,50%,,nan,,nan
14,Abilene,168,MITCHELL,White,49,46,94%,43,88%,,nan,34,69%,16,33%,12,24%,28,57%,,nan,14,29%
14,Abilene,168,MITCHELL,Other Ethnicities,47,46,98%,42,89%,,nan,37,79%,7,15%,17,36%,24,51%,,nan,11,23%
14,Abilene,177,NOLAN,Hispanic,83,79,95%,65,78%,9,11%,59,71%,22,27%,20,24%,42,51%,,nan,15,18%
14,Abilene,177,NOLAN,White,117,112,96%,96,82%,9,8%,87,74%,30,26%,28,24%,58,50%,,nan,26,22%
14,Abilene,177,NOLAN,Other Ethnicities,21,17,81%,13,62%,5,24%,15,71%,5,24%,5,24%,10,48%,,nan,,nan
14,Abilene,208,SCURRY,White,113,112,99%,107,95%,,nan,104,92%,21,19%,54,48%,75,66%,,nan,49,43%
14,Abilene,208,SCURRY,Other Ethnicities,120,116,97%,107,89%,8,7%,96,80%,9,8%,48,40%,57,48%,,nan,30,25%
14,Abilene,209,SHACKELFORD,All Ethnicities,47,45,96%,44,94%,,nan,40,85%,15,32%,12,26%,27,57%,,nan,18,38%
14,Abilene,215,STEPHENS,White,60,59,98%,56,93%,,nan,50,83%,16,27%,18,30%,34,57%,,nan,13,22%
14,Abilene,215,STEPHENS,Other Ethnicities,50,47,94%,43,86%,,nan,42,84%,7,14%,13,26%,20,40%,,nan,8,16%
14,Abilene,217,STONEWALL,All Ethnicities,12,11,92%,10,83%,,nan,8,67%,,nan,,nan,8,67%,,nan,6,50%
14,Abilene,221,TAYLOR,African American,180,161,89%,132,73%,21,12%,128,71%,31,17%,34,19%,65,36%,,nan,30,17%
14,Abilene,221,TAYLOR,Hispanic,656,582,89%,487,74%,89,14%,445,68%,105,16%,158,24%,263,40%,22,3%,100,15%
14,Abilene,221,TAYLOR,White,1000,909,91%,814,81%,62,6%,742,74%,302,30%,240,24%,542,54%,41,4%,297,30%
14,Abilene,221,TAYLOR,Others,108,101,94%,94,87%,,nan,86,80%,33,31%,31,29%,64,59%,,nan,35,32%
15,San Angelo,25,BROWN,African American,22,19,86%,17,77%,,nan,20,91%,,nan,6,27%,8,36%,,nan,,nan
15,San Angelo,25,BROWN,Hispanic,139,134,96%,117,84%,17,12%,117,84%,25,18%,25,18%,50,36%,,nan,18,13%
15,San Angelo,25,BROWN,White,318,297,93%,277,87%,17,5%,264,83%,86,27%,71,22%,157,49%,,nan,81,25%
15,San Angelo,25,BROWN,Others,11,11,100%,10,91%,,nan,10,91%,6,55%,,nan,8,73%,,nan,7,64%
15,San Angelo,41,COKE,Hispanic,8,8,100%,8,100%,,nan,6,75%,,nan,,nan,5,63%,,nan,,nan
15,San Angelo,41,COKE,White,26,26,100%,26,100%,,nan,26,100%,10,38%,10,38%,20,77%,,nan,9,35%
15,San Angelo,42,COLEMAN,White,76,72,95%,68,89%,,nan,60,79%,16,21%,18,24%,34,45%,,nan,14,18%
15,San Angelo,42,COLEMAN,Other Ethnicities,40,40,100%,35,88%,,nan,29,73%,10,25%,8,20%,18,45%,,nan,9,23%
15,San Angelo,48,CONCHO,Hispanic,11,11,100%,11,100%,,nan,10,91%,,nan,,nan,5,45%,,nan,,nan
15,San Angelo,48,CONCHO,White,17,16,94%,16,94%,,nan,14,82%,11,65%,,nan,11,65%,,nan,6,35%
15,San Angelo,53,CROCKETT,Hispanic,42,41,98%,37,88%,,nan,30,71%,6,14%,5,12%,11,26%,,nan,,nan
15,San Angelo,53,CROCKETT,White,13,13,100%,13,100%,,nan,13,100%,6,46%,,nan,7,54%,,nan,,nan
15,San Angelo,69,EDWARDS,Hispanic,27,23,85%,23,85%,,nan,24,89%,5,19%,8,30%,13,48%,,nan,9,33%
15,San Angelo,69,EDWARDS,White,15,14,93%,13,87%,,nan,12,80%,,nan,,nan,8,53%,,nan,,nan
15,San Angelo,118,IRION,Hispanic,7,7,100%,7,100%,,nan,6,86%,,nan,,nan,5,71%,,nan,,nan
15,San Angelo,118,IRION,White,23,22,96%,19,83%,,nan,19,83%,13,57%,,nan,14,61%,,nan,11,48%
15,San Angelo,134,KIMBLE,White,25,24,96%,24,96%,,nan,23,92%,8,32%,5,20%,13,52%,,nan,8,32%
15,San Angelo,134,KIMBLE,Other Ethnicities,18,16,89%,15,83%,,nan,16,89%,6,33%,,nan,10,56%,,nan,,nan
15,San Angelo,157,MASON,White,26,26,100%,26,100%,,nan,22,85%,13,50%,,nan,17,65%,,nan,9,35%
15,San Angelo,157,MASON,Other Ethnicities,22,22,100%,22,100%,,nan,16,73%,6,27%,,nan,10,45%,,nan,6,27%
15,San Angelo,160,MCCULLOCH,White,51,48,94%,46,90%,,nan,43,84%,13,25%,16,31%,29,57%,,nan,15,29%
15,San Angelo,160,MCCULLOCH,Other Ethnicities,57,54,95%,52,91%,,nan,45,79%,12,21%,14,25%,26,46%,,nan,10,18%
15,San Angelo,164,MENARD,Hispanic,12,12,100%,11,92%,,nan,11,92%,,nan,,nan,7,58%,,nan,,nan
15,San Angelo,164,MENARD,White,7,5,71%,5,71%,,nan,6,86%,,nan,,nan,5,71%,,nan,,nan
15,San Angelo,200,RUNNELS,White,91,90,99%,83,91%,,nan,76,84%,43,47%,17,19%,60,66%,,nan,38,42%
15,San Angelo,200,RUNNELS,Other Ethnicities,69,68,99%,63,91%,,nan,54,78%,12,17%,17,25%,29,42%,,nan,11,16%
15,San Angelo,206,SAN SABA,Hispanic,37,36,97%,26,70%,5,14%,27,73%,,nan,8,22%,12,32%,,nan,8,22%
15,San Angelo,206,SAN SABA,White,32,31,97%,28,88%,,nan,27,84%,14,44%,7,22%,21,66%,,nan,11,34%
15,San Angelo,207,SCHLEICHER,Hispanic,21,20,95%,21,100%,,nan,20,95%,5,24%,7,33%,12,57%,,nan,5,24%
15,San Angelo,207,SCHLEICHER,White,17,17,100%,17,100%,,nan,17,100%,6,35%,,nan,10,59%,,nan,9,53%
15,San Angelo,216,STERLING,All Ethnicities,20,20,100%,18,90%,,nan,17,85%,8,40%,6,30%,14,70%,,nan,5,25%
15,San Angelo,218,SUTTON,Hispanic,54,50,93%,48,89%,,nan,47,87%,17,31%,11,20%,28,52%,,nan,16,30%
15,San Angelo,218,SUTTON,Other Ethnicities,18,17,94%,17,94%,,nan,16,89%,7,39%,,nan,9,50%,,nan,7,39%
15,San Angelo,226,TOM GREEN,African American,45,44,98%,39,87%,,nan,34,76%,10,22%,11,24%,21,47%,,nan,8,18%
15,San Angelo,226,TOM GREEN,Hispanic,611,597,98%,554,91%,39,6%,507,83%,152,25%,132,22%,284,46%,6,1%,112,18%
15,San Angelo,226,TOM GREEN,White,593,566,95%,530,89%,17,3%,495,83%,271,46%,73,12%,344,58%,8,1%,212,36%
15,San Angelo,226,TOM GREEN,Others,34,31,91%,25,74%,,nan,23,68%,9,26%,8,24%,17,50%,,nan,7,21%
15,San Angelo,233,VAL VERDE,Hispanic,705,660,94%,624,89%,43,6%,561,80%,110,16%,273,39%,383,54%,9,1%,182,26%
15,San Angelo,233,VAL VERDE,White,45,38,84%,35,78%,,nan,35,78%,15,33%,15,33%,30,67%,,nan,18,40%
15,San Angelo,233,VAL VERDE,Other Ethnicities,15,13,87%,13,87%,,nan,13,87%,,nan,,nan,8,53%,,nan,5,33%
16,Amarillo,6,ARMSTRONG,All Ethnicities,27,27,100%,26,96%,,nan,25,93%,7,26%,14,52%,21,78%,,nan,11,41%
16,Amarillo,23,BRISCOE,All Ethnicities,10,10,100%,10,100%,,nan,10,100%,,nan,,nan,7,70%,,nan,,nan
16,Amarillo,33,CARSON,White,71,67,94%,65,92%,,nan,61,86%,18,25%,32,45%,50,70%,,nan,25,35%
16,Amarillo,33,CARSON,Other Ethnicities,13,12,92%,12,92%,,nan,11,85%,,nan,6,46%,8,62%,,nan,,nan
16,Amarillo,35,CASTRO,Hispanic,92,88,96%,81,88%,,nan,74,80%,11,12%,21,23%,32,35%,,nan,14,15%
16,Amarillo,35,CASTRO,Other Ethnicities,34,33,97%,33,97%,,nan,32,94%,20,59%,8,24%,28,82%,,nan,20,59%
16,Amarillo,38,CHILDRESS,White,54,51,94%,52,96%,,nan,46,85%,19,35%,12,22%,31,57%,,nan,14,26%
16,Amarillo,38,CHILDRESS,Other Ethnicities,44,41,93%,37,84%,,nan,33,75%,6,14%,5,11%,11,25%,,nan,,nan
16,Amarillo,44,COLLINGSWORTH,White,24,24,100%,24,100%,,nan,22,92%,11,46%,5,21%,16,67%,,nan,11,46%
16,Amarillo,44,COLLINGSWORTH,Other Ethnicities,24,23,96%,19,79%,,nan,18,75%,5,21%,,nan,7,29%,,nan,,nan
16,Amarillo,56,DALLAM,White,83,76,92%,69,83%,6,7%,64,77%,22,27%,17,20%,39,47%,,nan,25,30%
16,Amarillo,56,DALLAM,Other Ethnicities,68,60,88%,56,82%,6,9%,52,76%,8,12%,12,18%,20,29%,,nan,8,12%
16,Amarillo,59,DEAF SMITH,Hispanic,268,261,97%,222,83%,31,12%,193,72%,29,11%,80,30%,109,41%,,nan,44,16%
16,Amarillo,59,DEAF SMITH,Other Ethnicities,47,46,98%,42,89%,,nan,38,81%,14,30%,9,19%,23,49%,,nan,16,34%
16,Amarillo,65,DONLEY,Hispanic,7,7,100%,6,86%,,nan,6,86%,,nan,6,86%,6,86%,,nan,,nan
16,Amarillo,65,DONLEY,White,21,20,95%,19,90%,,nan,19,90%,5,24%,8,38%,13,62%,,nan,9,43%
16,Amarillo,65,DONLEY,Other Ethnicities,8,6,75%,5,63%,,nan,6,75%,,nan,5,63%,6,75%,,nan,,nan
16,Amarillo,90,GRAY,Hispanic,105,101,96%,99,94%,,nan,87,83%,10,10%,25,24%,35,33%,,nan,11,10%
16,Amarillo,90,GRAY,White,156,154,99%,150,96%,,nan,138,88%,41,26%,44,28%,85,54%,,nan,44,28%
16,Amarillo,90,GRAY,Other Ethnicities,21,20,95%,19,90%,,nan,18,86%,,nan,8,38%,10,48%,,nan,,nan
16,Amarillo,96,HALL,White,30,28,93%,28,93%,,nan,27,90%,14,47%,9,30%,23,77%,,nan,14,47%
16,Amarillo,96,HALL,Other Ethnicities,29,26,90%,26,90%,,nan,24,83%,,nan,13,45%,17,59%,,nan,8,28%
16,Amarillo,98,HANSFORD,Hispanic,52,51,98%,50,96%,,nan,50,96%,6,12%,12,23%,18,35%,,nan,8,15%
16,Amarillo,98,HANSFORD,Other Ethnicities,44,44,100%,41,93%,,nan,36,82%,15,34%,7,16%,22,50%,,nan,14,32%
16,Amarillo,103,HARTLEY,All Ethnicities,25,21,84%,20,80%,,nan,18,72%,7,28%,6,24%,13,52%,,nan,8,32%
16,Amarillo,106,HEMPHILL,All Ethnicities,47,42,89%,38,81%,,nan,34,72%,14,30%,6,13%,20,43%,,nan,11,23%
16,Amarillo,117,HUTCHINSON,Hispanic,108,101,94%,99,92%,,nan,90,83%,,nan,45,42%,49,45%,5,5%,19,18%
16,Amarillo,117,HUTCHINSON,White,203,193,95%,180,89%,5,2%,164,81%,34,17%,84,41%,118,58%,11,5%,48,24%
16,Amarillo,117,HUTCHINSON,Other Ethnicities,29,27,93%,26,90%,,nan,22,76%,,nan,10,34%,13,45%,,nan,6,21%
16,Amarillo,148,LIPSCOMB,All Ethnicities,57,53,93%,51,89%,,nan,44,77%,14,25%,7,12%,21,37%,,nan,12,21%
16,Amarillo,171,MOORE,Hispanic,209,202,97%,197,94%,,nan,181,87%,19,9%,94,45%,113,54%,,nan,56,27%
16,Amarillo,171,MOORE,White,77,74,96%,74,96%,,nan,66,86%,21,27%,30,39%,51,66%,,nan,24,31%
16,Amarillo,171,MOORE,Other Ethnicities,36,31,86%,27,75%,,nan,14,39%,,nan,8,22%,9,25%,,nan,,nan
16,Amarillo,179,OCHILTREE,Hispanic,85,72,85%,64,75%,15,18%,71,84%,8,9%,23,27%,31,36%,,nan,15,18%
16,Amarillo,179,OCHILTREE,Other Ethnicities,62,50,81%,46,74%,11,18%,46,74%,15,24%,11,18%,26,42%,,nan,14,23%
16,Amarillo,180,OLDHAM,White,61,58,95%,45,74%,6,10%,42,69%,18,30%,14,23%,32,52%,,nan,20,33%
16,Amarillo,180,OLDHAM,Other Ethnicities,31,29,94%,29,94%,,nan,24,77%,5,16%,9,29%,14,45%,,nan,7,23%
16,Amarillo,185,PARMER,Hispanic,118,106,90%,99,84%,7,6%,98,83%,14,12%,36,31%,50,42%,,nan,20,17%
16,Amarillo,185,PARMER,Other Ethnicities,55,50,91%,48,87%,,nan,47,85%,20,36%,14,25%,34,62%,,nan,18,33%
16,Amarillo,188,POTTER,African American,233,221,95%,191,82%,30,13%,168,72%,26,11%,88,38%,114,49%,6,3%,34,15%
16,Amarillo,188,POTTER,Hispanic,1040,983,95%,874,84%,98,9%,790,76%,107,10%,395,38%,502,48%,21,2%,201,19%
16,Amarillo,188,POTTER,White,1077,1012,94%,926,86%,80,7%,874,81%,224,21%,424,39%,648,60%,31,3%,320,30%
16,Amarillo,188,POTTER,Others,184,171,93%,151,82%,19,10%,131,71%,31,17%,64,35%,95,52%,6,3%,37,20%
16,Amarillo,191,RANDALL,African American,15,13,87%,13,87%,,nan,8,53%,,nan,5,33%,9,60%,,nan,,nan
16,Amarillo,191,RANDALL,Hispanic,153,144,94%,138,90%,,nan,126,82%,48,31%,51,33%,99,65%,,nan,53,35%
16,Amarillo,191,RANDALL,White,489,464,95%,446,91%,9,2%,417,85%,169,35%,143,29%,312,64%,10,2%,178,36%
16,Amarillo,191,RANDALL,Others,20,16,80%,16,80%,,nan,16,80%,6,30%,,nan,10,50%,,nan,,nan
16,Amarillo,197,ROBERTS,All Ethnicities,12,11,92%,11,92%,,nan,10,83%,7,58%,,nan,8,67%,,nan,7,58%
16,Amarillo,211,SHERMAN,Hispanic,39,37,95%,35,90%,,nan,23,59%,7,18%,,nan,11,28%,,nan,8,21%
16,Amarillo,211,SHERMAN,Other Ethnicities,26,22,85%,21,81%,,nan,14,54%,7,27%,,nan,8,31%,,nan,,nan
16,Amarillo,219,SWISHER,Hispanic,41,40,98%,37,90%,,nan,35,85%,12,29%,6,15%,18,44%,,nan,,nan
16,Amarillo,219,SWISHER,White,44,42,95%,41,93%,,nan,41,93%,12,27%,11,25%,23,52%,,nan,8,18%
16,Amarillo,219,SWISHER,Other Ethnicities,7,7,100%,7,100%,,nan,7,100%,,nan,,nan,5,71%,,nan,,nan
16,Amarillo,242,WHEELER,White,48,44,92%,45,94%,,nan,44,92%,16,33%,11,23%,27,56%,,nan,12,25%
16,Amarillo,242,WHEELER,Other Ethnicities,38,35,92%,33,87%,,nan,29,76%,5,13%,6,16%,11,29%,,nan,,nan
17,Lubbock,9,BAILEY,Hispanic,83,77,93%,76,92%,,nan,71,86%,9,11%,23,28%,32,39%,,nan,15,18%
17,Lubbock,9,BAILEY,White,23,22,96%,20,87%,,nan,19,83%,6,26%,6,26%,12,52%,,nan,6,26%
17,Lubbock,17,BORDEN,White,8,8,100%,8,100%,,nan,8,100%,,nan,,nan,5,63%,,nan,,nan
17,Lubbock,17,BORDEN,Other Ethnicities,8,7,88%,7,88%,,nan,7,88%,,nan,,nan,7,88%,,nan,,nan
17,Lubbock,40,COCHRAN,Hispanic,31,31,100%,29,94%,,nan,27,87%,,nan,14,45%,17,55%,,nan,8,26%
17,Lubbock,40,COCHRAN,Other Ethnicities,20,20,100%,19,95%,,nan,18,90%,5,25%,10,50%,15,75%,,nan,9,45%
17,Lubbock,51,COTTLE,All Ethnicities,12,10,83%,10,83%,,nan,11,92%,,nan,8,67%,8,67%,,nan,,nan
17,Lubbock,54,CROSBY,Hispanic,55,50,91%,47,85%,5,9%,43,78%,5,9%,14,25%,19,35%,,nan,5,9%
17,Lubbock,54,CROSBY,Other Ethnicities,29,27,93%,28,97%,,nan,26,90%,12,41%,9,31%,21,72%,,nan,12,41%
17,Lubbock,58,DAWSON,Hispanic,103,95,92%,79,77%,13,13%,76,74%,,nan,46,45%,50,49%,,nan,19,18%
17,Lubbock,58,DAWSON,Other Ethnicities,52,51,98%,47,90%,,nan,44,85%,14,27%,15,29%,29,56%,,nan,17,33%
17,Lubbock,63,DICKENS,White,16,15,94%,15,94%,,nan,14,88%,5,31%,,nan,8,50%,,nan,6,38%
17,Lubbock,63,DICKENS,Other Ethnicities,14,13,93%,13,93%,,nan,9,64%,,nan,6,43%,7,50%,,nan,,nan
17,Lubbock,77,FLOYD,Hispanic,78,75,96%,63,81%,5,6%,59,76%,7,9%,33,42%,40,51%,,nan,16,21%
17,Lubbock,77,FLOYD,Other Ethnicities,24,24,100%,22,92%,,nan,20,83%,15,63%,,nan,18,75%,,nan,12,50%
17,Lubbock,83,GAINES,White,109,99,91%,95,87%,,nan,90,83%,28,26%,22,20%,50,46%,,nan,24,22%
17,Lubbock,83,GAINES,Other Ethnicities,102,95,93%,93,91%,,nan,78,76%,11,11%,22,22%,33,32%,,nan,17,17%
17,Lubbock,85,GARZA,Hispanic,34,34,100%,30,88%,,nan,25,74%,6,18%,10,29%,16,47%,,nan,6,18%
17,Lubbock,85,GARZA,Other Ethnicities,28,27,96%,27,96%,,nan,26,93%,7,25%,10,36%,17,61%,,nan,7,25%
17,Lubbock,95,HALE,Hispanic,383,371,97%,346,90%,22,6%,305,80%,63,16%,106,28%,169,44%,,nan,60,16%
17,Lubbock,95,HALE,White,118,114,97%,110,93%,,nan,102,86%,51,43%,27,23%,78,66%,,nan,49,42%
17,Lubbock,95,HALE,Other Ethnicities,25,21,84%,21,84%,,nan,19,76%,,nan,5,20%,9,36%,,nan,,nan
17,Lubbock,110,HOCKLEY,African American,8,8,100%,8,100%,,nan,6,75%,,nan,,nan,5,63%,,nan,,nan
17,Lubbock,110,HOCKLEY,Hispanic,191,180,94%,168,88%,8,4%,145,76%,8,4%,92,48%,100,52%,,nan,39,20%
17,Lubbock,110,HOCKLEY,White,125,116,93%,112,90%,,nan,103,82%,29,23%,46,37%,75,60%,,nan,41,33%
17,Lubbock,110,HOCKLEY,Others,7,7,100%,7,100%,,nan,6,86%,,nan,,nan,6,86%,,nan,5,71%
17,Lubbock,132,KENT,All Ethnicities,11,10,91%,10,91%,,nan,9,82%,,nan,,nan,5,45%,,nan,,nan
17,Lubbock,135,KING,All Ethnicities,11,11,100%,10,91%,,nan,11,100%,,nan,6,55%,9,82%,,nan,7,64%
17,Lubbock,140,LAMB,Hispanic,159,153,96%,141,89%,10,6%,133,84%,18,11%,61,38%,79,50%,,nan,32,20%
17,Lubbock,140,LAMB,White,76,74,97%,69,91%,,nan,68,89%,22,29%,32,42%,54,71%,,nan,29,38%
17,Lubbock,140,LAMB,Other Ethnicities,11,11,100%,9,82%,,nan,9,82%,,nan,,nan,6,55%,,nan,,nan
17,Lubbock,152,LUBBOCK,African American,311,296,95%,263,85%,29,9%,233,75%,35,11%,81,26%,116,37%,5,2%,20,6%
17,Lubbock,152,LUBBOCK,Hispanic,1606,1523,95%,1379,86%,120,7%,1228,76%,172,11%,469,29%,641,40%,17,1%,194,12%
17,Lubbock,152,LUBBOCK,White,1323,1265,96%,1190,90%,40,3%,1123,85%,464,35%,413,31%,877,66%,43,3%,464,35%
17,Lubbock,152,LUBBOCK,Others,130,123,95%,113,87%,,nan,111,85%,44,34%,33,25%,77,59%,,nan,39,30%
17,Lubbock,153,LYNN,Hispanic,56,56,100%,53,95%,,nan,49,88%,11,20%,11,20%,22,39%,,nan,11,20%
17,Lubbock,153,LYNN,Other Ethnicities,40,39,98%,37,93%,,nan,35,88%,15,38%,9,23%,24,60%,,nan,11,28%
17,Lubbock,173,MOTLEY,All Ethnicities,16,15,94%,15,94%,,nan,15,94%,5,31%,9,56%,14,88%,,nan,6,38%
17,Lubbock,223,TERRY,Hispanic,108,106,98%,103,95%,,nan,94,87%,,nan,43,40%,47,44%,,nan,16,15%
17,Lubbock,223,TERRY,Other Ethnicities,49,45,92%,43,88%,,nan,41,84%,13,27%,12,24%,25,51%,,nan,11,22%
17,Lubbock,251,YOAKUM,Hispanic,85,83,98%,83,98%,,nan,79,93%,14,16%,33,39%,47,55%,,nan,22,26%
17,Lubbock,251,YOAKUM,Other Ethnicities,32,29,91%,29,91%,,nan,28,88%,8,25%,11,34%,19,59%,,nan,10,31%
18,Midland,2,ANDREWS,Hispanic,149,143,96%,125,84%,8,5%,118,79%,17,11%,43,29%,60,40%,,nan,19,13%
18,Midland,2,ANDREWS,White,90,80,89%,74,82%,,nan,70,78%,27,30%,18,20%,45,50%,,nan,21,23%
18,Midland,2,ANDREWS,Other Ethnicities,12,12,100%,12,100%,,nan,10,83%,,nan,,nan,6,50%,,nan,,nan
18,Midland,22,BREWSTER,Hispanic,52,48,92%,47,90%,,nan,46,88%,25,48%,6,12%,31,60%,,nan,19,37%
18,Midland,22,BREWSTER,White,28,22,79%,21,75%,,nan,17,61%,7,25%,,nan,10,36%,,nan,,nan
18,Midland,22,BREWSTER,Other Ethnicities,6,6,100%,6,100%,,nan,6,100%,6,100%,,nan,6,100%,,nan,,nan
18,Midland,52,CRANE,Hispanic,44,44,100%,38,86%,,nan,37,84%,9,20%,18,41%,27,61%,,nan,14,32%
18,Midland,52,CRANE,Other Ethnicities,19,17,89%,13,68%,,nan,9,47%,,nan,,nan,7,37%,,nan,,nan
18,Midland,55,CULBERSON,All Ethnicities,24,24,100%,23,96%,,nan,20,83%,11,46%,,nan,13,54%,,nan,8,33%
18,Midland,68,ECTOR,African American,75,70,93%,63,84%,5,7%,52,69%,15,20%,27,36%,42,56%,6,8%,13,17%
18,Midland,68,ECTOR,Hispanic,1350,1242,92%,1123,83%,116,9%,939,70%,167,12%,435,32%,602,45%,40,3%,243,18%
18,Midland,68,ECTOR,White,507,471,93%,415,82%,33,7%,342,67%,115,23%,134,26%,249,49%,27,5%,119,23%
18,Midland,68,ECTOR,Others,52,52,100%,46,88%,,nan,42,81%,14,27%,15,29%,29,56%,,nan,18,35%
18,Midland,87,GLASSCOCK,Hispanic,14,12,86%,11,79%,,nan,12,86%,,nan,5,36%,6,43%,,nan,,nan
18,Midland,87,GLASSCOCK,White,8,8,100%,8,100%,,nan,8,100%,,nan,,nan,8,100%,,nan,7,88%
18,Midland,114,HOWARD,Hispanic,174,165,95%,149,86%,6,3%,119,68%,15,9%,51,29%,66,38%,5,3%,32,18%
18,Midland,114,HOWARD,White,159,156,98%,145,91%,,nan,125,79%,32,20%,60,38%,92,58%,,nan,47,30%
18,Midland,114,HOWARD,Other Ethnicities,31,28,90%,24,77%,,nan,18,58%,6,19%,11,35%,17,55%,,nan,6,19%
18,Midland,122,JEFF DAVIS,Hispanic,14,13,93%,12,86%,,nan,13,93%,5,36%,,nan,6,43%,,nan,,nan
18,Midland,122,JEFF DAVIS,White,11,10,91%,9,82%,,nan,8,73%,,nan,,nan,7,64%,,nan,,nan
18,Midland,156,MARTIN,Hispanic,39,37,95%,34,87%,,nan,31,79%,,nan,14,36%,18,46%,,nan,8,21%
18,Midland,156,MARTIN,Other Ethnicities,39,37,95%,36,92%,,nan,32,82%,15,38%,10,26%,25,64%,,nan,16,41%
18,Midland,165,MIDLAND,African American,127,124,98%,100,79%,23,18%,86,68%,13,10%,50,39%,63,50%,5,4%,17,13%
18,Midland,165,MIDLAND,Hispanic,934,901,96%,760,81%,127,14%,668,72%,92,10%,334,36%,426,46%,20,2%,147,16%
18,Midland,165,MIDLAND,White,623,589,95%,541,87%,31,5%,490,79%,144,23%,227,36%,371,60%,20,3%,182,29%
18,Midland,165,MIDLAND,Others,45,42,93%,37,82%,,nan,32,71%,12,27%,15,33%,27,60%,,nan,13,29%
18,Midland,186,PECOS,Hispanic,167,162,97%,136,81%,18,11%,133,80%,30,18%,33,20%,63,38%,,nan,26,16%
18,Midland,186,PECOS,Other Ethnicities,34,30,88%,28,82%,,nan,26,76%,9,26%,15,44%,24,71%,,nan,11,32%
18,Midland,189,PRESIDIO,Hispanic,128,117,91%,110,86%,,nan,92,72%,42,33%,16,13%,58,45%,,nan,22,17%
18,Midland,189,PRESIDIO,Other Ethnicities,12,12,100%,12,100%,,nan,12,100%,7,58%,,nan,10,83%,,nan,5,42%
18,Midland,192,REAGAN,Hispanic,46,44,96%,38,83%,5,11%,37,80%,10,22%,15,33%,25,54%,,nan,12,26%
18,Midland,192,REAGAN,White,13,13,100%,13,100%,,nan,12,92%,,nan,,nan,8,62%,,nan,,nan
18,Midland,195,REEVES,Hispanic,141,138,98%,125,89%,6,4%,113,80%,21,15%,31,22%,52,37%,,nan,22,16%
18,Midland,195,REEVES,Other Ethnicities,13,12,92%,10,77%,,nan,11,85%,,nan,,nan,6,46%,,nan,5,38%
18,Midland,222,TERRELL,All Ethnicities,13,11,85%,11,85%,,nan,10,77%,8,62%,,nan,10,77%,,nan,,nan
18,Midland,231,UPTON,Hispanic,27,27,100%,27,100%,,nan,24,89%,5,19%,,nan,9,33%,,nan,6,22%
18,Midland,231,UPTON,Other Ethnicities,28,28,100%,28,100%,,nan,26,93%,16,57%,6,21%,22,79%,,nan,12,43%
18,Midland,238,WARD,Hispanic,75,71,95%,63,84%,9,12%,62,83%,14,19%,22,29%,36,48%,,nan,13,17%
18,Midland,238,WARD,Other Ethnicities,76,72,95%,63,83%,7,9%,61,80%,26,34%,11,14%,37,49%,,nan,26,34%
18,Midland,248,WINKLER,Hispanic,65,63,97%,57,88%,,nan,57,88%,5,8%,28,43%,33,51%,,nan,17,26%
18,Midland,248,WINKLER,Other Ethnicities,46,45,98%,39,85%,,nan,31,67%,11,24%,12,26%,23,50%,,nan,9,20%
19,El Paso,999,El Paso&Hudspeth,African American,275,225,82%,186,68%,18,7%,164,60%,59,21%,40,15%,99,36%,8,3%,32,12%
19,El Paso,999,El Paso&Hudspeth,Hispanic,12267,11702,95%,9973,81%,1471,12%,9805,80%,3073,25%,3901,32%,6974,57%,277,2%,2680,22%
19,El Paso,999,El Paso&Hudspeth,White,682,571,84%,488,72%,36,5%,447,66%,176,26%,149,22%,325,48%,23,3%,164,24%
19,El Paso,999,El Paso&Hudspeth,Others,155,137,88%,110,71%,7,5%,101,65%,45,29%,33,21%,78,50%,6,4%,35,23%
20,San Antonio,7,ATASCOSA,Hispanic,545,525,96%,470,86%,45,8%,429,79%,71,13%,155,28%,226,41%,7,1%,99,18%
20,San Antonio,7,ATASCOSA,Other Ethnicities,183,178,97%,173,95%,,nan,162,89%,57,31%,53,29%,110,60%,,nan,61,33%
20,San Antonio,10,BANDERA,White,146,140,96%,131,90%,10,7%,120,82%,44,30%,32,22%,76,52%,,nan,52,36%
20,San Antonio,10,BANDERA,Other Ethnicities,50,49,98%,42,84%,,nan,35,70%,8,16%,10,20%,18,36%,,nan,8,16%
20,San Antonio,15,BEXAR,African American,1763,1618,92%,1332,76%,251,14%,1283,73%,371,21%,469,27%,840,48%,46,3%,294,17%
20,San Antonio,15,BEXAR,Hispanic,16556,15751,95%,13512,82%,1836,11%,12657,76%,2633,16%,5235,32%,7868,48%,391,2%,3424,21%
20,San Antonio,15,BEXAR,White,4242,3942,93%,3544,84%,252,6%,3339,79%,1313,31%,1132,27%,2445,58%,147,3%,1477,35%
20,San Antonio,15,BEXAR,Others,969,927,96%,831,86%,45,5%,780,81%,344,36%,241,25%,585,60%,21,2%,379,39%
20,San Antonio,64,DIMMIT,All Ethnicities,174,164,94%,118,68%,42,24%,128,74%,33,19%,57,33%,90,52%,5,3%,38,22%
20,San Antonio,82,FRIO,Hispanic,195,184,94%,150,77%,27,14%,148,76%,29,15%,41,21%,70,36%,,nan,26,13%
20,San Antonio,82,FRIO,Other Ethnicities,22,20,91%,17,77%,,nan,17,77%,6,27%,,nan,8,36%,,nan,5,23%
20,San Antonio,130,KENDALL,Hispanic,153,147,96%,132,86%,10,7%,123,80%,35,23%,40,26%,75,49%,,nan,43,28%
20,San Antonio,130,KENDALL,White,379,363,96%,354,93%,8,2%,331,87%,166,44%,97,26%,263,69%,6,2%,198,52%
20,San Antonio,130,KENDALL,Other Ethnicities,29,26,90%,24,83%,,nan,22,76%,6,21%,10,34%,16,55%,,nan,11,38%
20,San Antonio,133,KERR,Hispanic,212,200,94%,181,85%,17,8%,168,79%,35,17%,30,14%,65,31%,5,2%,34,16%
20,San Antonio,133,KERR,White,286,265,93%,251,88%,8,3%,223,78%,104,36%,42,15%,146,51%,10,4%,82,29%
20,San Antonio,133,KERR,Other Ethnicities,18,16,89%,14,78%,,nan,15,83%,5,28%,,nan,8,44%,,nan,5,28%
20,San Antonio,136,KINNEY,Hispanic,37,35,95%,29,78%,,nan,30,81%,7,19%,18,49%,25,68%,,nan,13,35%
20,San Antonio,136,KINNEY,White,13,13,100%,12,92%,,nan,11,85%,7,54%,,nan,9,69%,,nan,6,46%
20,San Antonio,142,LA SALLE,All Ethnicities,85,83,98%,79,93%,5,6%,76,89%,24,28%,25,29%,49,58%,,nan,23,27%
20,San Antonio,159,MAVERICK,Hispanic,1010,974,96%,784,78%,161,16%,808,80%,169,17%,395,39%,564,56%,14,1%,292,29%
20,San Antonio,159,MAVERICK,Other Ethnicities,24,15,63%,11,46%,,nan,12,50%,,nan,6,25%,9,38%,,nan,,nan
20,San Antonio,163,MEDINA,Hispanic,391,368,94%,327,84%,39,10%,320,82%,58,15%,122,31%,180,46%,9,2%,82,21%
20,San Antonio,163,MEDINA,White,245,231,94%,216,88%,11,4%,197,80%,73,30%,79,32%,152,62%,12,5%,91,37%
20,San Antonio,163,MEDINA,Other Ethnicities,19,19,100%,19,100%,,nan,17,89%,8,42%,,nan,11,58%,,nan,6,32%
20,San Antonio,193,REAL,White,22,22,100%,21,95%,,nan,19,86%,6,27%,9,41%,15,68%,,nan,5,23%
20,San Antonio,193,REAL,Other Ethnicities,16,16,100%,15,94%,,nan,15,94%,,nan,6,38%,6,38%,,nan,,nan
20,San Antonio,232,UVALDE,Hispanic,380,351,92%,307,81%,50,13%,273,72%,30,8%,168,44%,198,52%,12,3%,76,20%
20,San Antonio,232,UVALDE,White,72,65,90%,63,88%,,nan,58,81%,22,31%,22,31%,44,61%,,nan,23,32%
20,San Antonio,232,UVALDE,Other Ethnicities,10,9,90%,9,90%,,nan,8,80%,,nan,5,50%,7,70%,,nan,,nan
20,San Antonio,247,WILSON,Hispanic,282,275,98%,259,92%,11,4%,248,88%,57,20%,92,33%,149,53%,,nan,80,28%
20,San Antonio,247,WILSON,White,328,321,98%,308,94%,7,2%,292,89%,128,39%,83,25%,211,64%,,nan,142,43%
20,San Antonio,247,WILSON,Other Ethnicities,23,22,96%,18,78%,,nan,16,70%,5,22%,10,43%,15,65%,,nan,8,35%
20,San Antonio,254,ZAVALA,All Ethnicities,143,128,90%,115,80%,16,11%,104,73%,14,10%,54,38%,68,48%,,nan,30,21%
