Region Code,TEA Region,County Number,County Name,gender,enrolled_8th,enrolled_9th,enrolled_9th_percent,enrolled_10th,enrolled_10th_percent,lessthan_10th_enrolled,lessthan_10th_enrolled_percent,graduated,graduated_percent,enrolled_4yr,enrolled_4yr_percent,enrolled_2yr,enrolled_2yr_percent,total_enrolled,total_enrolled_percent,enrolled_wo_record,enrolled_wo_record_percent,total_degrees,total_degrees_percent
1,Edinburg,31,CAMERON,Female,3588,3430,96%,3072,86%,317,9%,3053,85%,966,27%,1114,31%,2080,58%,60,2%,934,26%
1,Edinburg,31,CAMERON,Male,3811,3641,96%,3143,82%,453,12%,3120,82%,850,22%,1030,27%,1880,49%,54,1%,696,18%
1,Edinburg,108,HIDALGO,Female,7358,7092,96%,6291,86%,690,9%,6330,86%,2046,28%,2136,29%,4182,57%,81,1%,1963,27%
1,Edinburg,108,HIDALGO,Male,7697,7439,97%,6296,82%,1015,13%,6312,82%,1598,21%,2116,27%,3714,48%,86,1%,1285,17%
1,Edinburg,124,JIM HOGG,Female,44,43,98%,37,84%,5,11%,35,80%,9,20%,12,27%,21,48%,*,*,7,16%
1,Edinburg,124,JIM HOGG,Male,39,39,100%,34,87%,*,*,33,85%,12,31%,13,33%,25,64%,*,*,6,15%
1,Edinburg,214,STARR,Female,617,596,97%,531,86%,52,8%,522,85%,137,22%,248,40%,385,62%,6,1%,206,33%
1,Edinburg,214,STARR,Male,652,626,96%,527,81%,92,14%,513,79%,115,18%,222,34%,337,52%,11,2%,142,22%
1,Edinburg,240,WEBB,Female,2377,2283,96%,2056,87%,185,8%,2033,86%,599,25%,891,37%,1490,63%,40,2%,695,29%
1,Edinburg,240,WEBB,Male,2493,2402,96%,2067,83%,316,13%,2061,83%,505,20%,891,36%,1396,56%,47,2%,505,20%
1,Edinburg,245,WILLACY,Female,140,135,96%,130,93%,6,4%,112,80%,37,26%,36,26%,73,52%,*,*,32,23%
1,Edinburg,245,WILLACY,Male,161,153,95%,145,90%,13,8%,134,83%,30,19%,57,35%,87,54%,*,*,34,21%
1,Edinburg,253,ZAPATA,Female,130,128,98%,127,98%,*,*,116,89%,31,24%,36,28%,67,52%,*,*,36,28%
1,Edinburg,253,ZAPATA,Male,118,113,96%,108,92%,*,*,97,82%,31,26%,24,20%,55,47%,*,*,25,21%
2,Corpus Christi,4,ARANSAS,Female,115,110,96%,103,90%,*,*,92,80%,42,37%,19,17%,61,53%,*,*,23,20%
2,Corpus Christi,4,ARANSAS,Male,118,113,96%,99,84%,12,10%,87,74%,23,19%,31,26%,54,46%,*,*,14,12%
2,Corpus Christi,13,BEE,Female,196,189,96%,149,76%,31,16%,145,74%,24,12%,75,38%,99,51%,*,*,42,21%
2,Corpus Christi,13,BEE,Male,177,168,95%,124,70%,45,25%,145,82%,20,11%,58,33%,78,44%,*,*,25,14%
2,Corpus Christi,24,BROOKS,Female,56,54,96%,45,80%,*,*,43,77%,16,29%,7,13%,23,41%,*,*,11,20%
2,Corpus Christi,24,BROOKS,Male,61,58,95%,53,87%,6,10%,50,82%,16,26%,10,16%,26,43%,*,*,11,18%
2,Corpus Christi,66,DUVAL,Female,91,83,91%,78,86%,*,*,70,77%,22,24%,28,31%,50,55%,*,*,19,21%
2,Corpus Christi,66,DUVAL,Male,93,88,95%,74,80%,12,13%,69,74%,6,6%,24,26%,30,32%,*,*,*,*
2,Corpus Christi,125,JIM WELLS,Female,338,327,97%,273,81%,37,11%,267,79%,82,24%,100,30%,182,54%,5,1%,76,22%
2,Corpus Christi,125,JIM WELLS,Male,349,335,96%,249,71%,77,22%,258,74%,65,19%,82,24%,147,42%,*,*,52,15%
2,Corpus Christi,137,KLEBERG,Female,168,156,93%,128,76%,23,14%,126,75%,58,35%,37,22%,95,57%,*,*,46,27%
2,Corpus Christi,137,KLEBERG,Male,214,199,93%,167,78%,31,14%,172,80%,76,36%,39,18%,115,54%,5,2%,39,18%
2,Corpus Christi,149,LIVE OAK,Female,74,72,97%,64,86%,5,7%,62,84%,21,28%,22,30%,43,58%,*,*,21,28%
2,Corpus Christi,149,LIVE OAK,Male,57,57,100%,50,88%,*,*,41,72%,10,18%,19,33%,29,51%,*,*,18,32%
2,Corpus Christi,162,MCMULLEN,Female,9,9,100%,9,100%,*,*,9,100%,*,*,5,56%,9,100%,*,*,6,67%
2,Corpus Christi,162,MCMULLEN,Male,9,9,100%,9,100%,*,*,9,100%,5,56%,*,*,9,100%,*,*,*,*
2,Corpus Christi,178,NUECES,Female,2280,2169,95%,1922,84%,185,8%,1827,80%,535,23%,728,32%,1263,55%,48,2%,502,22%
2,Corpus Christi,178,NUECES,Male,2383,2256,95%,1963,82%,268,11%,1871,79%,459,19%,661,28%,1120,47%,40,2%,338,14%
2,Corpus Christi,205,SAN PATRICIO,Female,520,503,97%,467,90%,22,4%,445,86%,134,26%,153,29%,287,55%,6,1%,118,23%
2,Corpus Christi,205,SAN PATRICIO,Male,558,533,96%,474,85%,54,10%,463,83%,106,19%,149,27%,255,46%,6,1%,92,16%
3,Victoria,29,CALHOUN,Female,151,146,97%,140,93%,5,3%,135,89%,27,18%,57,38%,84,56%,*,*,32,21%
3,Victoria,29,CALHOUN,Male,154,150,97%,142,92%,6,4%,127,82%,23,15%,37,24%,60,39%,*,*,29,19%
3,Victoria,45,COLORADO,Female,122,118,97%,109,89%,5,4%,104,85%,22,18%,42,34%,64,52%,*,*,28,23%
3,Victoria,45,COLORADO,Male,111,107,96%,93,84%,11,10%,90,81%,12,11%,29,26%,41,37%,*,*,18,16%
3,Victoria,62,DE WITT,Female,179,170,95%,149,83%,12,7%,137,77%,33,18%,68,38%,101,56%,13,7%,33,18%
3,Victoria,62,DE WITT,Male,173,162,94%,133,77%,26,15%,131,76%,25,14%,34,20%,59,34%,*,*,32,19%
3,Victoria,88,GOLIAD,Female,49,48,98%,43,88%,5,10%,39,80%,13,27%,15,31%,28,57%,*,*,16,33%
3,Victoria,88,GOLIAD,Male,62,62,100%,55,89%,7,11%,57,92%,20,32%,16,26%,36,58%,*,*,12,19%
3,Victoria,120,JACKSON,Female,114,113,99%,106,93%,5,4%,104,91%,26,23%,43,38%,69,61%,*,*,33,29%
3,Victoria,120,JACKSON,Male,140,138,99%,130,93%,5,4%,121,86%,23,16%,51,36%,74,53%,*,*,36,26%
3,Victoria,128,KARNES,Female,82,77,94%,71,87%,7,9%,65,79%,28,34%,18,22%,46,56%,*,*,26,32%
3,Victoria,128,KARNES,Male,90,85,94%,84,93%,*,*,86,96%,25,28%,27,30%,52,58%,*,*,27,30%
3,Victoria,143,LAVACA,Female,95,91,96%,89,94%,*,*,85,89%,24,25%,39,41%,63,66%,*,*,43,45%
3,Victoria,143,LAVACA,Male,75,72,96%,71,95%,*,*,67,89%,*,*,43,57%,47,63%,*,*,33,44%
3,Victoria,158,MATAGORDA,Female,233,220,94%,196,84%,15,6%,185,79%,48,21%,78,33%,126,54%,*,*,63,27%
3,Victoria,158,MATAGORDA,Male,310,299,96%,256,83%,41,13%,252,81%,37,12%,99,32%,136,44%,5,2%,57,18%
3,Victoria,196,REFUGIO,Female,41,38,93%,35,85%,*,*,35,85%,6,15%,20,49%,26,63%,*,*,11,27%
3,Victoria,196,REFUGIO,Male,59,58,98%,56,95%,*,*,51,86%,9,15%,24,41%,33,56%,*,*,9,15%
3,Victoria,235,VICTORIA,Female,520,498,96%,427,82%,44,8%,375,72%,64,12%,201,39%,265,51%,26,5%,95,18%
3,Victoria,235,VICTORIA,Male,522,497,95%,399,76%,79,15%,363,70%,55,11%,148,28%,203,39%,14,3%,73,14%
3,Victoria,241,WHARTON,Female,256,247,96%,218,85%,26,10%,227,89%,37,14%,118,46%,155,61%,*,*,78,30%
3,Victoria,241,WHARTON,Male,322,310,96%,240,75%,60,19%,256,80%,35,11%,132,41%,167,52%,*,*,78,24%
4,Houston,20,BRAZORIA,Female,2183,2119,97%,1971,90%,106,5%,1890,87%,566,26%,842,39%,1408,65%,50,2%,726,33%
4,Houston,20,BRAZORIA,Male,2351,2279,97%,2065,88%,176,7%,1966,84%,440,19%,851,36%,1291,55%,52,2%,530,23%
4,Houston,36,CHAMBERS,Female,259,246,95%,228,88%,18,7%,224,86%,69,27%,113,44%,182,70%,*,*,88,34%
4,Houston,36,CHAMBERS,Male,261,250,96%,235,90%,12,5%,229,88%,49,19%,109,42%,158,61%,6,2%,75,29%
4,Houston,79,FORT BEND,Female,3705,3573,96%,3281,89%,214,6%,3236,87%,1263,34%,1219,33%,2482,67%,93,3%,1264,34%
4,Houston,79,FORT BEND,Male,3891,3728,96%,3284,84%,393,10%,3239,83%,1092,28%,1211,31%,2303,59%,87,2%,1002,26%
4,Houston,84,GALVESTON,Female,2844,2757,97%,2603,92%,101,4%,2442,86%,845,30%,1055,37%,1900,67%,96,3%,1059,37%
4,Houston,84,GALVESTON,Male,2974,2880,97%,2595,87%,229,8%,2434,82%,694,23%,958,32%,1652,56%,77,3%,718,24%
4,Houston,101,HARRIS,Female,28616,27453,96%,24980,87%,1830,6%,23696,83%,6748,24%,9317,33%,16065,56%,696,2%,7226,25%
4,Houston,101,HARRIS,Male,30288,28862,95%,25091,83%,3147,10%,23543,78%,5264,17%,8557,28%,13821,46%,621,2%,4832,16%
4,Houston,146,LIBERTY,Female,519,500,96%,466,90%,18,3%,397,76%,75,14%,172,33%,247,48%,9,2%,109,21%
4,Houston,146,LIBERTY,Male,580,546,94%,503,87%,35,6%,435,75%,60,10%,144,25%,204,35%,13,2%,71,12%
4,Houston,237,WALLER,Female,331,324,98%,285,86%,31,9%,276,83%,70,21%,98,30%,168,51%,11,3%,66,20%
4,Houston,237,WALLER,Male,335,317,95%,260,78%,51,15%,271,81%,42,13%,70,21%,112,33%,*,*,29,9%
5,Beaumont,84,GALVESTON,Female,9,9,100%,9,100%,*,*,9,100%,*,*,*,*,8,89%,*,*,*,*
5,Beaumont,84,GALVESTON,Male,8,8,100%,8,100%,*,*,8,100%,*,*,5,63%,7,88%,*,*,6,75%
5,Beaumont,100,HARDIN,Female,413,403,98%,367,89%,6,1%,339,82%,142,34%,99,24%,241,58%,19,5%,119,29%
5,Beaumont,100,HARDIN,Male,436,413,95%,376,86%,27,6%,333,76%,94,22%,98,22%,192,44%,11,3%,75,17%
5,Beaumont,121,JASPER,Female,234,219,94%,211,90%,6,3%,182,78%,53,23%,58,25%,111,47%,11,5%,48,21%
5,Beaumont,121,JASPER,Male,237,223,94%,198,84%,21,9%,185,78%,39,16%,48,20%,87,37%,*,*,32,14%
5,Beaumont,123,JEFFERSON,Female,1425,1372,96%,1286,90%,58,4%,1155,81%,431,30%,417,29%,848,60%,39,3%,373,26%
5,Beaumont,123,JEFFERSON,Male,1470,1398,95%,1258,86%,118,8%,1107,75%,327,22%,351,24%,678,46%,36,2%,266,18%
5,Beaumont,176,NEWTON,Female,73,70,96%,66,90%,*,*,58,79%,11,15%,32,44%,43,59%,*,*,19,26%
5,Beaumont,176,NEWTON,Male,91,86,95%,72,79%,8,9%,64,70%,6,7%,20,22%,26,29%,*,*,8,9%
5,Beaumont,181,ORANGE,Female,547,523,96%,480,88%,22,4%,444,81%,114,21%,196,36%,310,57%,14,3%,156,29%
5,Beaumont,181,ORANGE,Male,592,561,95%,492,83%,50,8%,459,78%,106,18%,159,27%,265,45%,12,2%,124,21%
5,Beaumont,229,TYLER,Female,134,130,97%,120,90%,5,4%,110,82%,25,19%,52,39%,77,57%,*,*,38,28%
5,Beaumont,229,TYLER,Male,124,120,97%,109,88%,6,5%,99,80%,13,10%,33,27%,46,37%,*,*,18,15%
6,Huntsville,8,AUSTIN,Female,210,198,94%,184,88%,15,7%,181,86%,40,19%,90,43%,130,62%,6,3%,71,34%
6,Huntsville,8,AUSTIN,Male,231,226,98%,203,88%,15,6%,194,84%,27,12%,89,39%,116,50%,5,2%,43,19%
6,Huntsville,21,BRAZOS,Female,885,845,95%,749,85%,92,10%,740,84%,215,24%,265,30%,480,54%,18,2%,251,28%
6,Huntsville,21,BRAZOS,Male,940,903,96%,689,73%,188,20%,718,76%,159,17%,229,24%,388,41%,9,1%,172,18%
6,Huntsville,26,BURLESON,Female,109,108,99%,104,95%,5,5%,99,91%,16,15%,42,39%,58,53%,*,*,33,30%
6,Huntsville,26,BURLESON,Male,111,106,96%,95,86%,10,9%,79,71%,9,8%,31,28%,40,36%,*,*,17,15%
6,Huntsville,93,GRIMES,Female,148,144,97%,140,95%,*,*,134,91%,41,28%,45,30%,86,58%,*,*,37,25%
6,Huntsville,93,GRIMES,Male,168,165,98%,143,85%,16,10%,133,79%,21,13%,40,24%,61,36%,*,*,20,12%
6,Huntsville,113,HOUSTON,Female,129,124,96%,119,92%,*,*,114,88%,42,33%,43,33%,85,66%,*,*,35,27%
6,Huntsville,113,HOUSTON,Male,134,123,92%,109,81%,14,10%,104,78%,16,12%,32,24%,48,36%,*,*,19,14%
6,Huntsville,145,LEON,Female,110,105,95%,104,95%,*,*,94,85%,27,25%,40,36%,67,61%,*,*,39,35%
6,Huntsville,145,LEON,Male,136,132,97%,123,90%,7,5%,117,86%,20,15%,50,37%,70,51%,*,*,37,27%
6,Huntsville,154,MADISON,Female,107,104,97%,98,92%,5,5%,86,80%,31,29%,24,22%,55,51%,*,*,24,22%
6,Huntsville,154,MADISON,Male,94,90,96%,84,89%,*,*,74,79%,16,17%,20,21%,36,38%,*,*,19,20%
6,Huntsville,166,MILAM,Female,136,133,98%,127,93%,6,4%,121,89%,25,18%,53,39%,78,57%,*,*,30,22%
6,Huntsville,166,MILAM,Male,148,145,98%,122,82%,15,10%,118,80%,22,15%,46,31%,68,46%,*,*,29,20%
6,Huntsville,170,MONTGOMERY,Female,3371,3211,95%,3005,89%,130,4%,2761,82%,778,23%,1061,31%,1839,55%,113,3%,908,27%
6,Huntsville,170,MONTGOMERY,Male,3455,3264,94%,2907,84%,257,7%,2686,78%,615,18%,922,27%,1537,44%,101,3%,593,17%
6,Huntsville,187,POLK,Female,260,250,96%,227,87%,14,5%,211,81%,57,22%,82,32%,139,53%,5,2%,60,23%
6,Huntsville,187,POLK,Male,275,257,93%,224,81%,31,11%,215,78%,30,11%,47,17%,77,28%,*,*,36,13%
6,Huntsville,198,ROBERTSON,Female,104,103,99%,94,90%,7,7%,94,90%,21,20%,31,30%,52,50%,*,*,17,16%
6,Huntsville,198,ROBERTSON,Male,95,92,97%,85,89%,7,7%,81,85%,13,14%,28,29%,41,43%,*,*,15,16%
6,Huntsville,204,SAN JACINTO,Female,150,142,95%,122,81%,13,9%,114,76%,28,19%,36,24%,64,43%,*,*,27,18%
6,Huntsville,204,SAN JACINTO,Male,156,151,97%,128,82%,18,12%,122,78%,21,13%,34,22%,55,35%,*,*,15,10%
6,Huntsville,228,TRINITY,Female,79,75,95%,68,86%,6,8%,59,75%,17,22%,17,22%,34,43%,*,*,19,24%
6,Huntsville,228,TRINITY,Male,88,87,99%,83,94%,*,*,69,78%,10,11%,22,25%,32,36%,*,*,11,13%
6,Huntsville,236,WALKER,Female,272,263,97%,243,89%,16,6%,229,84%,88,32%,59,22%,147,54%,*,*,60,22%
6,Huntsville,236,WALKER,Male,250,241,96%,213,85%,26,10%,208,83%,48,19%,48,19%,96,38%,*,*,33,13%
6,Huntsville,239,WASHINGTON,Female,188,180,96%,175,93%,*,*,155,82%,39,21%,78,41%,117,62%,6,3%,65,35%
6,Huntsville,239,WASHINGTON,Male,186,183,98%,169,91%,9,5%,144,77%,28,15%,56,30%,84,45%,*,*,47,25%
7,Kilgore,1,ANDERSON,Female,290,280,97%,259,89%,12,4%,234,81%,51,18%,98,34%,149,51%,*,*,83,29%
7,Kilgore,1,ANDERSON,Male,311,295,95%,272,87%,19,6%,242,78%,30,10%,99,32%,129,41%,*,*,48,15%
7,Kilgore,3,ANGELINA,Female,619,602,97%,569,92%,18,3%,557,90%,115,19%,238,38%,353,57%,7,1%,148,24%
7,Kilgore,3,ANGELINA,Male,643,613,95%,570,89%,43,7%,557,87%,92,14%,219,34%,311,48%,5,1%,117,18%
7,Kilgore,37,CHEROKEE,Female,312,296,95%,277,89%,14,4%,253,81%,35,11%,138,44%,173,55%,9,3%,86,28%
7,Kilgore,37,CHEROKEE,Male,332,319,96%,265,80%,42,13%,235,71%,20,6%,92,28%,112,34%,5,2%,43,13%
7,Kilgore,92,GREGG,Female,889,854,96%,808,91%,28,3%,751,84%,170,19%,336,38%,506,57%,17,2%,239,27%
7,Kilgore,92,GREGG,Male,853,801,94%,749,88%,49,6%,691,81%,102,12%,295,35%,397,47%,9,1%,155,18%
7,Kilgore,102,HARRISON,Female,458,440,96%,423,92%,7,2%,402,88%,123,27%,146,32%,269,59%,10,2%,123,27%
7,Kilgore,102,HARRISON,Male,499,458,92%,441,88%,16,3%,405,81%,91,18%,138,28%,229,46%,5,1%,89,18%
7,Kilgore,107,HENDERSON,Female,400,385,96%,361,90%,9,2%,327,82%,69,17%,157,39%,226,57%,9,2%,105,26%
7,Kilgore,107,HENDERSON,Male,412,391,95%,374,91%,9,2%,328,80%,49,12%,117,28%,166,40%,8,2%,62,15%
7,Kilgore,174,NACOGDOCHES,Female,399,388,97%,354,89%,19,5%,328,82%,93,23%,121,30%,214,54%,5,1%,93,23%
7,Kilgore,174,NACOGDOCHES,Male,406,384,95%,335,83%,43,11%,313,77%,76,19%,100,25%,176,43%,5,1%,78,19%
7,Kilgore,183,PANOLA,Female,147,144,98%,132,90%,8,5%,127,86%,22,15%,65,44%,87,59%,*,*,43,29%
7,Kilgore,183,PANOLA,Male,171,166,97%,142,83%,18,11%,134,78%,29,17%,56,33%,85,50%,5,3%,49,29%
7,Kilgore,190,RAINS,Female,72,70,97%,68,94%,*,*,65,90%,15,21%,24,33%,39,54%,*,*,17,24%
7,Kilgore,190,RAINS,Male,70,67,96%,61,87%,*,*,49,70%,12,17%,16,23%,28,40%,*,*,9,13%
7,Kilgore,201,RUSK,Female,282,272,96%,259,92%,5,2%,244,87%,41,15%,123,44%,164,58%,9,3%,83,29%
7,Kilgore,201,RUSK,Male,296,286,97%,266,90%,13,4%,248,84%,28,9%,104,35%,132,45%,*,*,54,18%
7,Kilgore,202,SABINE,Female,66,63,95%,61,92%,*,*,54,82%,19,29%,20,30%,39,59%,*,*,17,26%
7,Kilgore,202,SABINE,Male,65,62,95%,53,82%,5,8%,50,77%,7,11%,13,20%,20,31%,*,*,7,11%
7,Kilgore,203,SAN AUGUSTINE,Female,54,51,94%,46,85%,*,*,43,80%,14,26%,17,31%,31,57%,*,*,19,35%
7,Kilgore,203,SAN AUGUSTINE,Male,46,42,91%,39,85%,*,*,31,67%,5,11%,7,15%,12,26%,*,*,*,*
7,Kilgore,210,SHELBY,Female,189,181,96%,173,92%,6,3%,166,88%,26,14%,93,49%,119,63%,*,*,57,30%
7,Kilgore,210,SHELBY,Male,197,190,96%,173,88%,11,6%,156,79%,30,15%,66,34%,96,49%,*,*,55,28%
7,Kilgore,212,SMITH,Female,1268,1211,96%,1123,89%,54,4%,1008,80%,205,16%,551,43%,756,60%,50,4%,350,28%
7,Kilgore,212,SMITH,Male,1368,1299,95%,1112,81%,138,10%,1000,73%,157,11%,443,32%,600,44%,31,2%,223,16%
7,Kilgore,230,UPSHUR,Female,223,212,95%,201,90%,5,2%,186,83%,36,16%,97,44%,133,60%,6,3%,62,28%
7,Kilgore,230,UPSHUR,Male,292,275,94%,244,84%,24,8%,233,80%,45,15%,120,41%,165,57%,8,3%,66,23%
7,Kilgore,234,VAN ZANDT,Female,208,204,98%,191,92%,*,*,178,86%,23,11%,90,43%,113,54%,*,*,51,25%
7,Kilgore,234,VAN ZANDT,Male,207,202,98%,184,89%,7,3%,166,80%,38,18%,67,32%,105,51%,6,3%,47,23%
7,Kilgore,250,WOOD,Female,210,202,96%,183,87%,5,2%,162,77%,34,16%,67,32%,101,48%,9,4%,50,24%
7,Kilgore,250,WOOD,Male,230,222,97%,205,89%,11,5%,195,85%,28,12%,73,32%,101,44%,*,*,46,20%
8,Mt. Pleasant,19,BOWIE,Female,630,582,92%,537,85%,22,3%,498,79%,87,14%,255,40%,342,54%,22,3%,141,22%
8,Mt. Pleasant,19,BOWIE,Male,625,590,94%,540,86%,32,5%,480,77%,95,15%,157,25%,252,40%,8,1%,111,18%
8,Mt. Pleasant,32,CAMP,Female,80,76,95%,74,93%,*,*,68,85%,11,14%,36,45%,47,59%,*,*,21,26%
8,Mt. Pleasant,32,CAMP,Male,109,106,97%,95,87%,5,5%,89,82%,8,7%,42,39%,50,46%,*,*,21,19%
8,Mt. Pleasant,34,CASS,Female,195,185,95%,181,93%,*,*,163,84%,37,19%,74,38%,111,57%,*,*,60,31%
8,Mt. Pleasant,34,CASS,Male,223,214,96%,200,90%,9,4%,182,82%,29,13%,77,35%,106,48%,*,*,42,19%
8,Mt. Pleasant,60,DELTA,Female,26,24,92%,21,81%,*,*,22,85%,*,*,10,38%,12,46%,*,*,6,23%
8,Mt. Pleasant,60,DELTA,Male,39,37,95%,36,92%,*,*,29,74%,*,*,18,46%,21,54%,*,*,6,15%
8,Mt. Pleasant,80,FRANKLIN,Female,51,50,98%,47,92%,*,*,43,84%,13,25%,21,41%,34,67%,*,*,23,45%
8,Mt. Pleasant,80,FRANKLIN,Male,54,53,98%,50,93%,*,*,43,80%,11,20%,13,24%,24,44%,*,*,11,20%
8,Mt. Pleasant,112,HOPKINS,Female,225,217,96%,198,88%,11,5%,185,82%,42,19%,88,39%,130,58%,9,4%,58,26%
8,Mt. Pleasant,112,HOPKINS,Male,210,201,96%,181,86%,13,6%,174,83%,38,18%,56,27%,94,45%,*,*,44,21%
8,Mt. Pleasant,139,LAMAR,Female,323,305,94%,282,87%,15,5%,259,80%,58,18%,133,41%,191,59%,10,3%,90,28%
8,Mt. Pleasant,139,LAMAR,Male,316,307,97%,251,79%,33,10%,244,77%,20,6%,112,35%,132,42%,*,*,51,16%
8,Mt. Pleasant,155,MARION,Female,43,37,86%,37,86%,*,*,31,72%,12,28%,9,21%,21,49%,*,*,6,14%
8,Mt. Pleasant,155,MARION,Male,51,50,98%,47,92%,*,*,44,86%,11,22%,18,35%,29,57%,*,*,13,25%
8,Mt. Pleasant,172,MORRIS,Female,67,65,97%,63,94%,*,*,60,90%,8,12%,39,58%,47,70%,*,*,16,24%
8,Mt. Pleasant,172,MORRIS,Male,103,96,93%,91,88%,*,*,85,83%,11,11%,26,25%,37,36%,*,*,11,11%
8,Mt. Pleasant,194,RED RIVER,Female,83,80,96%,80,96%,*,*,74,89%,22,27%,34,41%,56,67%,*,*,26,31%
8,Mt. Pleasant,194,RED RIVER,Male,89,83,93%,80,90%,*,*,69,78%,6,7%,23,26%,29,33%,*,*,15,17%
8,Mt. Pleasant,225,TITUS,Female,245,231,94%,215,88%,14,6%,211,86%,45,18%,116,47%,161,66%,8,3%,91,37%
8,Mt. Pleasant,225,TITUS,Male,238,223,94%,192,81%,24,10%,199,84%,9,4%,97,41%,106,45%,*,*,36,15%
9,Wichita Falls,5,ARCHER,Female,78,75,96%,75,96%,*,*,70,90%,27,35%,31,40%,58,74%,*,*,34,44%
9,Wichita Falls,5,ARCHER,Male,65,60,92%,57,88%,*,*,56,86%,25,38%,18,28%,43,66%,*,*,19,29%
9,Wichita Falls,12,BAYLOR,Female,22,22,100%,22,100%,*,*,21,95%,11,50%,5,23%,16,73%,*,*,12,55%
9,Wichita Falls,12,BAYLOR,Male,15,15,100%,14,93%,*,*,13,87%,*,*,5,33%,7,47%,*,*,*,*
9,Wichita Falls,39,CLAY,Female,62,56,90%,52,84%,*,*,48,77%,13,21%,21,34%,34,55%,*,*,12,19%
9,Wichita Falls,39,CLAY,Male,75,68,91%,68,91%,*,*,67,89%,14,19%,23,31%,37,49%,*,*,15,20%
9,Wichita Falls,78,FOARD,Female,9,9,100%,8,89%,*,*,8,89%,*,*,*,*,6,67%,*,*,*,*
9,Wichita Falls,78,FOARD,Male,5,5,100%,5,100%,*,*,5,100%,*,*,*,*,5,100%,*,*,*,*
9,Wichita Falls,99,HARDEMAN,Female,25,24,96%,23,92%,*,*,21,84%,5,20%,9,36%,14,56%,*,*,9,36%
9,Wichita Falls,99,HARDEMAN,Male,34,33,97%,31,91%,*,*,27,79%,5,15%,12,35%,17,50%,*,*,6,18%
9,Wichita Falls,119,JACK,Female,52,52,100%,51,98%,*,*,48,92%,15,29%,20,38%,35,67%,*,*,16,31%
9,Wichita Falls,119,JACK,Male,64,63,98%,53,83%,*,*,51,80%,7,11%,13,20%,20,31%,*,*,10,16%
9,Wichita Falls,138,KNOX,Female,32,30,94%,29,91%,*,*,24,75%,14,44%,7,22%,21,66%,*,*,14,44%
9,Wichita Falls,138,KNOX,Male,21,21,100%,18,86%,*,*,17,81%,*,*,7,33%,10,48%,*,*,*,*
9,Wichita Falls,169,MONTAGUE,Female,124,122,98%,116,94%,*,*,114,92%,33,27%,40,32%,73,59%,*,*,41,33%
9,Wichita Falls,169,MONTAGUE,Male,102,100,98%,90,88%,5,5%,81,79%,23,23%,21,21%,44,43%,*,*,26,25%
9,Wichita Falls,224,THROCKMORTON,Female,11,10,91%,8,73%,*,*,9,82%,*,*,*,*,5,45%,*,*,*,*
9,Wichita Falls,224,THROCKMORTON,Male,11,11,100%,11,100%,*,*,11,100%,*,*,5,45%,9,82%,*,*,5,45%
9,Wichita Falls,243,WICHITA,Female,747,705,94%,643,86%,30,4%,607,81%,198,27%,190,25%,388,52%,17,2%,159,21%
9,Wichita Falls,243,WICHITA,Male,766,725,95%,658,86%,44,6%,619,81%,136,18%,180,24%,316,41%,9,1%,105,14%
9,Wichita Falls,244,WILBARGER,Female,91,86,95%,77,85%,5,5%,71,78%,14,15%,39,43%,53,58%,*,*,28,31%
9,Wichita Falls,244,WILBARGER,Male,92,83,90%,77,84%,6,7%,70,76%,9,10%,28,30%,37,40%,*,*,20,22%
9,Wichita Falls,252,YOUNG,Female,101,96,95%,89,88%,5,5%,89,88%,37,37%,19,19%,56,55%,*,*,28,28%
9,Wichita Falls,252,YOUNG,Male,150,144,96%,126,84%,21,14%,127,85%,32,21%,39,26%,71,47%,*,*,30,20%
10,Richardson,43,COLLIN,Female,6260,6000,96%,5755,92%,135,2%,5505,88%,1867,30%,2056,33%,3923,63%,184,3%,2199,35%
10,Richardson,43,COLLIN,Male,6688,6392,96%,6004,90%,258,4%,5730,86%,1620,24%,2259,34%,3879,58%,201,3%,1717,26%
10,Richardson,57,DALLAS,Female,15822,15144,96%,13866,88%,994,6%,13275,84%,3354,21%,4865,31%,8219,52%,258,2%,3275,21%
10,Richardson,57,DALLAS,Male,16821,15919,95%,13941,83%,1767,11%,13010,77%,2615,16%,4366,26%,6981,42%,233,1%,2135,13%
10,Richardson,70,ELLIS,Female,1153,1118,97%,1053,91%,40,3%,992,86%,252,22%,470,41%,722,63%,27,2%,349,30%
10,Richardson,70,ELLIS,Male,1249,1205,96%,1050,84%,131,10%,1030,82%,235,19%,437,35%,672,54%,26,2%,294,24%
10,Richardson,74,FANNIN,Female,168,161,96%,153,91%,*,*,143,85%,32,19%,68,40%,100,60%,5,3%,45,27%
10,Richardson,74,FANNIN,Male,205,198,97%,191,93%,*,*,169,82%,22,11%,62,30%,84,41%,5,2%,33,16%
10,Richardson,91,GRAYSON,Female,768,734,96%,666,87%,27,4%,634,83%,129,17%,303,39%,432,56%,25,3%,201,26%
10,Richardson,91,GRAYSON,Male,873,821,94%,735,84%,62,7%,663,76%,110,13%,281,32%,391,45%,20,2%,138,16%
10,Richardson,116,HUNT,Female,554,530,96%,505,91%,12,2%,452,82%,140,25%,154,28%,294,53%,11,2%,136,25%
10,Richardson,116,HUNT,Male,517,493,95%,450,87%,28,5%,422,82%,65,13%,124,24%,189,37%,11,2%,67,13%
10,Richardson,129,KAUFMAN,Female,922,887,96%,843,91%,23,2%,704,76%,204,22%,342,37%,546,59%,72,8%,252,27%
10,Richardson,129,KAUFMAN,Male,986,954,97%,874,89%,56,6%,736,75%,171,17%,295,30%,466,47%,72,7%,179,18%
10,Richardson,199,ROCKWALL,Female,719,696,97%,645,90%,29,4%,621,86%,225,31%,260,36%,485,67%,31,4%,249,35%
10,Richardson,199,ROCKWALL,Male,741,720,97%,658,89%,51,7%,647,87%,179,24%,239,32%,418,56%,18,2%,180,24%
10,Richardson,234,VAN ZANDT,Female,162,158,98%,138,85%,11,7%,132,81%,35,22%,58,36%,93,57%,7,4%,45,28%
10,Richardson,234,VAN ZANDT,Male,173,167,97%,148,86%,17,10%,135,78%,27,16%,41,24%,68,39%,*,*,34,20%
11,Fort Worth,49,COOKE,Female,233,220,94%,208,89%,*,*,191,82%,49,21%,78,33%,127,55%,*,*,76,33%
11,Fort Worth,49,COOKE,Male,233,227,97%,206,88%,13,6%,188,81%,24,10%,85,36%,109,47%,*,*,39,17%
11,Fort Worth,61,DENTON,Female,4189,4031,96%,3807,91%,125,3%,3651,87%,1190,28%,1206,29%,2396,57%,76,2%,1213,29%
11,Fort Worth,61,DENTON,Male,4392,4204,96%,3882,88%,250,6%,3744,85%,921,21%,1299,30%,2220,51%,95,2%,914,21%
11,Fort Worth,72,ERATH,Female,289,266,92%,202,70%,54,19%,208,72%,80,28%,75,26%,155,54%,17,6%,74,26%
11,Fort Worth,72,ERATH,Male,322,285,89%,219,68%,60,19%,206,64%,63,20%,65,20%,128,40%,11,3%,61,19%
11,Fort Worth,111,HOOD,Female,284,277,98%,259,91%,8,3%,237,83%,84,30%,73,26%,157,55%,6,2%,81,29%
11,Fort Worth,111,HOOD,Male,322,304,94%,282,88%,15,5%,265,82%,68,21%,80,25%,148,46%,5,2%,54,17%
11,Fort Worth,126,JOHNSON,Female,1196,1140,95%,1051,88%,82,7%,1003,84%,257,21%,419,35%,676,57%,30,3%,325,27%
11,Fort Worth,126,JOHNSON,Male,1264,1209,96%,1059,84%,127,10%,1051,83%,203,16%,372,29%,575,45%,16,1%,224,18%
11,Fort Worth,182,PALO PINTO,Female,170,162,95%,144,85%,13,8%,131,77%,24,14%,54,32%,78,46%,*,*,42,25%
11,Fort Worth,182,PALO PINTO,Male,203,193,95%,168,83%,21,10%,155,76%,30,15%,45,22%,75,37%,*,*,27,13%
11,Fort Worth,184,PARKER,Female,713,685,96%,637,89%,20,3%,593,83%,178,25%,272,38%,450,63%,32,4%,240,34%
11,Fort Worth,184,PARKER,Male,712,678,95%,621,87%,42,6%,570,80%,134,19%,220,31%,354,50%,18,3%,151,21%
11,Fort Worth,213,SOMERVELL,Female,55,53,96%,52,95%,*,*,47,85%,24,44%,9,16%,33,60%,*,*,23,42%
11,Fort Worth,213,SOMERVELL,Male,80,79,99%,70,88%,7,9%,65,81%,24,30%,23,29%,47,59%,*,*,25,31%
11,Fort Worth,220,TARRANT,Female,12169,11652,96%,10487,86%,876,7%,10056,83%,3048,25%,3878,32%,6926,57%,295,2%,3099,25%
11,Fort Worth,220,TARRANT,Male,12849,12269,95%,10519,82%,1484,12%,10047,78%,2404,19%,3713,29%,6117,48%,278,2%,2197,17%
11,Fort Worth,249,WISE,Female,305,295,97%,276,90%,11,4%,256,84%,72,24%,97,32%,169,55%,8,3%,80,26%
11,Fort Worth,249,WISE,Male,388,376,97%,356,92%,8,2%,321,83%,77,20%,96,25%,173,45%,6,2%,78,20%
12,Waco,14,BELL,Female,2198,1995,91%,1678,76%,209,10%,1648,75%,464,21%,728,33%,1192,54%,81,4%,476,22%
12,Waco,14,BELL,Male,2331,2070,89%,1658,71%,307,13%,1643,70%,340,15%,655,28%,995,43%,61,3%,339,15%
12,Waco,18,BOSQUE,Female,105,100,95%,93,89%,5,5%,90,86%,31,30%,38,36%,69,66%,*,*,36,34%
12,Waco,18,BOSQUE,Male,120,115,96%,110,92%,*,*,107,89%,16,13%,41,34%,57,48%,*,*,24,20%
12,Waco,50,CORYELL,Female,384,360,94%,329,86%,13,3%,297,77%,69,18%,135,35%,204,53%,11,3%,81,21%
12,Waco,50,CORYELL,Male,404,371,92%,332,82%,17,4%,296,73%,67,17%,112,28%,179,44%,9,2%,60,15%
12,Waco,73,FALLS,Female,93,90,97%,85,91%,*,*,76,82%,18,19%,43,46%,61,66%,7,8%,26,28%
12,Waco,73,FALLS,Male,83,80,96%,75,90%,*,*,63,76%,15,18%,23,28%,38,46%,*,*,16,19%
12,Waco,81,FREESTONE,Female,114,114,100%,106,93%,*,*,93,82%,31,27%,41,36%,72,63%,*,*,37,32%
12,Waco,81,FREESTONE,Male,151,143,95%,132,87%,8,5%,124,82%,23,15%,57,38%,80,53%,*,*,33,22%
12,Waco,97,HAMILTON,Female,49,46,94%,45,92%,*,*,43,88%,20,41%,10,20%,30,61%,*,*,18,37%
12,Waco,97,HAMILTON,Male,52,48,92%,47,90%,*,*,46,88%,19,37%,9,17%,28,54%,*,*,15,29%
12,Waco,109,HILL,Female,231,221,96%,217,94%,5,2%,197,85%,45,19%,92,40%,137,59%,5,2%,63,27%
12,Waco,109,HILL,Male,226,218,96%,200,89%,13,6%,192,85%,19,8%,94,42%,113,50%,*,*,45,20%
12,Waco,141,LAMPASAS,Female,143,131,92%,128,90%,*,*,112,78%,32,22%,36,25%,68,48%,5,4%,33,23%
12,Waco,141,LAMPASAS,Male,146,138,95%,129,88%,*,*,120,82%,29,20%,42,29%,71,49%,*,*,25,17%
12,Waco,147,LIMESTONE,Female,118,114,97%,101,86%,11,9%,97,82%,17,14%,48,41%,65,55%,*,*,24,20%
12,Waco,147,LIMESTONE,Male,179,175,98%,154,86%,14,8%,147,82%,21,12%,53,30%,74,41%,*,*,17,10%
12,Waco,161,MCLENNAN,Female,1631,1564,96%,1476,91%,64,4%,1370,84%,286,18%,805,49%,1091,67%,53,3%,511,31%
12,Waco,161,MCLENNAN,Male,1687,1626,96%,1477,88%,116,7%,1344,80%,250,15%,651,39%,901,53%,40,2%,378,22%
12,Waco,167,MILLS,Female,23,22,96%,21,91%,*,*,21,91%,10,43%,*,*,14,61%,*,*,6,26%
12,Waco,167,MILLS,Male,33,33,100%,31,94%,*,*,31,94%,10,30%,5,15%,15,45%,*,*,*,*
12,Waco,175,NAVARRO,Female,356,345,97%,328,92%,9,3%,307,86%,50,14%,170,48%,220,62%,9,3%,110,31%
12,Waco,175,NAVARRO,Male,354,343,97%,301,85%,33,9%,281,79%,33,9%,140,40%,173,49%,*,*,84,24%
13,Austin,11,BASTROP,Female,571,552,97%,488,85%,58,10%,503,88%,157,28%,143,25%,300,53%,6,1%,137,24%
13,Austin,11,BASTROP,Male,605,584,97%,479,79%,100,17%,488,81%,95,16%,120,20%,215,36%,*,*,73,12%
13,Austin,14,BELL,Female,NA,NA,NA,NA,NA,NA,NA,NA,NA,NA,NA,NA,NA,NA,NA,NA,NA,NA,NA
13,Austin,14,BELL,Male,NA,NA,NA,NA,NA,NA,NA,NA,NA,NA,NA,NA,NA,NA,NA,NA,NA,NA,NA
13,Austin,16,BLANCO,Female,45,45,100%,44,98%,*,*,43,96%,23,51%,7,16%,30,67%,*,*,14,31%
13,Austin,16,BLANCO,Male,77,75,97%,67,87%,*,*,69,90%,16,21%,16,21%,32,42%,*,*,12,16%
13,Austin,27,BURNET,Female,306,284,93%,260,85%,13,4%,235,77%,71,23%,71,23%,142,46%,13,4%,59,19%
13,Austin,27,BURNET,Male,268,254,95%,229,85%,21,8%,219,82%,48,18%,58,22%,106,40%,6,2%,45,17%
13,Austin,28,CALDWELL,Female,220,219,100%,215,98%,*,*,200,91%,50,23%,41,19%,91,41%,*,*,37,17%
13,Austin,28,CALDWELL,Male,237,234,99%,220,93%,10,4%,192,81%,44,19%,33,14%,77,32%,*,*,29,12%
13,Austin,46,COMAL,Female,917,888,97%,834,91%,34,4%,797,87%,325,35%,232,25%,557,61%,20,2%,310,34%
13,Austin,46,COMAL,Male,1016,981,97%,915,90%,45,4%,848,83%,277,27%,248,24%,525,52%,19,2%,254,25%
13,Austin,75,FAYETTE,Female,162,161,99%,149,92%,9,6%,146,90%,42,26%,67,41%,109,67%,*,*,65,40%
13,Austin,75,FAYETTE,Male,143,137,96%,123,86%,14,10%,115,80%,25,17%,50,35%,75,52%,*,*,40,28%
13,Austin,86,GILLESPIE,Female,131,129,98%,116,89%,5,4%,111,85%,47,36%,26,20%,73,56%,*,*,41,31%
13,Austin,86,GILLESPIE,Male,150,143,95%,134,89%,9,6%,131,87%,36,24%,36,24%,72,48%,*,*,32,21%
13,Austin,89,GONZALES,Female,120,116,97%,103,86%,7,6%,85,71%,15,13%,22,18%,37,31%,*,*,15,13%
13,Austin,89,GONZALES,Male,158,148,94%,131,83%,12,8%,118,75%,27,17%,25,16%,52,33%,*,*,17,11%
13,Austin,94,GUADALUPE,Female,874,837,96%,775,89%,47,5%,754,86%,256,29%,207,24%,463,53%,14,2%,239,27%
13,Austin,94,GUADALUPE,Male,931,889,95%,771,83%,99,11%,747,80%,212,23%,200,21%,412,44%,17,2%,161,17%
13,Austin,105,HAYS,Female,1034,992,96%,943,91%,35,3%,894,86%,311,30%,305,30%,616,60%,14,1%,303,29%
13,Austin,105,HAYS,Male,1134,1099,97%,993,88%,80,7%,924,81%,222,20%,278,25%,500,44%,12,1%,191,17%
13,Austin,130,KENDALL,Female,30,30,100%,29,97%,*,*,29,97%,7,23%,10,33%,17,57%,*,*,11,37%
13,Austin,130,KENDALL,Male,41,40,98%,37,90%,*,*,39,95%,7,17%,12,29%,19,46%,*,*,8,20%
13,Austin,144,LEE,Female,108,103,95%,94,87%,7,6%,93,86%,19,18%,41,38%,60,56%,*,*,27,25%
13,Austin,144,LEE,Male,118,113,96%,95,81%,15,13%,100,85%,11,9%,29,25%,40,34%,*,*,16,14%
13,Austin,150,LLANO,Female,60,60,100%,50,83%,7,12%,50,83%,19,32%,11,18%,30,50%,*,*,9,15%
13,Austin,150,LLANO,Male,65,64,98%,53,82%,6,9%,45,69%,14,22%,9,14%,23,35%,*,*,14,22%
13,Austin,166,MILAM,Female,NA,NA,NA,NA,NA,NA,NA,NA,NA,NA,NA,NA,NA,NA,NA,NA,NA,NA,NA
13,Austin,166,MILAM,Male,NA,NA,NA,NA,NA,NA,NA,NA,NA,NA,NA,NA,NA,NA,NA,NA,NA,NA,NA
13,Austin,227,TRAVIS,Female,5038,4795,95%,4399,87%,289,6%,4114,82%,1282,25%,1211,24%,2493,49%,117,2%,1160,23%
13,Austin,227,TRAVIS,Male,5468,5176,95%,4583,84%,502,9%,4182,76%,1124,21%,1247,23%,2371,43%,133,2%,914,17%
13,Austin,246,WILLIAMSON,Female,3838,3700,96%,3562,93%,67,2%,3372,88%,1325,35%,1062,28%,2387,62%,85,2%,1359,35%
13,Austin,246,WILLIAMSON,Male,4005,3869,97%,3639,91%,139,3%,3391,85%,1066,27%,1176,29%,2242,56%,84,2%,1030,26%
14,Abilene,30,CALLAHAN,Female,106,100,94%,95,90%,*,*,88,83%,41,39%,27,25%,68,64%,*,*,38,36%
14,Abilene,30,CALLAHAN,Male,89,77,87%,71,80%,11,12%,70,79%,18,20%,25,28%,43,48%,*,*,15,17%
14,Abilene,47,COMANCHE,Female,86,84,98%,79,92%,*,*,73,85%,27,31%,21,24%,48,56%,*,*,19,22%
14,Abilene,47,COMANCHE,Male,90,85,94%,78,87%,6,7%,75,83%,22,24%,21,23%,43,48%,*,*,23,26%
14,Abilene,67,EASTLAND,Female,97,95,98%,81,84%,6,6%,76,78%,20,21%,32,33%,52,54%,*,*,33,34%
14,Abilene,67,EASTLAND,Male,107,102,95%,99,93%,*,*,90,84%,25,23%,36,34%,61,57%,*,*,23,22%
14,Abilene,76,FISHER,Female,NA,NA,NA,NA,NA,NA,NA,NA,NA,NA,NA,NA,NA,NA,NA,NA,NA,NA,NA
14,Abilene,76,FISHER,Male,NA,NA,NA,NA,NA,NA,NA,NA,NA,NA,NA,NA,NA,NA,NA,NA,NA,NA,NA
14,Abilene,104,HASKELL,Female,26,24,92%,22,85%,*,*,20,77%,5,19%,8,31%,13,50%,*,*,7,27%
14,Abilene,104,HASKELL,Male,36,35,97%,31,86%,*,*,27,75%,8,22%,9,25%,17,47%,*,*,7,19%
14,Abilene,127,JONES,Female,90,85,94%,78,87%,*,*,75,83%,41,46%,10,11%,51,57%,*,*,29,32%
14,Abilene,127,JONES,Male,98,91,93%,81,83%,*,*,73,74%,25,26%,23,23%,48,49%,*,*,26,27%
14,Abilene,168,MITCHELL,Female,65,63,97%,61,94%,*,*,54,83%,13,20%,23,35%,36,55%,*,*,15,23%
14,Abilene,168,MITCHELL,Male,54,53,98%,51,94%,*,*,44,81%,7,13%,14,26%,21,39%,*,*,6,11%
14,Abilene,177,NOLAN,Female,103,96,93%,87,84%,6,6%,84,82%,36,35%,23,22%,59,57%,*,*,32,31%
14,Abilene,177,NOLAN,Male,110,104,95%,91,83%,15,14%,91,83%,28,25%,27,25%,55,50%,*,*,21,19%
14,Abilene,208,SCURRY,Female,102,98,96%,94,92%,*,*,87,85%,13,13%,50,49%,63,62%,*,*,38,37%
14,Abilene,208,SCURRY,Male,99,95,96%,91,92%,*,*,81,82%,13,13%,47,47%,60,61%,*,*,30,30%
14,Abilene,209,SHACKELFORD,Female,22,22,100%,22,100%,*,*,18,82%,8,36%,6,27%,14,64%,*,*,6,27%
14,Abilene,209,SHACKELFORD,Male,28,28,100%,28,100%,*,*,25,89%,10,36%,5,18%,15,54%,*,*,8,29%
14,Abilene,215,STEPHENS,Female,49,48,98%,41,84%,*,*,36,73%,12,24%,17,35%,29,59%,*,*,16,33%
14,Abilene,215,STEPHENS,Male,55,52,95%,49,89%,5,9%,46,84%,7,13%,16,29%,23,42%,*,*,8,15%
14,Abilene,217,STONEWALL,Female,NA,NA,NA,NA,NA,NA,NA,NA,NA,NA,NA,NA,NA,NA,NA,NA,NA,NA,NA
14,Abilene,217,STONEWALL,Male,NA,NA,NA,NA,NA,NA,NA,NA,NA,NA,NA,NA,NA,NA,NA,NA,NA,NA,NA
14,Abilene,221,TAYLOR,Female,1172,1040,89%,885,76%,91,8%,834,71%,291,25%,309,26%,600,51%,54,5%,302,26%
14,Abilene,221,TAYLOR,Male,1191,1050,88%,878,74%,120,10%,807,68%,263,22%,282,24%,545,46%,69,6%,226,19%
15,San Angelo,25,BROWN,Female,229,217,95%,201,88%,10,4%,198,86%,78,34%,51,22%,129,56%,*,*,74,32%
15,San Angelo,25,BROWN,Male,273,266,97%,230,84%,25,9%,225,82%,74,27%,52,19%,126,46%,*,*,65,24%
15,San Angelo,41,COKE,Female,22,22,100%,21,95%,*,*,18,82%,8,36%,8,36%,16,73%,*,*,7,32%
15,San Angelo,41,COKE,Male,18,18,100%,15,83%,*,*,17,94%,*,*,6,33%,9,50%,*,*,*,*
15,San Angelo,42,COLEMAN,Female,44,42,95%,39,89%,*,*,35,80%,12,27%,8,18%,20,45%,*,*,11,25%
15,San Angelo,42,COLEMAN,Male,49,45,92%,43,88%,*,*,35,71%,12,24%,*,*,16,33%,*,*,*,*
15,San Angelo,48,CONCHO,Female,NA,NA,NA,NA,NA,NA,NA,NA,NA,NA,NA,NA,NA,NA,NA,NA,NA,NA,NA
15,San Angelo,48,CONCHO,Male,NA,NA,NA,NA,NA,NA,NA,NA,NA,NA,NA,NA,NA,NA,NA,NA,NA,NA,NA
15,San Angelo,53,CROCKETT,Female,22,21,95%,22,100%,*,*,18,82%,*,*,8,36%,12,55%,*,*,*,*
15,San Angelo,53,CROCKETT,Male,26,26,100%,24,92%,*,*,20,77%,6,23%,*,*,9,35%,*,*,5,19%
15,San Angelo,69,EDWARDS,Female,18,18,100%,15,83%,*,*,13,72%,*,*,5,28%,8,44%,*,*,5,28%
15,San Angelo,69,EDWARDS,Male,15,11,73%,10,67%,*,*,9,60%,*,*,6,40%,6,40%,*,*,5,33%
15,San Angelo,118,IRION,Female,13,12,92%,12,92%,*,*,10,77%,*,*,6,46%,8,62%,*,*,*,*
15,San Angelo,118,IRION,Male,16,15,94%,12,75%,*,*,9,56%,*,*,*,*,5,31%,*,*,*,*
15,San Angelo,134,KIMBLE,Female,28,28,100%,26,93%,*,*,26,93%,11,39%,5,18%,16,57%,*,*,8,29%
15,San Angelo,134,KIMBLE,Male,25,23,92%,23,92%,*,*,21,84%,5,20%,*,*,8,32%,*,*,*,*
15,San Angelo,157,MASON,Female,23,22,96%,20,87%,*,*,18,78%,12,52%,*,*,15,65%,*,*,11,48%
15,San Angelo,157,MASON,Male,24,24,100%,23,96%,*,*,20,83%,7,29%,9,38%,16,67%,*,*,7,29%
15,San Angelo,160,MCCULLOCH,Female,63,62,98%,57,90%,*,*,51,81%,21,33%,13,21%,34,54%,*,*,18,29%
15,San Angelo,160,MCCULLOCH,Male,64,64,100%,62,97%,*,*,57,89%,20,31%,7,11%,27,42%,*,*,15,23%
15,San Angelo,164,MENARD,Female,6,6,100%,5,83%,*,*,5,83%,*,*,*,*,5,83%,*,*,*,*
15,San Angelo,164,MENARD,Male,16,16,100%,15,94%,*,*,14,88%,6,38%,*,*,10,63%,*,*,7,44%
15,San Angelo,200,RUNNELS,Female,85,78,92%,71,84%,5,6%,61,72%,24,28%,17,20%,41,48%,*,*,20,24%
15,San Angelo,200,RUNNELS,Male,75,71,95%,63,84%,*,*,60,80%,23,31%,11,15%,34,45%,*,*,19,25%
15,San Angelo,206,SAN SABA,Female,35,33,94%,33,94%,*,*,28,80%,13,37%,8,23%,21,60%,*,*,8,23%
15,San Angelo,206,SAN SABA,Male,36,35,97%,33,92%,*,*,31,86%,11,31%,*,*,15,42%,*,*,12,33%
15,San Angelo,207,SCHLEICHER,Female,18,17,94%,17,94%,*,*,17,94%,9,50%,*,*,12,67%,*,*,5,28%
15,San Angelo,207,SCHLEICHER,Male,26,26,100%,22,85%,*,*,22,85%,10,38%,*,*,13,50%,*,*,*,*
15,San Angelo,216,STERLING,Female,NA,NA,NA,NA,NA,NA,NA,NA,NA,NA,NA,NA,NA,NA,NA,NA,NA,NA,NA
15,San Angelo,216,STERLING,Male,NA,NA,NA,NA,NA,NA,NA,NA,NA,NA,NA,NA,NA,NA,NA,NA,NA,NA,NA
15,San Angelo,218,SUTTON,Female,26,26,100%,25,96%,*,*,21,81%,12,46%,*,*,14,54%,*,*,8,31%
15,San Angelo,218,SUTTON,Male,42,38,90%,37,88%,*,*,34,81%,9,21%,7,17%,16,38%,*,*,8,19%
15,San Angelo,226,TOM GREEN,Female,667,641,96%,610,91%,17,3%,560,84%,253,38%,124,19%,377,57%,13,2%,185,28%
15,San Angelo,226,TOM GREEN,Male,678,655,97%,590,87%,49,7%,530,78%,193,28%,83,12%,276,41%,6,1%,120,18%
15,San Angelo,233,VAL VERDE,Female,371,357,96%,333,90%,16,4%,306,82%,73,20%,149,40%,222,60%,5,1%,118,32%
15,San Angelo,233,VAL VERDE,Male,393,369,94%,352,90%,20,5%,298,76%,57,15%,118,30%,175,45%,5,1%,75,19%
16,Amarillo,6,ARMSTRONG,Female,14,14,100%,14,100%,*,*,12,86%,5,36%,*,*,8,57%,*,*,*,*
16,Amarillo,6,ARMSTRONG,Male,13,13,100%,13,100%,*,*,13,100%,*,*,*,*,6,46%,*,*,*,*
16,Amarillo,23,BRISCOE,Female,NA,NA,NA,NA,NA,NA,NA,NA,NA,NA,NA,NA,NA,NA,NA,NA,NA,NA,NA
16,Amarillo,23,BRISCOE,Male,NA,NA,NA,NA,NA,NA,NA,NA,NA,NA,NA,NA,NA,NA,NA,NA,NA,NA,NA
16,Amarillo,33,CARSON,Female,44,43,98%,40,91%,*,*,36,82%,12,27%,16,36%,28,64%,*,*,17,39%
16,Amarillo,33,CARSON,Male,43,43,100%,40,93%,*,*,37,86%,17,40%,7,16%,24,56%,*,*,14,33%
16,Amarillo,35,CASTRO,Female,63,58,92%,51,81%,5,8%,50,79%,18,29%,18,29%,36,57%,*,*,24,38%
16,Amarillo,35,CASTRO,Male,62,53,85%,50,81%,7,11%,51,82%,13,21%,16,26%,29,47%,*,*,14,23%
16,Amarillo,38,CHILDRESS,Female,36,33,92%,35,97%,*,*,28,78%,9,25%,10,28%,19,53%,*,*,9,25%
16,Amarillo,38,CHILDRESS,Male,32,30,94%,30,94%,*,*,27,84%,8,25%,6,19%,14,44%,*,*,*,*
16,Amarillo,44,COLLINGSWORTH,Female,19,19,100%,18,95%,*,*,18,95%,8,42%,*,*,11,58%,*,*,6,32%
16,Amarillo,44,COLLINGSWORTH,Male,17,17,100%,17,100%,*,*,15,88%,7,41%,*,*,9,53%,*,*,6,35%
16,Amarillo,56,DALLAM,Female,68,62,91%,55,81%,*,*,50,74%,17,25%,20,29%,37,54%,*,*,19,28%
16,Amarillo,56,DALLAM,Male,77,67,87%,67,87%,*,*,60,78%,11,14%,16,21%,27,35%,*,*,10,13%
16,Amarillo,59,DEAF SMITH,Female,163,156,96%,139,85%,10,6%,135,83%,22,14%,55,34%,77,47%,*,*,34,21%
16,Amarillo,59,DEAF SMITH,Male,165,159,96%,137,83%,19,12%,127,77%,24,15%,33,20%,57,35%,*,*,28,17%
16,Amarillo,65,DONLEY,Female,22,21,95%,21,95%,*,*,21,95%,6,27%,10,45%,16,73%,*,*,*,*
16,Amarillo,65,DONLEY,Male,24,22,92%,21,88%,*,*,19,79%,*,*,10,42%,12,50%,*,*,8,33%
16,Amarillo,90,GRAY,Female,133,126,95%,121,91%,*,*,117,88%,34,26%,44,33%,78,59%,*,*,37,28%
16,Amarillo,90,GRAY,Male,148,140,95%,131,89%,*,*,119,80%,27,18%,35,24%,62,42%,*,*,27,18%
16,Amarillo,96,HALL,Female,22,21,95%,20,91%,*,*,20,91%,7,32%,6,27%,13,59%,*,*,8,36%
16,Amarillo,96,HALL,Male,27,26,96%,26,96%,*,*,24,89%,6,22%,11,41%,17,63%,*,*,6,22%
16,Amarillo,98,HANSFORD,Female,46,45,98%,45,98%,*,*,44,96%,13,28%,14,30%,27,59%,*,*,15,33%
16,Amarillo,98,HANSFORD,Male,38,37,97%,36,95%,*,*,35,92%,12,32%,11,29%,23,61%,*,*,12,32%
16,Amarillo,103,HARTLEY,Female,13,13,100%,12,92%,*,*,12,92%,*,*,5,38%,9,69%,*,*,5,38%
16,Amarillo,103,HARTLEY,Male,15,14,93%,13,87%,*,*,10,67%,*,*,*,*,6,40%,*,*,*,*
16,Amarillo,106,HEMPHILL,Female,25,24,96%,22,88%,*,*,20,80%,8,32%,5,20%,13,52%,*,*,8,32%
16,Amarillo,106,HEMPHILL,Male,29,27,93%,25,86%,*,*,25,86%,8,28%,6,21%,14,48%,*,*,*,*
16,Amarillo,117,HUTCHINSON,Female,158,149,94%,141,89%,*,*,139,88%,28,18%,71,45%,99,63%,*,*,47,30%
16,Amarillo,117,HUTCHINSON,Male,164,151,92%,139,85%,*,*,127,77%,22,13%,55,34%,77,47%,*,*,32,20%
16,Amarillo,148,LIPSCOMB,Female,32,31,97%,31,97%,*,*,28,88%,6,19%,7,22%,13,41%,*,*,7,22%
16,Amarillo,148,LIPSCOMB,Male,27,24,89%,23,85%,*,*,23,85%,7,26%,*,*,10,37%,*,*,6,22%
16,Amarillo,171,MOORE,Female,165,152,92%,145,88%,*,*,126,76%,11,7%,77,47%,88,53%,*,*,40,24%
16,Amarillo,171,MOORE,Male,214,207,97%,194,91%,*,*,177,83%,23,11%,84,39%,107,50%,*,*,54,25%
16,Amarillo,179,OCHILTREE,Female,69,66,96%,59,86%,*,*,56,81%,10,14%,19,28%,29,42%,*,*,16,23%
16,Amarillo,179,OCHILTREE,Male,88,82,93%,61,69%,17,19%,66,75%,10,11%,14,16%,24,27%,*,*,11,13%
16,Amarillo,180,OLDHAM,Female,29,28,97%,27,93%,*,*,24,83%,7,24%,10,34%,17,59%,*,*,9,31%
16,Amarillo,180,OLDHAM,Male,39,38,97%,37,95%,*,*,31,79%,12,31%,9,23%,21,54%,*,*,10,26%
16,Amarillo,185,PARMER,Female,80,78,98%,73,91%,*,*,68,85%,25,31%,18,23%,43,54%,*,*,28,35%
16,Amarillo,185,PARMER,Male,76,73,96%,67,88%,*,*,63,83%,10,13%,16,21%,26,34%,*,*,10,13%
16,Amarillo,188,POTTER,Female,1234,1184,96%,1057,86%,107,9%,1017,82%,225,18%,540,44%,765,62%,25,2%,341,28%
16,Amarillo,188,POTTER,Male,1325,1245,94%,1042,79%,185,14%,1041,79%,186,14%,448,34%,634,48%,22,2%,249,19%
16,Amarillo,191,RANDALL,Female,362,350,97%,341,94%,8,2%,327,90%,118,33%,139,38%,257,71%,9,2%,135,37%
16,Amarillo,191,RANDALL,Male,370,358,97%,346,94%,8,2%,317,86%,93,25%,106,29%,199,54%,6,2%,97,26%
16,Amarillo,197,ROBERTS,Female,NA,NA,NA,NA,NA,NA,NA,NA,NA,NA,NA,NA,NA,NA,NA,NA,NA,NA,NA
16,Amarillo,197,ROBERTS,Male,NA,NA,NA,NA,NA,NA,NA,NA,NA,NA,NA,NA,NA,NA,NA,NA,NA,NA,NA
16,Amarillo,211,SHERMAN,Female,39,38,97%,36,92%,*,*,21,54%,6,15%,13,33%,19,49%,*,*,8,21%
16,Amarillo,211,SHERMAN,Male,28,28,100%,26,93%,*,*,21,75%,6,21%,5,18%,11,39%,*,*,7,25%
16,Amarillo,219,SWISHER,Female,63,62,98%,61,97%,*,*,57,90%,19,30%,17,27%,36,57%,*,*,16,25%
16,Amarillo,219,SWISHER,Male,48,46,96%,42,88%,*,*,36,75%,10,21%,8,17%,18,38%,*,*,8,17%
16,Amarillo,242,WHEELER,Female,39,34,87%,34,87%,*,*,31,79%,*,*,16,41%,20,51%,*,*,6,15%
16,Amarillo,242,WHEELER,Male,40,38,95%,34,85%,*,*,34,85%,6,15%,*,*,10,25%,*,*,*,*
17,Lubbock,9,BAILEY,Female,49,49,100%,45,92%,*,*,42,86%,11,22%,10,20%,21,43%,*,*,12,24%
17,Lubbock,9,BAILEY,Male,63,56,89%,51,81%,*,*,41,65%,9,14%,14,22%,23,37%,*,*,12,19%
17,Lubbock,17,BORDEN,Female,9,9,100%,9,100%,*,*,9,100%,6,67%,*,*,9,100%,*,*,5,56%
17,Lubbock,17,BORDEN,Male,10,10,100%,10,100%,*,*,10,100%,7,70%,*,*,8,80%,*,*,*,*
17,Lubbock,40,COCHRAN,Female,21,21,100%,20,95%,*,*,19,90%,*,*,10,48%,12,57%,*,*,5,24%
17,Lubbock,40,COCHRAN,Male,27,27,100%,26,96%,*,*,23,85%,*,*,14,52%,14,52%,*,*,6,22%
17,Lubbock,51,COTTLE,Female,NA,NA,NA,NA,NA,NA,NA,NA,NA,NA,NA,NA,NA,NA,NA,NA,NA,NA,NA
17,Lubbock,51,COTTLE,Male,NA,NA,NA,NA,NA,NA,NA,NA,NA,NA,NA,NA,NA,NA,NA,NA,NA,NA,NA
17,Lubbock,54,CROSBY,Female,46,46,100%,44,96%,*,*,36,78%,*,*,19,41%,22,48%,*,*,6,13%
17,Lubbock,54,CROSBY,Male,60,57,95%,53,88%,*,*,49,82%,5,8%,23,38%,28,47%,*,*,7,12%
17,Lubbock,58,DAWSON,Female,82,77,94%,75,91%,*,*,69,84%,5,6%,33,40%,38,46%,*,*,12,15%
17,Lubbock,58,DAWSON,Male,85,81,95%,75,88%,*,*,67,79%,15,18%,30,35%,45,53%,*,*,17,20%
17,Lubbock,63,DICKENS,Female,11,10,91%,9,82%,*,*,10,91%,*,*,*,*,6,55%,*,*,*,*
17,Lubbock,63,DICKENS,Male,13,13,100%,13,100%,*,*,13,100%,*,*,7,54%,10,77%,*,*,*,*
17,Lubbock,77,FLOYD,Female,45,45,100%,42,93%,*,*,37,82%,8,18%,15,33%,23,51%,*,*,9,20%
17,Lubbock,77,FLOYD,Male,58,56,97%,51,88%,*,*,42,72%,12,21%,14,24%,26,45%,*,*,10,17%
17,Lubbock,83,GAINES,Female,113,107,95%,99,88%,*,*,95,84%,13,12%,27,24%,40,35%,*,*,22,19%
17,Lubbock,83,GAINES,Male,110,100,91%,97,88%,*,*,86,78%,14,13%,27,25%,41,37%,*,*,14,13%
17,Lubbock,85,GARZA,Female,34,33,97%,32,94%,*,*,26,76%,*,*,17,50%,19,56%,*,*,10,29%
17,Lubbock,85,GARZA,Male,40,39,98%,36,90%,*,*,31,78%,*,*,8,20%,10,25%,*,*,*,*
17,Lubbock,95,HALE,Female,273,264,97%,255,93%,*,*,227,83%,77,28%,69,25%,146,53%,5,2%,49,18%
17,Lubbock,95,HALE,Male,281,273,97%,252,90%,8,3%,224,80%,52,19%,79,28%,131,47%,7,2%,45,16%
17,Lubbock,110,HOCKLEY,Female,170,164,96%,158,93%,*,*,143,84%,18,11%,93,55%,111,65%,*,*,56,33%
17,Lubbock,110,HOCKLEY,Male,159,149,94%,140,88%,5,3%,120,75%,19,12%,56,35%,75,47%,*,*,35,22%
17,Lubbock,132,KENT,Female,NA,NA,NA,NA,NA,NA,NA,NA,NA,NA,NA,NA,NA,NA,NA,NA,NA,NA,NA
17,Lubbock,132,KENT,Male,NA,NA,NA,NA,NA,NA,NA,NA,NA,NA,NA,NA,NA,NA,NA,NA,NA,NA,NA
17,Lubbock,135,KING,Female,NA,NA,NA,NA,NA,NA,NA,NA,NA,NA,NA,NA,NA,NA,NA,NA,NA,NA,NA
17,Lubbock,135,KING,Male,NA,NA,NA,NA,NA,NA,NA,NA,NA,NA,NA,NA,NA,NA,NA,NA,NA,NA,NA
17,Lubbock,140,LAMB,Female,104,101,97%,92,88%,*,*,79,76%,14,13%,44,42%,58,56%,*,*,28,27%
17,Lubbock,140,LAMB,Male,121,116,96%,107,88%,5,4%,99,82%,16,13%,35,29%,51,42%,*,*,21,17%
17,Lubbock,152,LUBBOCK,Female,1636,1587,97%,1480,90%,49,3%,1349,82%,384,23%,542,33%,926,57%,31,2%,395,24%
17,Lubbock,152,LUBBOCK,Male,1722,1651,96%,1492,87%,123,7%,1328,77%,341,20%,447,26%,788,46%,34,2%,307,18%
17,Lubbock,153,LYNN,Female,44,40,91%,37,84%,*,*,37,84%,12,27%,15,34%,27,61%,*,*,12,27%
17,Lubbock,153,LYNN,Male,51,49,96%,47,92%,*,*,42,82%,8,16%,19,37%,27,53%,*,*,12,24%
17,Lubbock,173,MOTLEY,Female,7,7,100%,7,100%,*,*,7,100%,*,*,*,*,7,100%,*,*,*,*
17,Lubbock,173,MOTLEY,Male,7,7,100%,7,100%,*,*,7,100%,*,*,5,71%,5,71%,*,*,*,*
17,Lubbock,223,TERRY,Female,75,71,95%,71,95%,*,*,64,85%,11,15%,25,33%,36,48%,*,*,12,16%
17,Lubbock,223,TERRY,Male,87,84,97%,82,94%,*,*,79,91%,10,11%,24,28%,34,39%,*,*,11,13%
17,Lubbock,251,YOAKUM,Female,77,74,96%,72,94%,*,*,68,88%,18,23%,22,29%,40,52%,*,*,20,26%
17,Lubbock,251,YOAKUM,Male,66,65,98%,66,100%,*,*,64,97%,9,14%,23,35%,32,48%,*,*,11,17%
18,Midland,2,ANDREWS,Female,117,113,97%,107,91%,*,*,102,87%,22,19%,27,23%,49,42%,*,*,21,18%
18,Midland,2,ANDREWS,Male,139,127,91%,122,88%,9,6%,118,85%,26,19%,30,22%,56,40%,*,*,20,14%
18,Midland,22,BREWSTER,Female,48,44,92%,42,88%,*,*,42,88%,20,42%,5,10%,25,52%,*,*,12,25%
18,Midland,22,BREWSTER,Male,46,42,91%,39,85%,*,*,29,63%,17,37%,6,13%,23,50%,*,*,9,20%
18,Midland,52,CRANE,Female,43,40,93%,36,84%,*,*,34,79%,15,35%,12,28%,27,63%,*,*,12,28%
18,Midland,52,CRANE,Male,42,39,93%,31,74%,6,14%,30,71%,7,17%,8,19%,15,36%,*,*,*,*
18,Midland,55,CULBERSON,Female,24,23,96%,23,96%,*,*,21,88%,7,29%,8,33%,15,63%,*,*,*,*
18,Midland,55,CULBERSON,Male,17,17,100%,15,88%,*,*,13,76%,8,47%,*,*,8,47%,*,*,5,29%
18,Midland,68,ECTOR,Female,1006,951,95%,863,86%,58,6%,737,73%,176,18%,369,37%,545,54%,27,3%,205,20%
18,Midland,68,ECTOR,Male,1042,967,93%,823,79%,118,11%,706,68%,134,13%,289,28%,423,41%,21,2%,136,13%
18,Midland,87,GLASSCOCK,Female,10,10,100%,10,100%,*,*,10,100%,*,*,*,*,7,70%,*,*,6,60%
18,Midland,87,GLASSCOCK,Male,15,15,100%,15,100%,*,*,14,93%,*,*,5,33%,9,60%,*,*,*,*
18,Midland,114,HOWARD,Female,185,172,93%,160,86%,6,3%,136,74%,29,16%,69,37%,98,53%,*,*,50,27%
18,Midland,114,HOWARD,Male,211,196,93%,174,82%,15,7%,147,70%,32,15%,49,23%,81,38%,5,2%,28,13%
18,Midland,122,JEFF DAVIS,Female,NA,NA,NA,NA,NA,NA,NA,NA,NA,NA,NA,NA,NA,NA,NA,NA,NA,NA,NA
18,Midland,122,JEFF DAVIS,Male,NA,NA,NA,NA,NA,NA,NA,NA,NA,NA,NA,NA,NA,NA,NA,NA,NA,NA,NA
18,Midland,156,MARTIN,Female,32,30,94%,27,84%,*,*,22,69%,6,19%,10,31%,16,50%,*,*,8,25%
18,Midland,156,MARTIN,Male,39,38,97%,37,95%,*,*,34,87%,7,18%,9,23%,16,41%,*,*,8,21%
18,Midland,165,MIDLAND,Female,894,851,95%,773,86%,63,7%,687,77%,140,16%,347,39%,487,54%,31,3%,190,21%
18,Midland,165,MIDLAND,Male,921,869,94%,765,83%,98,11%,674,73%,131,14%,297,32%,428,46%,19,2%,148,16%
18,Midland,186,PECOS,Female,92,91,99%,83,90%,7,8%,84,91%,34,37%,14,15%,48,52%,*,*,22,24%
18,Midland,186,PECOS,Male,97,95,98%,83,86%,10,10%,81,84%,18,19%,16,16%,34,35%,*,*,16,16%
18,Midland,189,PRESIDIO,Female,67,62,93%,59,88%,*,*,58,87%,27,40%,18,27%,45,67%,*,*,21,31%
18,Midland,189,PRESIDIO,Male,67,66,99%,61,91%,*,*,57,85%,17,25%,16,24%,33,49%,*,*,15,22%
18,Midland,192,REAGAN,Female,37,37,100%,37,100%,*,*,35,95%,7,19%,10,27%,17,46%,*,*,*,*
18,Midland,192,REAGAN,Male,30,29,97%,26,87%,*,*,25,83%,7,23%,7,23%,14,47%,*,*,6,20%
18,Midland,195,REEVES,Female,75,74,99%,65,87%,5,7%,58,77%,18,24%,21,28%,39,52%,*,*,13,17%
18,Midland,195,REEVES,Male,89,84,94%,68,76%,11,12%,72,81%,16,18%,20,22%,36,40%,*,*,9,10%
18,Midland,222,TERRELL,Female,NA,NA,NA,NA,NA,NA,NA,NA,NA,NA,NA,NA,NA,NA,NA,NA,NA,NA,NA
18,Midland,222,TERRELL,Male,NA,NA,NA,NA,NA,NA,NA,NA,NA,NA,NA,NA,NA,NA,NA,NA,NA,NA,NA
18,Midland,231,UPTON,Female,22,22,100%,21,95%,*,*,20,91%,6,27%,10,45%,16,73%,*,*,*,*
18,Midland,231,UPTON,Male,29,28,97%,25,86%,*,*,20,69%,*,*,10,34%,12,41%,*,*,*,*
18,Midland,238,WARD,Female,71,70,99%,61,86%,6,8%,62,87%,20,28%,11,15%,31,44%,*,*,16,23%
18,Midland,238,WARD,Male,72,70,97%,57,79%,12,17%,55,76%,16,22%,14,19%,30,42%,*,*,7,10%
18,Midland,248,WINKLER,Female,60,58,97%,56,93%,*,*,49,82%,7,12%,19,32%,26,43%,*,*,9,15%
18,Midland,248,WINKLER,Male,59,57,97%,54,92%,*,*,48,81%,18,31%,12,20%,30,51%,*,*,13,22%
19,El Paso,999,El Paso&Hudsp,Female,6542,6170,94%,5396,82%,606,9%,5343,82%,1764,27%,2182,33%,3946,60%,133,2%,1565,24%
19,El Paso,999,El Paso&Hudsp,Male,6846,6476,95%,5422,79%,856,13%,5323,78%,1574,23%,1970,29%,3544,52%,141,2%,939,14%
20,San Antonio,7,ATASCOSA,Female,343,338,99%,328,96%,7,2%,286,83%,78,23%,101,29%,179,52%,7,2%,78,23%
20,San Antonio,7,ATASCOSA,Male,333,315,95%,291,87%,22,7%,275,83%,50,15%,77,23%,127,38%,*,*,40,12%
20,San Antonio,10,BANDERA,Female,124,117,94%,107,86%,5,4%,92,74%,39,31%,29,23%,68,55%,7,6%,35,28%
20,San Antonio,10,BANDERA,Male,120,115,96%,103,86%,10,8%,96,80%,22,18%,24,20%,46,38%,*,*,22,18%
20,San Antonio,15,BEXAR,Female,11712,11182,95%,10119,86%,756,6%,9361,80%,2831,24%,3751,32%,6582,56%,339,3%,3036,26%
20,San Antonio,15,BEXAR,Male,12272,11596,94%,9989,81%,1288,11%,9398,77%,2131,17%,3212,26%,5343,44%,231,2%,1975,16%
20,San Antonio,64,DIMMIT,Female,103,100,97%,78,76%,16,16%,82,80%,23,22%,44,43%,67,65%,*,*,29,28%
20,San Antonio,64,DIMMIT,Male,84,81,96%,57,68%,21,25%,68,81%,11,13%,28,33%,39,46%,*,*,9,11%
20,San Antonio,82,FRIO,Female,109,106,97%,90,83%,12,11%,83,76%,12,11%,32,29%,44,40%,*,*,12,11%
20,San Antonio,82,FRIO,Male,129,125,97%,88,68%,33,26%,95,74%,10,8%,31,24%,41,32%,*,*,14,11%
20,San Antonio,130,KENDALL,Female,246,230,94%,217,88%,*,*,204,83%,115,47%,52,21%,167,68%,10,4%,112,46%
20,San Antonio,130,KENDALL,Male,327,319,98%,303,93%,10,3%,289,88%,118,36%,75,23%,193,59%,6,2%,113,35%
20,San Antonio,133,KERR,Female,204,187,92%,178,87%,5,2%,167,82%,69,34%,37,18%,106,52%,10,5%,58,28%
20,San Antonio,133,KERR,Male,276,269,97%,243,88%,19,7%,236,86%,60,22%,45,16%,105,38%,*,*,44,16%
20,San Antonio,136,KINNEY,Female,NA,NA,NA,NA,NA,NA,NA,NA,NA,NA,NA,NA,NA,NA,NA,NA,NA,NA,NA
20,San Antonio,136,KINNEY,Male,NA,NA,NA,NA,NA,NA,NA,NA,NA,NA,NA,NA,NA,NA,NA,NA,NA,NA,NA
20,San Antonio,142,LA SALLE,Female,48,48,100%,45,94%,*,*,42,88%,12,25%,10,21%,22,46%,*,*,12,25%
20,San Antonio,142,LA SALLE,Male,49,49,100%,42,86%,6,12%,39,80%,*,*,13,27%,16,33%,*,*,7,14%
20,San Antonio,159,MAVERICK,Female,532,505,95%,431,81%,64,12%,447,84%,102,19%,244,46%,346,65%,5,1%,182,34%
20,San Antonio,159,MAVERICK,Male,571,550,96%,451,79%,94,16%,459,80%,99,17%,208,36%,307,54%,9,2%,126,22%
20,San Antonio,163,MEDINA,Female,341,329,96%,305,89%,14,4%,295,87%,90,26%,92,27%,182,53%,8,2%,93,27%
20,San Antonio,163,MEDINA,Male,341,325,95%,303,89%,13,4%,283,83%,75,22%,83,24%,158,46%,*,*,74,22%
20,San Antonio,193,REAL,Female,NA,NA,NA,NA,NA,NA,NA,NA,NA,NA,NA,NA,NA,NA,NA,NA,NA,NA,NA
20,San Antonio,193,REAL,Male,NA,NA,NA,NA,NA,NA,NA,NA,NA,NA,NA,NA,NA,NA,NA,NA,NA,NA,NA
20,San Antonio,232,UVALDE,Female,224,217,97%,187,83%,26,12%,159,71%,37,17%,83,37%,120,54%,10,4%,66,29%
20,San Antonio,232,UVALDE,Male,222,211,95%,162,73%,38,17%,146,66%,24,11%,78,35%,102,46%,*,*,47,21%
20,San Antonio,247,WILSON,Female,291,278,96%,266,91%,*,*,254,87%,82,28%,97,33%,179,62%,6,2%,102,35%
20,San Antonio,247,WILSON,Male,330,318,96%,302,92%,16,5%,283,86%,63,19%,79,24%,142,43%,5,2%,64,19%
20,San Antonio,254,ZAVALA,Female,90,89,99%,83,92%,*,*,75,83%,6,7%,47,52%,53,59%,*,*,27,30%
20,San Antonio,254,ZAVALA,Male,96,93,97%,80,83%,5,5%,74,77%,8,8%,36,38%,44,46%,*,*,16,17%