"Region Code","TEA Region","County Code","County Name","Economic Status","8th Grade (FY 2006)","Enrolled in 9th Grade (FY 2007)","% Enrolled in 9th Grade (FY 2007)","Enrolled in 10th Grade(FY 2008)","% Enrolled in 10th Grade (FY 2008)","Enrolled in <10th Grade (FY 2008)","% Enrolled in <10th Grade (FY 2008)","High School Graduate FY 2009-2011","% High School Graduate FY 2009-2011","Enrolled TX 4-year","% Enrolled TX 4-year","Enrolled TX 2-year","% Enrolled TX 2-year","Enrolled in Higher Education","% Enrolled in Higher Education","No Public HS Grad Record Enrolled in Higher Ed","% No Public HS Grad Record Enrolled in Higher Ed","Higher Ed Degree or Certificate Texas","% Higher Ed Degree or Certificate Texas"
01,Edinburg,031,CAMERON,Not Economically Disadvantaged,905,870,96.13%,752,83.09%,104,11.49%,770,85.08%,362,40.00%,315,34.81%,677,74.81%,25,2.76%,295,32.60%
01,Edinburg,031,CAMERON,Economically Disadvantaged,6065,5665,93.40%,4073,67.16%,1505,24.81%,4412,72.75%,978,16.13%,2221,36.62%,3199,52.75%,186,3.07%,996,16.42%
01,Edinburg,108,HIDALGO,Not Economically Disadvantaged,1854,1747,94.23%,1573,84.84%,172,9.28%,1591,85.81%,853,46.01%,522,28.16%,1375,74.16%,50,2.70%,661,35.65%
01,Edinburg,108,HIDALGO,Economically Disadvantaged,10785,10145,94.07%,7769,72.04%,2189,20.30%,7871,72.98%,2170,20.12%,3363,31.18%,5533,51.30%,295,2.74%,1934,17.93%
01,Edinburg,124,JIM HOGG,Not Economically Disadvantaged,17,17,100.0%,17,100.0%,0,0.00%,16,94.12%,7,41.18%,8,47.06%,15,88.24%,0,0.00%,5,29.41%
01,Edinburg,124,JIM HOGG,Economically Disadvantaged,58,56,96.55%,55,94.83%,1,1.72%,42,72.41%,12,20.69%,17,29.31%,29,50.00%,1,1.72%,9,15.52%
01,Edinburg,214,STARR,Not Economically Disadvantaged,98,96,97.96%,83,84.69%,12,12.24%,83,84.69%,29,29.59%,37,37.76%,66,67.35%,2,2.04%,34,34.69%
01,Edinburg,214,STARR,Economically Disadvantaged,1101,1050,95.37%,810,73.57%,212,19.26%,807,73.30%,176,15.99%,423,38.42%,599,54.41%,27,2.45%,249,22.62%
01,Edinburg,240,WEBB,Not Economically Disadvantaged,763,720,94.36%,675,88.47%,42,5.50%,667,87.42%,249,32.63%,344,45.09%,593,77.72%,27,3.54%,274,35.91%
01,Edinburg,240,WEBB,Economically Disadvantaged,3601,3379,93.84%,2899,80.51%,451,12.52%,2823,78.39%,635,17.63%,1593,44.24%,2228,61.87%,99,2.75%,760,21.11%
01,Edinburg,245,WILLACY,Not Economically Disadvantaged,38,37,97.37%,36,94.74%,1,2.63%,34,89.47%,18,47.37%,14,36.84%,32,84.21%,1,2.63%,12,31.58%
01,Edinburg,245,WILLACY,Economically Disadvantaged,306,281,91.83%,255,83.33%,34,11.11%,232,75.82%,48,15.69%,101,33.01%,149,48.69%,4,1.31%,37,12.09%
01,Edinburg,253,ZAPATA,Not Economically Disadvantaged,49,46,93.88%,42,85.71%,3,6.12%,37,75.51%,19,38.78%,14,28.57%,33,67.35%,2,4.08%,20,40.82%
01,Edinburg,253,ZAPATA,Economically Disadvantaged,212,209,98.58%,180,84.91%,20,9.43%,160,75.47%,46,21.70%,53,25.00%,99,46.70%,4,1.89%,36,16.98%
02,Corpus Christi,004,ARANSAS,Not Economically Disadvantaged,123,115,93.50%,109,88.62%,3,2.44%,101,82.11%,43,34.96%,40,32.52%,83,67.48%,4,3.25%,33,26.83%
02,Corpus Christi,004,ARANSAS,Economically Disadvantaged,173,160,92.49%,133,76.88%,17,9.83%,114,65.90%,25,14.45%,48,27.75%,73,42.20%,4,2.31%,20,11.56%
02,Corpus Christi,013,BEE,Not Economically Disadvantaged,148,137,92.57%,123,83.11%,15,10.14%,121,81.76%,26,17.57%,80,54.05%,106,71.62%,7,4.73%,49,33.11%
02,Corpus Christi,013,BEE,Economically Disadvantaged,263,252,95.82%,194,73.76%,50,19.01%,192,73.00%,19,7.22%,108,41.06%,127,48.29%,10,3.80%,31,11.79%
02,Corpus Christi,024,BROOKS,Not Economically Disadvantaged,,,,,,,,,,,,,,,,,,,
02,Corpus Christi,024,BROOKS,Economically Disadvantaged,,,,,,,,,,,,,,,,,,,
02,Corpus Christi,066,DUVAL,Not Economically Disadvantaged,71,69,97.18%,60,84.51%,2,2.82%,57,80.28%,16,22.54%,25,35.21%,41,57.75%,2,2.82%,16,22.54%
02,Corpus Christi,066,DUVAL,Economically Disadvantaged,137,128,93.43%,115,83.94%,13,9.49%,98,71.53%,26,18.98%,39,28.47%,65,47.45%,3,2.19%,23,16.79%
02,Corpus Christi,125,JIM WELLS,Not Economically Disadvantaged,242,236,97.52%,218,90.08%,19,7.85%,198,81.82%,85,35.12%,82,33.88%,167,69.01%,10,4.13%,61,25.21%
02,Corpus Christi,125,JIM WELLS,Economically Disadvantaged,431,413,95.82%,306,71.00%,104,24.13%,276,64.04%,67,15.55%,115,26.68%,182,42.23%,13,3.02%,40,9.28%
02,Corpus Christi,137,KLEBERG,Not Economically Disadvantaged,153,147,96.08%,123,80.39%,19,12.42%,127,83.01%,74,48.37%,41,26.80%,115,75.16%,7,4.58%,50,32.68%
02,Corpus Christi,137,KLEBERG,Economically Disadvantaged,280,258,92.14%,177,63.21%,78,27.86%,179,63.93%,65,23.21%,56,20.00%,121,43.21%,10,3.57%,37,13.21%
02,Corpus Christi,149,LIVE OAK,Not Economically Disadvantaged,85,82,96.47%,79,92.94%,3,3.53%,75,88.24%,26,30.59%,28,32.94%,54,63.53%,3,3.53%,22,25.88%
02,Corpus Christi,149,LIVE OAK,Economically Disadvantaged,70,69,98.57%,60,85.71%,3,4.29%,47,67.14%,5,7.14%,27,38.57%,32,45.71%,2,2.86%,9,12.86%
02,Corpus Christi,162,MCMULLEN,Not Economically Disadvantaged,,,,,,,,,,,,,,,,,,,
02,Corpus Christi,162,MCMULLEN,Economically Disadvantaged,,,,,,,,,,,,,,,,,,,
02,Corpus Christi,178,NUECES,Not Economically Disadvantaged,2039,1895,92.94%,1709,83.82%,160,7.85%,1646,80.73%,650,31.88%,723,35.46%,1373,67.34%,105,5.15%,594,29.13%
02,Corpus Christi,178,NUECES,Economically Disadvantaged,2604,2380,91.40%,1856,71.27%,471,18.09%,1641,63.02%,309,11.87%,755,28.99%,1064,40.86%,107,4.11%,206,7.91%
02,Corpus Christi,205,SAN PATRICIO,Not Economically Disadvantaged,550,515,93.64%,466,84.73%,36,6.55%,438,79.64%,164,29.82%,169,30.73%,333,60.55%,19,3.45%,149,27.09%
02,Corpus Christi,205,SAN PATRICIO,Economically Disadvantaged,651,589,90.48%,473,72.66%,105,16.13%,451,69.28%,92,14.13%,146,22.43%,238,36.56%,11,1.69%,44,6.76%
03,Victoria,029,CALHOUN,Not Economically Disadvantaged,160,158,98.75%,147,91.88%,4,2.50%,140,87.50%,31,19.38%,71,44.38%,102,63.75%,5,3.13%,44,27.50%
03,Victoria,029,CALHOUN,Economically Disadvantaged,182,169,92.86%,149,81.87%,19,10.44%,134,73.63%,13,7.14%,55,30.22%,68,37.36%,1,0.55%,20,10.99%
03,Victoria,045,COLORADO,Not Economically Disadvantaged,158,154,97.47%,141,89.24%,9,5.70%,141,89.24%,33,20.89%,76,48.10%,109,68.99%,2,1.27%,67,42.41%
03,Victoria,045,COLORADO,Economically Disadvantaged,128,117,91.41%,99,77.34%,17,13.28%,90,70.31%,12,9.38%,33,25.78%,45,35.16%,2,1.56%,17,13.28%
03,Victoria,062,DE WITT,Not Economically Disadvantaged,170,168,98.82%,149,87.65%,8,4.71%,141,82.94%,59,34.71%,70,41.18%,129,75.88%,11,6.47%,70,41.18%
03,Victoria,062,DE WITT,Economically Disadvantaged,179,173,96.65%,124,69.27%,34,18.99%,116,64.80%,13,7.26%,41,22.91%,54,30.17%,2,1.12%,15,8.38%
03,Victoria,088,GOLIAD,Not Economically Disadvantaged,76,74,97.37%,71,93.42%,4,5.26%,70,92.11%,22,28.95%,30,39.47%,52,68.42%,2,2.63%,27,35.53%
03,Victoria,088,GOLIAD,Economically Disadvantaged,39,37,94.87%,30,76.92%,6,15.38%,27,69.23%,1,2.56%,14,35.90%,15,38.46%,1,2.56%,4,10.26%
03,Victoria,120,JACKSON,Not Economically Disadvantaged,141,138,97.87%,133,94.33%,2,1.42%,123,87.23%,38,26.95%,61,43.26%,99,70.21%,4,2.84%,52,36.88%
03,Victoria,120,JACKSON,Economically Disadvantaged,109,103,94.50%,89,81.65%,4,3.67%,76,69.72%,8,7.34%,33,30.28%,41,37.61%,1,0.92%,11,10.09%
03,Victoria,128,KARNES,Not Economically Disadvantaged,70,70,100.0%,68,97.14%,2,2.86%,63,90.00%,20,28.57%,30,42.86%,50,71.43%,2,2.86%,27,38.57%
03,Victoria,128,KARNES,Economically Disadvantaged,90,87,96.67%,74,82.22%,11,12.22%,63,70.00%,6,6.67%,27,30.00%,33,36.67%,1,1.11%,6,6.67%
03,Victoria,143,LAVACA,Not Economically Disadvantaged,109,103,94.50%,101,92.66%,1,0.92%,90,82.57%,30,27.52%,49,44.95%,79,72.48%,11,10.09%,51,46.79%
03,Victoria,143,LAVACA,Economically Disadvantaged,56,53,94.64%,49,87.50%,5,8.93%,44,78.57%,11,19.64%,19,33.93%,30,53.57%,3,5.36%,16,28.57%
03,Victoria,158,MATAGORDA,Not Economically Disadvantaged,268,256,95.52%,236,88.06%,9,3.36%,225,83.96%,63,23.51%,112,41.79%,175,65.30%,4,1.49%,101,37.69%
03,Victoria,158,MATAGORDA,Economically Disadvantaged,316,300,94.94%,260,82.28%,35,11.08%,238,75.32%,31,9.81%,103,32.59%,134,42.41%,2,0.63%,50,15.82%
03,Victoria,196,REFUGIO,Not Economically Disadvantaged,59,57,96.61%,56,94.92%,1,1.69%,54,91.53%,11,18.64%,30,50.85%,41,69.49%,1,1.69%,23,38.98%
03,Victoria,196,REFUGIO,Economically Disadvantaged,59,55,93.22%,51,86.44%,5,8.47%,47,79.66%,2,3.39%,26,44.07%,28,47.46%,2,3.39%,3,5.08%
03,Victoria,235,VICTORIA,Not Economically Disadvantaged,391,363,92.84%,329,84.14%,24,6.14%,306,78.26%,71,18.16%,202,51.66%,273,69.82%,33,8.44%,123,31.46%
03,Victoria,235,VICTORIA,Economically Disadvantaged,705,637,90.35%,489,69.36%,126,17.87%,392,55.60%,28,3.97%,193,27.38%,221,31.35%,23,3.26%,36,5.11%
03,Victoria,241,WHARTON,Not Economically Disadvantaged,257,251,97.67%,238,92.61%,12,4.67%,233,90.66%,43,16.73%,163,63.42%,206,80.16%,5,1.95%,113,43.97%
03,Victoria,241,WHARTON,Economically Disadvantaged,346,328,94.80%,290,83.82%,28,8.09%,252,72.83%,27,7.80%,125,36.13%,152,43.93%,7,2.02%,53,15.32%
04,Houston,020,BRAZORIA,Not Economically Disadvantaged,2571,2464,95.84%,2286,88.91%,137,5.33%,2160,84.01%,656,25.52%,1167,45.39%,1823,70.91%,105,4.08%,902,35.08%
04,Houston,020,BRAZORIA,Economically Disadvantaged,1575,1483,94.16%,1196,75.94%,249,15.81%,1082,68.70%,119,7.56%,528,33.52%,647,41.08%,58,3.68%,177,11.24%
04,Houston,036,CHAMBERS,Not Economically Disadvantaged,348,328,94.25%,317,91.09%,13,3.74%,307,88.22%,98,28.16%,177,50.86%,275,79.02%,11,3.16%,140,40.23%
04,Houston,036,CHAMBERS,Economically Disadvantaged,160,145,90.63%,124,77.50%,13,8.13%,109,68.13%,19,11.88%,43,26.88%,62,38.75%,3,1.88%,16,10.00%
04,Houston,079,FORT BEND,Not Economically Disadvantaged,4800,4533,94.44%,4138,86.21%,379,7.90%,4019,83.73%,1926,40.13%,1573,32.77%,3499,72.90%,249,5.19%,1895,39.48%
04,Houston,079,FORT BEND,Economically Disadvantaged,2353,2154,91.54%,1709,72.63%,445,18.91%,1620,68.85%,400,17.00%,771,32.77%,1171,49.77%,112,4.76%,361,15.34%
04,Houston,084,GALVESTON,Not Economically Disadvantaged,3937,3758,95.45%,3411,86.64%,261,6.63%,3288,83.52%,1202,30.53%,1678,42.62%,2880,73.15%,207,5.26%,1510,38.35%
04,Houston,084,GALVESTON,Economically Disadvantaged,1772,1587,89.56%,1193,67.33%,344,19.41%,1134,64.00%,149,8.41%,691,39.00%,840,47.40%,103,5.81%,220,12.42%
04,Houston,101,HARRIS,Not Economically Disadvantaged,23519,22149,94.17%,20069,85.33%,1688,7.18%,19158,81.46%,6777,28.82%,8844,37.60%,15621,66.42%,1128,4.80%,7186,30.55%
04,Houston,101,HARRIS,Economically Disadvantaged,31268,28161,90.06%,21045,67.31%,6411,20.50%,19770,63.23%,3691,11.80%,9302,29.75%,12993,41.55%,1450,4.64%,3440,11.00%
04,Houston,146,LIBERTY,Not Economically Disadvantaged,636,584,91.82%,509,80.03%,65,10.22%,496,77.99%,119,18.71%,235,36.95%,354,55.66%,26,4.09%,130,20.44%
04,Houston,146,LIBERTY,Economically Disadvantaged,532,463,87.03%,378,71.05%,90,16.92%,352,66.17%,42,7.89%,127,23.87%,169,31.77%,6,1.13%,40,7.52%
04,Houston,237,WALLER,Not Economically Disadvantaged,306,300,98.04%,258,84.31%,40,13.07%,251,82.03%,69,22.55%,115,37.58%,184,60.13%,10,3.27%,62,20.26%
04,Houston,237,WALLER,Economically Disadvantaged,326,309,94.79%,232,71.17%,65,19.94%,224,68.71%,44,13.50%,85,26.07%,129,39.57%,6,1.84%,28,8.59%
05,Beaumont,084,GALVESTON,Not Economically Disadvantaged,13,12,92.31%,13,100.0%,0,0.00%,12,92.31%,4,30.77%,4,30.77%,8,61.54%,0,0.00%,3,23.08%
05,Beaumont,084,GALVESTON,Economically Disadvantaged,10,8,80.00%,6,60.00%,1,10.00%,5,50.00%,2,20.00%,3,30.00%,5,50.00%,1,10.00%,0,0.00%
05,Beaumont,100,HARDIN,Not Economically Disadvantaged,534,507,94.94%,474,88.76%,24,4.49%,445,83.33%,202,37.83%,133,24.91%,335,62.73%,14,2.62%,155,29.03%
05,Beaumont,100,HARDIN,Economically Disadvantaged,275,254,92.36%,204,74.18%,40,14.55%,182,66.18%,50,18.18%,58,21.09%,108,39.27%,11,4.00%,37,13.45%
05,Beaumont,121,JASPER,Not Economically Disadvantaged,215,207,96.28%,195,90.70%,7,3.26%,178,82.79%,54,25.12%,72,33.49%,126,58.60%,5,2.33%,54,25.12%
05,Beaumont,121,JASPER,Economically Disadvantaged,277,265,95.67%,237,85.56%,15,5.42%,191,68.95%,58,20.94%,76,27.44%,134,48.38%,12,4.33%,37,13.36%
05,Beaumont,123,JEFFERSON,Not Economically Disadvantaged,1344,1277,95.01%,1150,85.57%,107,7.96%,1067,79.39%,553,41.15%,383,28.50%,936,69.64%,82,6.10%,465,34.60%
05,Beaumont,123,JEFFERSON,Economically Disadvantaged,1763,1651,93.65%,1378,78.16%,208,11.80%,1186,67.27%,307,17.41%,492,27.91%,799,45.32%,67,3.80%,218,12.37%
05,Beaumont,176,NEWTON,Not Economically Disadvantaged,70,63,90.00%,51,72.86%,11,15.71%,46,65.71%,16,22.86%,21,30.00%,37,52.86%,6,8.57%,16,22.86%
05,Beaumont,176,NEWTON,Economically Disadvantaged,112,105,93.75%,86,76.79%,17,15.18%,79,70.54%,12,10.71%,27,24.11%,39,34.82%,2,1.79%,9,8.04%
05,Beaumont,181,ORANGE,Not Economically Disadvantaged,735,682,92.79%,621,84.49%,50,6.80%,572,77.82%,144,19.59%,321,43.67%,465,63.27%,35,4.76%,192,26.12%
05,Beaumont,181,ORANGE,Economically Disadvantaged,491,442,90.02%,372,75.76%,58,11.81%,338,68.84%,52,10.59%,156,31.77%,208,42.36%,17,3.46%,45,9.16%
05,Beaumont,229,TYLER,Not Economically Disadvantaged,130,127,97.69%,117,90.00%,10,7.69%,105,80.77%,23,17.69%,46,35.38%,69,53.08%,1,0.77%,27,20.77%
05,Beaumont,229,TYLER,Economically Disadvantaged,171,161,94.15%,135,78.95%,24,14.04%,128,74.85%,21,12.28%,42,24.56%,63,36.84%,2,1.17%,16,9.36%
06,Huntsville,008,AUSTIN,Not Economically Disadvantaged,248,240,96.77%,224,90.32%,9,3.63%,216,87.10%,63,25.40%,108,43.55%,171,68.95%,8,3.23%,94,37.90%
06,Huntsville,008,AUSTIN,Economically Disadvantaged,176,165,93.75%,128,72.73%,39,22.16%,134,76.14%,18,10.23%,49,27.84%,67,38.07%,1,0.57%,15,8.52%
06,Huntsville,021,BRAZOS,Not Economically Disadvantaged,894,838,93.74%,775,86.69%,45,5.03%,762,85.23%,257,28.75%,377,42.17%,634,70.92%,27,3.02%,304,34.00%
06,Huntsville,021,BRAZOS,Economically Disadvantaged,864,792,91.67%,610,70.60%,154,17.82%,512,59.26%,61,7.06%,232,26.85%,293,33.91%,31,3.59%,57,6.60%
06,Huntsville,026,BURLESON,Not Economically Disadvantaged,120,119,99.17%,110,91.67%,9,7.50%,110,91.67%,21,17.50%,56,46.67%,77,64.17%,1,0.83%,40,33.33%
06,Huntsville,026,BURLESON,Economically Disadvantaged,113,107,94.69%,82,72.57%,19,16.81%,79,69.91%,6,5.31%,41,36.28%,47,41.59%,3,2.65%,8,7.08%
06,Huntsville,093,GRIMES,Not Economically Disadvantaged,145,143,98.62%,133,91.72%,3,2.07%,114,78.62%,33,22.76%,51,35.17%,84,57.93%,3,2.07%,38,26.21%
06,Huntsville,093,GRIMES,Economically Disadvantaged,210,197,93.81%,179,85.24%,15,7.14%,144,68.57%,20,9.52%,52,24.76%,72,34.29%,5,2.38%,19,9.05%
06,Huntsville,113,HOUSTON,Not Economically Disadvantaged,131,125,95.42%,119,90.84%,7,5.34%,118,90.08%,36,27.48%,51,38.93%,87,66.41%,2,1.53%,53,40.46%
06,Huntsville,113,HOUSTON,Economically Disadvantaged,154,143,92.86%,123,79.87%,21,13.64%,118,76.62%,17,11.04%,54,35.06%,71,46.10%,3,1.95%,18,11.69%
06,Huntsville,145,LEON,Not Economically Disadvantaged,135,132,97.78%,125,92.59%,3,2.22%,115,85.19%,27,20.00%,55,40.74%,82,60.74%,5,3.70%,32,23.70%
06,Huntsville,145,LEON,Economically Disadvantaged,120,116,96.67%,109,90.83%,6,5.00%,93,77.50%,13,10.83%,51,42.50%,64,53.33%,5,4.17%,21,17.50%
06,Huntsville,154,MADISON,Not Economically Disadvantaged,102,100,98.04%,99,97.06%,0,0.00%,90,88.24%,33,32.35%,28,27.45%,61,59.80%,1,0.98%,26,25.49%
06,Huntsville,154,MADISON,Economically Disadvantaged,98,89,90.82%,84,85.71%,5,5.10%,76,77.55%,12,12.24%,21,21.43%,33,33.67%,1,1.02%,10,10.20%
06,Huntsville,166,MILAM,Not Economically Disadvantaged,140,132,94.29%,129,92.14%,4,2.86%,123,87.86%,45,32.14%,56,40.00%,101,72.14%,3,2.14%,54,38.57%
06,Huntsville,166,MILAM,Economically Disadvantaged,203,191,94.09%,156,76.85%,31,15.27%,141,69.46%,22,10.84%,57,28.08%,79,38.92%,6,2.96%,21,10.34%
06,Huntsville,170,MONTGOMERY,Not Economically Disadvantaged,3907,3675,94.06%,3301,84.49%,319,8.16%,3199,81.88%,1039,26.59%,1472,37.68%,2511,64.27%,138,3.53%,1176,30.10%
06,Huntsville,170,MONTGOMERY,Economically Disadvantaged,1939,1765,91.03%,1306,67.35%,372,19.19%,1216,62.71%,127,6.55%,552,28.47%,679,35.02%,58,2.99%,139,7.17%
06,Huntsville,187,POLK,Not Economically Disadvantaged,236,226,95.76%,202,85.59%,17,7.20%,178,75.42%,49,20.76%,91,38.56%,140,59.32%,14,5.93%,49,20.76%
06,Huntsville,187,POLK,Economically Disadvantaged,334,301,90.12%,251,75.15%,38,11.38%,208,62.28%,28,8.38%,90,26.95%,118,35.33%,11,3.29%,33,9.88%
06,Huntsville,198,ROBERTSON,Not Economically Disadvantaged,92,86,93.48%,81,88.04%,3,3.26%,73,79.35%,20,21.74%,46,50.00%,66,71.74%,2,2.17%,30,32.61%
06,Huntsville,198,ROBERTSON,Economically Disadvantaged,161,151,93.79%,137,85.09%,12,7.45%,124,77.02%,16,9.94%,58,36.02%,74,45.96%,3,1.86%,18,11.18%
06,Huntsville,204,SAN JACINTO,Not Economically Disadvantaged,138,122,88.41%,113,81.88%,6,4.35%,97,70.29%,28,20.29%,38,27.54%,66,47.83%,4,2.90%,31,22.46%
06,Huntsville,204,SAN JACINTO,Economically Disadvantaged,144,134,93.06%,106,73.61%,19,13.19%,91,63.19%,12,8.33%,30,20.83%,42,29.17%,2,1.39%,10,6.94%
06,Huntsville,228,TRINITY,Not Economically Disadvantaged,63,63,100.0%,59,93.65%,3,4.76%,50,79.37%,13,20.63%,25,39.68%,38,60.32%,2,3.17%,15,23.81%
06,Huntsville,228,TRINITY,Economically Disadvantaged,99,93,93.94%,84,84.85%,6,6.06%,61,61.62%,8,8.08%,31,31.31%,39,39.39%,4,4.04%,13,13.13%
06,Huntsville,236,WALKER,Not Economically Disadvantaged,248,239,96.37%,223,89.92%,9,3.63%,211,85.08%,104,41.94%,65,26.21%,169,68.15%,5,2.02%,81,32.66%
06,Huntsville,236,WALKER,Economically Disadvantaged,357,346,96.92%,266,74.51%,72,20.17%,249,69.75%,68,19.05%,90,25.21%,158,44.26%,6,1.68%,33,9.24%
06,Huntsville,239,WASHINGTON,Not Economically Disadvantaged,219,214,97.72%,201,91.78%,8,3.65%,187,85.39%,49,22.37%,100,45.66%,149,68.04%,3,1.37%,93,42.47%
06,Huntsville,239,WASHINGTON,Economically Disadvantaged,175,169,96.57%,133,76.00%,25,14.29%,108,61.71%,8,4.57%,55,31.43%,63,36.00%,4,2.29%,10,5.71%
07,Kilgore,001,ANDERSON,Not Economically Disadvantaged,340,323,95.00%,301,88.53%,18,5.29%,284,83.53%,59,17.35%,155,45.59%,214,62.94%,11,3.24%,106,31.18%
07,Kilgore,001,ANDERSON,Economically Disadvantaged,318,297,93.40%,259,81.45%,40,12.58%,237,74.53%,19,5.97%,104,32.70%,123,38.68%,10,3.14%,34,10.69%
07,Kilgore,003,ANGELINA,Not Economically Disadvantaged,577,555,96.19%,521,90.29%,24,4.16%,493,85.44%,130,22.53%,265,45.93%,395,68.46%,16,2.77%,180,31.20%
07,Kilgore,003,ANGELINA,Economically Disadvantaged,613,585,95.43%,491,80.10%,75,12.23%,464,75.69%,36,5.87%,239,38.99%,275,44.86%,18,2.94%,62,10.11%
07,Kilgore,037,CHEROKEE,Not Economically Disadvantaged,210,198,94.29%,187,89.05%,6,2.86%,168,80.00%,45,21.43%,90,42.86%,135,64.29%,11,5.24%,70,33.33%
07,Kilgore,037,CHEROKEE,Economically Disadvantaged,410,379,92.44%,324,79.02%,37,9.02%,271,66.10%,25,6.10%,135,32.93%,160,39.02%,11,2.68%,42,10.24%
07,Kilgore,092,GREGG,Not Economically Disadvantaged,949,910,95.89%,852,89.78%,35,3.69%,800,84.30%,204,21.50%,443,46.68%,647,68.18%,25,2.63%,306,32.24%
07,Kilgore,092,GREGG,Economically Disadvantaged,788,721,91.50%,580,73.60%,108,13.71%,522,66.24%,46,5.84%,266,33.76%,312,39.59%,27,3.43%,70,8.88%
07,Kilgore,102,HARRISON,Not Economically Disadvantaged,491,459,93.48%,427,86.97%,24,4.89%,405,82.48%,106,21.59%,201,40.94%,307,62.53%,11,2.24%,147,29.94%
07,Kilgore,102,HARRISON,Economically Disadvantaged,467,442,94.65%,376,80.51%,54,11.56%,331,70.88%,53,11.35%,156,33.40%,209,44.75%,10,2.14%,63,13.49%
07,Kilgore,107,HENDERSON,Not Economically Disadvantaged,369,356,96.48%,336,91.06%,15,4.07%,305,82.66%,66,17.89%,178,48.24%,244,66.12%,20,5.42%,122,33.06%
07,Kilgore,107,HENDERSON,Economically Disadvantaged,418,383,91.63%,324,77.51%,47,11.24%,278,66.51%,16,3.83%,153,36.60%,169,40.43%,15,3.59%,45,10.77%
07,Kilgore,174,NACOGDOCHES,Not Economically Disadvantaged,371,362,97.57%,336,90.57%,18,4.85%,320,86.25%,140,37.74%,120,32.35%,260,70.08%,7,1.89%,128,34.50%
07,Kilgore,174,NACOGDOCHES,Economically Disadvantaged,435,415,95.40%,320,73.56%,60,13.79%,266,61.15%,30,6.90%,126,28.97%,156,35.86%,22,5.06%,35,8.05%
07,Kilgore,183,PANOLA,Not Economically Disadvantaged,162,157,96.91%,140,86.42%,10,6.17%,128,79.01%,22,13.58%,84,51.85%,106,65.43%,7,4.32%,56,34.57%
07,Kilgore,183,PANOLA,Economically Disadvantaged,126,115,91.27%,91,72.22%,22,17.46%,80,63.49%,9,7.14%,42,33.33%,51,40.48%,3,2.38%,15,11.90%
07,Kilgore,190,RAINS,Not Economically Disadvantaged,54,54,100.0%,53,98.15%,1,1.85%,51,94.44%,22,40.74%,20,37.04%,42,77.78%,0,0.00%,19,35.19%
07,Kilgore,190,RAINS,Economically Disadvantaged,48,44,91.67%,42,87.50%,5,10.42%,38,79.17%,11,22.92%,15,31.25%,26,54.17%,3,6.25%,12,25.00%
07,Kilgore,201,RUSK,Not Economically Disadvantaged,257,248,96.50%,233,90.66%,14,5.45%,225,87.55%,49,19.07%,122,47.47%,171,66.54%,3,1.17%,81,31.52%
07,Kilgore,201,RUSK,Economically Disadvantaged,305,286,93.77%,232,76.07%,36,11.80%,210,68.85%,20,6.56%,102,33.44%,122,40.00%,6,1.97%,38,12.46%
07,Kilgore,202,SABINE,Not Economically Disadvantaged,55,52,94.55%,49,89.09%,5,9.09%,46,83.64%,17,30.91%,13,23.64%,30,54.55%,0,0.00%,16,29.09%
07,Kilgore,202,SABINE,Economically Disadvantaged,70,61,87.14%,48,68.57%,9,12.86%,50,71.43%,7,10.00%,22,31.43%,29,41.43%,1,1.43%,11,15.71%
07,Kilgore,203,SAN AUGUSTINE,Not Economically Disadvantaged,21,21,100.0%,21,100.0%,0,0.00%,17,80.95%,3,14.29%,12,57.14%,15,71.43%,1,4.76%,9,42.86%
07,Kilgore,203,SAN AUGUSTINE,Economically Disadvantaged,82,74,90.24%,57,69.51%,17,20.73%,55,67.07%,9,10.98%,21,25.61%,30,36.59%,2,2.44%,11,13.41%
07,Kilgore,210,SHELBY,Not Economically Disadvantaged,159,151,94.97%,139,87.42%,8,5.03%,127,79.87%,30,18.87%,74,46.54%,104,65.41%,9,5.66%,48,30.19%
07,Kilgore,210,SHELBY,Economically Disadvantaged,217,203,93.55%,178,82.03%,18,8.29%,151,69.59%,13,5.99%,83,38.25%,96,44.24%,8,3.69%,22,10.14%
07,Kilgore,212,SMITH,Not Economically Disadvantaged,1250,1183,94.64%,1037,82.96%,122,9.76%,1009,80.72%,256,20.48%,595,47.60%,851,68.08%,58,4.64%,401,32.08%
07,Kilgore,212,SMITH,Economically Disadvantaged,1193,1101,92.29%,833,69.82%,230,19.28%,795,66.64%,73,6.12%,474,39.73%,547,45.85%,47,3.94%,126,10.56%
07,Kilgore,230,UPSHUR,Not Economically Disadvantaged,303,294,97.03%,268,88.45%,20,6.60%,247,81.52%,61,20.13%,126,41.58%,187,61.72%,8,2.64%,74,24.42%
07,Kilgore,230,UPSHUR,Economically Disadvantaged,236,216,91.53%,185,78.39%,15,6.36%,167,70.76%,21,8.90%,86,36.44%,107,45.34%,13,5.51%,27,11.44%
07,Kilgore,234,VAN ZANDT,Not Economically Disadvantaged,239,224,93.72%,209,87.45%,12,5.02%,188,78.66%,42,17.57%,108,45.19%,150,62.76%,11,4.60%,72,30.13%
07,Kilgore,234,VAN ZANDT,Economically Disadvantaged,174,164,94.25%,143,82.18%,9,5.17%,131,75.29%,12,6.90%,66,37.93%,78,44.83%,5,2.87%,20,11.49%
07,Kilgore,250,WOOD,Not Economically Disadvantaged,265,254,95.85%,238,89.81%,6,2.26%,224,84.53%,62,23.40%,109,41.13%,171,64.53%,7,2.64%,81,30.57%
07,Kilgore,250,WOOD,Economically Disadvantaged,219,203,92.69%,169,77.17%,23,10.50%,147,67.12%,16,7.31%,64,29.22%,80,36.53%,6,2.74%,24,10.96%
08,Mt. Pleasant,019,BOWIE,Not Economically Disadvantaged,740,700,94.59%,666,90.00%,11,1.49%,602,81.35%,140,18.92%,310,41.89%,450,60.81%,29,3.92%,178,24.05%
08,Mt. Pleasant,019,BOWIE,Economically Disadvantaged,613,543,88.58%,484,78.96%,38,6.20%,404,65.91%,41,6.69%,224,36.54%,265,43.23%,27,4.40%,63,10.28%
08,Mt. Pleasant,032,CAMP,Not Economically Disadvantaged,62,62,100.0%,58,93.55%,0,0.00%,52,83.87%,2,3.23%,46,74.19%,48,77.42%,4,6.45%,17,27.42%
08,Mt. Pleasant,032,CAMP,Economically Disadvantaged,122,119,97.54%,102,83.61%,13,10.66%,91,74.59%,4,3.28%,55,45.08%,59,48.36%,5,4.10%,15,12.30%
08,Mt. Pleasant,034,CASS,Not Economically Disadvantaged,206,197,95.63%,184,89.32%,6,2.91%,171,83.01%,36,17.48%,90,43.69%,126,61.17%,7,3.40%,46,22.33%
08,Mt. Pleasant,034,CASS,Economically Disadvantaged,229,205,89.52%,191,83.41%,12,5.24%,166,72.49%,15,6.55%,91,39.74%,106,46.29%,6,2.62%,30,13.10%
08,Mt. Pleasant,060,DELTA,Not Economically Disadvantaged,45,45,100.0%,43,95.56%,1,2.22%,41,91.11%,15,33.33%,16,35.56%,31,68.89%,0,0.00%,16,35.56%
08,Mt. Pleasant,060,DELTA,Economically Disadvantaged,34,34,100.0%,33,97.06%,0,0.00%,27,79.41%,3,8.82%,14,41.18%,17,50.00%,0,0.00%,5,14.71%
08,Mt. Pleasant,080,FRANKLIN,Not Economically Disadvantaged,65,63,96.92%,58,89.23%,2,3.08%,55,84.62%,15,23.08%,30,46.15%,45,69.23%,2,3.08%,23,35.38%
08,Mt. Pleasant,080,FRANKLIN,Economically Disadvantaged,44,41,93.18%,38,86.36%,3,6.82%,35,79.55%,2,4.55%,20,45.45%,22,50.00%,1,2.27%,9,20.45%
08,Mt. Pleasant,112,HOPKINS,Not Economically Disadvantaged,267,258,96.63%,248,92.88%,9,3.37%,238,89.14%,61,22.85%,110,41.20%,171,64.04%,9,3.37%,82,30.71%
08,Mt. Pleasant,112,HOPKINS,Economically Disadvantaged,235,220,93.62%,182,77.45%,25,10.64%,169,71.91%,23,9.79%,81,34.47%,104,44.26%,8,3.40%,32,13.62%
08,Mt. Pleasant,139,LAMAR,Not Economically Disadvantaged,400,379,94.75%,364,91.00%,9,2.25%,330,82.50%,66,16.50%,218,54.50%,284,71.00%,23,5.75%,139,34.75%
08,Mt. Pleasant,139,LAMAR,Economically Disadvantaged,324,302,93.21%,236,72.84%,44,13.58%,197,60.80%,11,3.40%,130,40.12%,141,43.52%,28,8.64%,35,10.80%
08,Mt. Pleasant,155,MARION,Not Economically Disadvantaged,39,37,94.87%,28,71.79%,5,12.82%,28,71.79%,10,25.64%,14,35.90%,24,61.54%,1,2.56%,11,28.21%
08,Mt. Pleasant,155,MARION,Economically Disadvantaged,69,62,89.86%,37,53.62%,22,31.88%,41,59.42%,5,7.25%,22,31.88%,27,39.13%,2,2.90%,6,8.70%
08,Mt. Pleasant,172,MORRIS,Not Economically Disadvantaged,85,80,94.12%,76,89.41%,4,4.71%,66,77.65%,14,16.47%,41,48.24%,55,64.71%,6,7.06%,18,21.18%
08,Mt. Pleasant,172,MORRIS,Economically Disadvantaged,128,116,90.63%,102,79.69%,15,11.72%,91,71.09%,13,10.16%,55,42.97%,68,53.13%,8,6.25%,18,14.06%
08,Mt. Pleasant,194,RED RIVER,Not Economically Disadvantaged,74,72,97.30%,68,91.89%,1,1.35%,58,78.38%,8,10.81%,45,60.81%,53,71.62%,6,8.11%,18,24.32%
08,Mt. Pleasant,194,RED RIVER,Economically Disadvantaged,135,131,97.04%,121,89.63%,5,3.70%,106,78.52%,11,8.15%,52,38.52%,63,46.67%,1,0.74%,13,9.63%
08,Mt. Pleasant,225,TITUS,Not Economically Disadvantaged,170,161,94.71%,142,83.53%,10,5.88%,136,80.00%,18,10.59%,93,54.71%,111,65.29%,10,5.88%,49,28.82%
08,Mt. Pleasant,225,TITUS,Economically Disadvantaged,278,253,91.01%,220,79.14%,29,10.43%,210,75.54%,6,2.16%,124,44.60%,130,46.76%,7,2.52%,39,14.03%
09,Wichita Falls,005,ARCHER,Not Economically Disadvantaged,97,95,97.94%,92,94.85%,1,1.03%,84,86.60%,48,49.48%,25,25.77%,73,75.26%,6,6.19%,35,36.08%
09,Wichita Falls,005,ARCHER,Economically Disadvantaged,52,50,96.15%,45,86.54%,1,1.92%,37,71.15%,6,11.54%,12,23.08%,18,34.62%,0,0.00%,8,15.38%
09,Wichita Falls,012,BAYLOR,Not Economically Disadvantaged,38,36,94.74%,35,92.11%,1,2.63%,34,89.47%,18,47.37%,14,36.84%,32,84.21%,0,0.00%,17,44.74%
09,Wichita Falls,012,BAYLOR,Economically Disadvantaged,26,25,96.15%,21,80.77%,1,3.85%,16,61.54%,5,19.23%,7,26.92%,12,46.15%,1,3.85%,3,11.54%
09,Wichita Falls,039,CLAY,Not Economically Disadvantaged,106,103,97.17%,97,91.51%,5,4.72%,93,87.74%,38,35.85%,31,29.25%,69,65.09%,2,1.89%,31,29.25%
09,Wichita Falls,039,CLAY,Economically Disadvantaged,44,41,93.18%,38,86.36%,2,4.55%,29,65.91%,5,11.36%,15,34.09%,20,45.45%,1,2.27%,6,13.64%
09,Wichita Falls,078,FOARD,Not Economically Disadvantaged,,,,,,,,,,,,,,,,,,,
09,Wichita Falls,078,FOARD,Economically Disadvantaged,,,,,,,,,,,,,,,,,,,
09,Wichita Falls,099,HARDEMAN,Not Economically Disadvantaged,28,25,89.29%,24,85.71%,2,7.14%,24,85.71%,7,25.00%,8,28.57%,15,53.57%,0,0.00%,8,28.57%
09,Wichita Falls,099,HARDEMAN,Economically Disadvantaged,24,23,95.83%,23,95.83%,0,0.00%,23,95.83%,3,12.50%,11,45.83%,14,58.33%,0,0.00%,6,25.00%
09,Wichita Falls,119,JACK,Not Economically Disadvantaged,79,74,93.67%,65,82.28%,4,5.06%,65,82.28%,26,32.91%,23,29.11%,49,62.03%,1,1.27%,24,30.38%
09,Wichita Falls,119,JACK,Economically Disadvantaged,55,52,94.55%,45,81.82%,6,10.91%,43,78.18%,6,10.91%,18,32.73%,24,43.64%,1,1.82%,2,3.64%
09,Wichita Falls,138,KNOX,Not Economically Disadvantaged,23,23,100.0%,22,95.65%,1,4.35%,22,95.65%,4,17.39%,12,52.17%,16,69.57%,0,0.00%,8,34.78%
09,Wichita Falls,138,KNOX,Economically Disadvantaged,38,36,94.74%,35,92.11%,2,5.26%,33,86.84%,2,5.26%,18,47.37%,20,52.63%,0,0.00%,2,5.26%
09,Wichita Falls,169,MONTAGUE,Not Economically Disadvantaged,154,152,98.70%,151,98.05%,1,0.65%,140,90.91%,55,35.71%,49,31.82%,104,67.53%,5,3.25%,53,34.42%
09,Wichita Falls,169,MONTAGUE,Economically Disadvantaged,101,90,89.11%,86,85.15%,5,4.95%,68,67.33%,6,5.94%,26,25.74%,32,31.68%,3,2.97%,4,3.96%
09,Wichita Falls,224,THROCKMORTON,Not Economically Disadvantaged,,,,,,,,,,,,,,,,,,,
09,Wichita Falls,224,THROCKMORTON,Economically Disadvantaged,,,,,,,,,,,,,,,,,,,
09,Wichita Falls,243,WICHITA,Not Economically Disadvantaged,873,816,93.47%,754,86.37%,23,2.63%,692,79.27%,300,34.36%,222,25.43%,522,59.79%,28,3.21%,220,25.20%
09,Wichita Falls,243,WICHITA,Economically Disadvantaged,771,714,92.61%,593,76.91%,88,11.41%,548,71.08%,93,12.06%,157,20.36%,250,32.43%,22,2.85%,69,8.95%
09,Wichita Falls,244,WILBARGER,Not Economically Disadvantaged,83,81,97.59%,78,93.98%,1,1.20%,74,89.16%,28,33.73%,31,37.35%,59,71.08%,3,3.61%,29,34.94%
09,Wichita Falls,244,WILBARGER,Economically Disadvantaged,111,99,89.19%,83,74.77%,15,13.51%,76,68.47%,9,8.11%,30,27.03%,39,35.14%,4,3.60%,16,14.41%
09,Wichita Falls,252,YOUNG,Not Economically Disadvantaged,145,142,97.93%,133,91.72%,7,4.83%,128,88.28%,70,48.28%,43,29.66%,113,77.93%,2,1.38%,66,45.52%
09,Wichita Falls,252,YOUNG,Economically Disadvantaged,90,87,96.67%,73,81.11%,7,7.78%,63,70.00%,9,10.00%,19,21.11%,28,31.11%,1,1.11%,11,12.22%
10,Richardson,043,COLLIN,Not Economically Disadvantaged,7713,7307,94.74%,6895,89.39%,245,3.18%,6617,85.79%,2204,28.58%,2929,37.97%,5133,66.55%,320,4.15%,2535,32.87%
10,Richardson,043,COLLIN,Economically Disadvantaged,1847,1699,91.99%,1391,75.31%,238,12.89%,1285,69.57%,197,10.67%,543,29.40%,740,40.06%,59,3.19%,226,12.24%
10,Richardson,057,DALLAS,Not Economically Disadvantaged,13186,12393,93.99%,10931,82.90%,1268,9.62%,10406,78.92%,3516,26.66%,4655,35.30%,8171,61.97%,589,4.47%,3424,25.97%
10,Richardson,057,DALLAS,Economically Disadvantaged,18963,17243,90.93%,13188,69.55%,3709,19.56%,12293,64.83%,2044,10.78%,5386,28.40%,7430,39.18%,710,3.74%,1875,9.89%
10,Richardson,070,ELLIS,Not Economically Disadvantaged,1451,1397,96.28%,1249,86.08%,120,8.27%,1204,82.98%,368,25.36%,647,44.59%,1015,69.95%,65,4.48%,485,33.43%
10,Richardson,070,ELLIS,Economically Disadvantaged,830,786,94.70%,639,76.99%,118,14.22%,599,72.17%,62,7.47%,310,37.35%,372,44.82%,33,3.98%,102,12.29%
10,Richardson,074,FANNIN,Not Economically Disadvantaged,252,242,96.03%,237,94.05%,5,1.98%,214,84.92%,55,21.83%,110,43.65%,165,65.48%,9,3.57%,78,30.95%
10,Richardson,074,FANNIN,Economically Disadvantaged,208,187,89.90%,174,83.65%,15,7.21%,147,70.67%,11,5.29%,78,37.50%,89,42.79%,8,3.85%,19,9.13%
10,Richardson,091,GRAYSON,Not Economically Disadvantaged,1036,1007,97.20%,941,90.83%,38,3.67%,855,82.53%,216,20.85%,458,44.21%,674,65.06%,40,3.86%,292,28.19%
10,Richardson,091,GRAYSON,Economically Disadvantaged,685,635,92.70%,521,76.06%,95,13.87%,470,68.61%,42,6.13%,257,37.52%,299,43.65%,34,4.96%,77,11.24%
10,Richardson,116,HUNT,Not Economically Disadvantaged,586,555,94.71%,508,86.69%,41,7.00%,475,81.06%,143,24.40%,205,34.98%,348,59.39%,12,2.05%,172,29.35%
10,Richardson,116,HUNT,Economically Disadvantaged,538,503,93.49%,376,69.89%,107,19.89%,340,63.20%,60,11.15%,141,26.21%,201,37.36%,27,5.02%,45,8.36%
10,Richardson,129,KAUFMAN,Not Economically Disadvantaged,1042,1008,96.74%,928,89.06%,63,6.05%,887,85.12%,236,22.65%,451,43.28%,687,65.93%,36,3.45%,310,29.75%
10,Richardson,129,KAUFMAN,Economically Disadvantaged,582,539,92.61%,438,75.26%,92,15.81%,407,69.93%,43,7.39%,189,32.47%,232,39.86%,19,3.26%,57,9.79%
10,Richardson,199,ROCKWALL,Not Economically Disadvantaged,872,840,96.33%,799,91.63%,28,3.21%,746,85.55%,233,26.72%,362,41.51%,595,68.23%,37,4.24%,259,29.70%
10,Richardson,199,ROCKWALL,Economically Disadvantaged,202,187,92.57%,169,83.66%,14,6.93%,153,75.74%,19,9.41%,57,28.22%,76,37.62%,2,0.99%,24,11.88%
10,Richardson,234,VAN ZANDT,Not Economically Disadvantaged,217,210,96.77%,193,88.94%,15,6.91%,183,84.33%,47,21.66%,96,44.24%,143,65.90%,5,2.30%,75,34.56%
10,Richardson,234,VAN ZANDT,Economically Disadvantaged,163,150,92.02%,112,68.71%,26,15.95%,104,63.80%,7,4.29%,51,31.29%,58,35.58%,5,3.07%,17,10.43%
11,Fort Worth,049,COOKE,Not Economically Disadvantaged,270,265,98.15%,243,90.00%,14,5.19%,238,88.15%,56,20.74%,122,45.19%,178,65.93%,6,2.22%,80,29.63%
11,Fort Worth,049,COOKE,Economically Disadvantaged,203,186,91.63%,156,76.85%,22,10.84%,128,63.05%,13,6.40%,49,24.14%,62,30.54%,6,2.96%,16,7.88%
11,Fort Worth,061,DENTON,Not Economically Disadvantaged,5241,4973,94.89%,4505,85.96%,408,7.78%,4413,84.20%,1527,29.14%,1917,36.58%,3444,65.71%,215,4.10%,1582,30.19%
11,Fort Worth,061,DENTON,Economically Disadvantaged,1712,1553,90.71%,1207,70.50%,318,18.57%,1162,67.87%,155,9.05%,465,27.16%,620,36.21%,41,2.39%,157,9.17%
11,Fort Worth,072,ERATH,Not Economically Disadvantaged,215,212,98.60%,201,93.49%,4,1.86%,195,90.70%,106,49.30%,50,23.26%,156,72.56%,3,1.40%,80,37.21%
11,Fort Worth,072,ERATH,Economically Disadvantaged,206,189,91.75%,163,79.13%,26,12.62%,139,67.48%,35,16.99%,45,21.84%,80,38.83%,6,2.91%,27,13.11%
11,Fort Worth,111,HOOD,Not Economically Disadvantaged,416,391,93.99%,369,88.70%,13,3.13%,345,82.93%,139,33.41%,129,31.01%,268,64.42%,14,3.37%,137,32.93%
11,Fort Worth,111,HOOD,Economically Disadvantaged,210,200,95.24%,180,85.71%,10,4.76%,152,72.38%,16,7.62%,56,26.67%,72,34.29%,3,1.43%,15,7.14%
11,Fort Worth,126,JOHNSON,Not Economically Disadvantaged,1302,1235,94.85%,1133,87.02%,103,7.91%,1104,84.79%,325,24.96%,509,39.09%,834,64.06%,53,4.07%,395,30.34%
11,Fort Worth,126,JOHNSON,Economically Disadvantaged,860,794,92.33%,652,75.81%,116,13.49%,563,65.47%,64,7.44%,258,30.00%,322,37.44%,26,3.02%,88,10.23%
11,Fort Worth,182,PALO PINTO,Not Economically Disadvantaged,194,188,96.91%,170,87.63%,10,5.15%,162,83.51%,41,21.13%,76,39.18%,117,60.31%,6,3.09%,55,28.35%
11,Fort Worth,182,PALO PINTO,Economically Disadvantaged,177,161,90.96%,129,72.88%,14,7.91%,112,63.28%,16,9.04%,41,23.16%,57,32.20%,2,1.13%,28,15.82%
11,Fort Worth,184,PARKER,Not Economically Disadvantaged,1087,1042,95.86%,970,89.24%,47,4.32%,912,83.90%,292,26.86%,454,41.77%,746,68.63%,57,5.24%,371,34.13%
11,Fort Worth,184,PARKER,Economically Disadvantaged,411,366,89.05%,309,75.18%,47,11.44%,252,61.31%,24,5.84%,111,27.01%,135,32.85%,16,3.89%,40,9.73%
11,Fort Worth,213,SOMERVELL,Not Economically Disadvantaged,68,67,98.53%,64,94.12%,2,2.94%,60,88.24%,31,45.59%,14,20.59%,45,66.18%,1,1.47%,24,35.29%
11,Fort Worth,213,SOMERVELL,Economically Disadvantaged,56,52,92.86%,48,85.71%,5,8.93%,45,80.36%,10,17.86%,9,16.07%,19,33.93%,0,0.00%,10,17.86%
11,Fort Worth,220,TARRANT,Not Economically Disadvantaged,13240,12436,93.93%,11192,84.53%,1046,7.90%,10659,80.51%,3702,27.96%,4888,36.92%,8590,64.88%,582,4.40%,3861,29.16%
11,Fort Worth,220,TARRANT,Economically Disadvantaged,9919,9020,90.94%,6763,68.18%,1911,19.27%,6062,61.12%,1005,10.13%,2963,29.87%,3968,40.00%,480,4.84%,1022,10.30%
11,Fort Worth,249,WISE,Not Economically Disadvantaged,451,426,94.46%,407,90.24%,14,3.10%,393,87.14%,113,25.06%,180,39.91%,293,64.97%,8,1.77%,130,28.82%
11,Fort Worth,249,WISE,Economically Disadvantaged,224,205,91.52%,178,79.46%,21,9.38%,152,67.86%,16,7.14%,55,24.55%,71,31.70%,2,0.89%,23,10.27%
12,Waco,014,BELL,Not Economically Disadvantaged,2226,2027,91.06%,1710,76.82%,239,10.74%,1668,74.93%,510,22.91%,832,37.38%,1342,60.29%,103,4.63%,550,24.71%
12,Waco,014,BELL,Economically Disadvantaged,1773,1555,87.70%,1099,61.99%,385,21.71%,1049,59.17%,131,7.39%,592,33.39%,723,40.78%,104,5.87%,138,7.78%
12,Waco,018,BOSQUE,Not Economically Disadvantaged,127,123,96.85%,119,93.70%,1,0.79%,115,90.55%,40,31.50%,63,49.61%,103,81.10%,4,3.15%,54,42.52%
12,Waco,018,BOSQUE,Economically Disadvantaged,131,125,95.42%,112,85.50%,4,3.05%,109,83.21%,13,9.92%,59,45.04%,72,54.96%,3,2.29%,24,18.32%
12,Waco,050,CORYELL,Not Economically Disadvantaged,536,481,89.74%,435,81.16%,47,8.77%,419,78.17%,126,23.51%,198,36.94%,324,60.45%,19,3.54%,135,25.19%
12,Waco,050,CORYELL,Economically Disadvantaged,310,276,89.03%,217,70.00%,49,15.81%,199,64.19%,27,8.71%,102,32.90%,129,41.61%,12,3.87%,36,11.61%
12,Waco,073,FALLS,Not Economically Disadvantaged,78,74,94.87%,67,85.90%,6,7.69%,68,87.18%,28,35.90%,27,34.62%,55,70.51%,2,2.56%,29,37.18%
12,Waco,073,FALLS,Economically Disadvantaged,141,131,92.91%,105,74.47%,20,14.18%,86,60.99%,8,5.67%,55,39.01%,63,44.68%,7,4.96%,20,14.18%
12,Waco,081,FREESTONE,Not Economically Disadvantaged,165,157,95.15%,147,89.09%,7,4.24%,142,86.06%,39,23.64%,83,50.30%,122,73.94%,3,1.82%,66,40.00%
12,Waco,081,FREESTONE,Economically Disadvantaged,116,107,92.24%,90,77.59%,8,6.90%,78,67.24%,10,8.62%,44,37.93%,54,46.55%,5,4.31%,13,11.21%
12,Waco,097,HAMILTON,Not Economically Disadvantaged,66,66,100.0%,64,96.97%,0,0.00%,57,86.36%,34,51.52%,19,28.79%,53,80.30%,4,6.06%,25,37.88%
12,Waco,097,HAMILTON,Economically Disadvantaged,77,72,93.51%,70,90.91%,6,7.79%,62,80.52%,17,22.08%,20,25.97%,37,48.05%,1,1.30%,9,11.69%
12,Waco,109,HILL,Not Economically Disadvantaged,203,201,99.01%,186,91.63%,11,5.42%,180,88.67%,51,25.12%,96,47.29%,147,72.41%,6,2.96%,69,33.99%
12,Waco,109,HILL,Economically Disadvantaged,246,231,93.90%,202,82.11%,15,6.10%,179,72.76%,15,6.10%,122,49.59%,137,55.69%,13,5.28%,41,16.67%
12,Waco,141,LAMPASAS,Not Economically Disadvantaged,179,168,93.85%,160,89.39%,4,2.23%,148,82.68%,50,27.93%,59,32.96%,109,60.89%,9,5.03%,41,22.91%
12,Waco,141,LAMPASAS,Economically Disadvantaged,132,119,90.15%,96,72.73%,18,13.64%,84,63.64%,8,6.06%,27,20.45%,35,26.52%,3,2.27%,8,6.06%
12,Waco,147,LIMESTONE,Not Economically Disadvantaged,148,144,97.30%,132,89.19%,5,3.38%,117,79.05%,33,22.30%,78,52.70%,111,75.00%,10,6.76%,53,35.81%
12,Waco,147,LIMESTONE,Economically Disadvantaged,166,160,96.39%,132,79.52%,21,12.65%,111,66.87%,14,8.43%,66,39.76%,80,48.19%,6,3.61%,23,13.86%
12,Waco,161,MCLENNAN,Not Economically Disadvantaged,1453,1376,94.70%,1291,88.85%,69,4.75%,1228,84.51%,344,23.68%,755,51.96%,1099,75.64%,61,4.20%,594,40.88%
12,Waco,161,MCLENNAN,Economically Disadvantaged,1562,1409,90.20%,1161,74.33%,264,16.90%,1058,67.73%,98,6.27%,731,46.80%,829,53.07%,99,6.34%,194,12.42%
12,Waco,167,MILLS,Not Economically Disadvantaged,37,37,100.0%,34,91.89%,2,5.41%,31,83.78%,12,32.43%,16,43.24%,28,75.68%,1,2.70%,15,40.54%
12,Waco,167,MILLS,Economically Disadvantaged,32,31,96.88%,26,81.25%,5,15.63%,25,78.13%,5,15.63%,7,21.88%,12,37.50%,1,3.13%,3,9.38%
12,Waco,175,NAVARRO,Not Economically Disadvantaged,273,264,96.70%,247,90.48%,16,5.86%,221,80.95%,44,16.12%,155,56.78%,199,72.89%,17,6.23%,102,37.36%
12,Waco,175,NAVARRO,Economically Disadvantaged,397,367,92.44%,306,77.08%,44,11.08%,258,64.99%,16,4.03%,201,50.63%,217,54.66%,35,8.82%,51,12.85%
13,Austin,011,BASTROP,Not Economically Disadvantaged,542,523,96.49%,465,85.79%,43,7.93%,457,84.32%,142,26.20%,182,33.58%,324,59.78%,12,2.21%,123,22.69%
13,Austin,011,BASTROP,Economically Disadvantaged,507,464,91.52%,358,70.61%,107,21.10%,370,72.98%,48,9.47%,128,25.25%,176,34.71%,11,2.17%,28,5.52%
13,Austin,014,BELL,Not Economically Disadvantaged,,,,,,,,,,,,,,,,,,,
13,Austin,014,BELL,Economically Disadvantaged,,,,,,,,,,,,,,,,,,,
13,Austin,016,BLANCO,Not Economically Disadvantaged,73,71,97.26%,62,84.93%,3,4.11%,60,82.19%,27,36.99%,24,32.88%,51,69.86%,5,6.85%,22,30.14%
13,Austin,016,BLANCO,Economically Disadvantaged,47,45,95.74%,38,80.85%,5,10.64%,36,76.60%,6,12.77%,9,19.15%,15,31.91%,1,2.13%,3,6.38%
13,Austin,027,BURNET,Not Economically Disadvantaged,266,258,96.99%,236,88.72%,15,5.64%,225,84.59%,87,32.71%,80,30.08%,167,62.78%,6,2.26%,77,28.95%
13,Austin,027,BURNET,Economically Disadvantaged,242,224,92.56%,192,79.34%,33,13.64%,184,76.03%,24,9.92%,57,23.55%,81,33.47%,5,2.07%,28,11.57%
13,Austin,028,CALDWELL,Not Economically Disadvantaged,234,226,96.58%,212,90.60%,9,3.85%,197,84.19%,78,33.33%,47,20.09%,125,53.42%,3,1.28%,53,22.65%
13,Austin,028,CALDWELL,Economically Disadvantaged,232,225,96.98%,201,86.64%,15,6.47%,184,79.31%,35,15.09%,49,21.12%,84,36.21%,0,0.00%,21,9.05%
13,Austin,046,COMAL,Not Economically Disadvantaged,1093,1055,96.52%,982,89.84%,58,5.31%,950,86.92%,404,36.96%,343,31.38%,747,68.34%,29,2.65%,404,36.96%
13,Austin,046,COMAL,Economically Disadvantaged,558,494,88.53%,379,67.92%,94,16.85%,341,61.11%,51,9.14%,113,20.25%,164,29.39%,22,3.94%,32,5.73%
13,Austin,075,FAYETTE,Not Economically Disadvantaged,186,182,97.85%,171,91.94%,7,3.76%,162,87.10%,39,20.97%,102,54.84%,141,75.81%,2,1.08%,78,41.94%
13,Austin,075,FAYETTE,Economically Disadvantaged,123,111,90.24%,92,74.80%,21,17.07%,92,74.80%,9,7.32%,36,29.27%,45,36.59%,1,0.81%,20,16.26%
13,Austin,086,GILLESPIE,Not Economically Disadvantaged,159,153,96.23%,144,90.57%,3,1.89%,144,90.57%,62,38.99%,33,20.75%,95,59.75%,1,0.63%,49,30.82%
13,Austin,086,GILLESPIE,Economically Disadvantaged,119,113,94.96%,105,88.24%,8,6.72%,101,84.87%,20,16.81%,29,24.37%,49,41.18%,1,0.84%,18,15.13%
13,Austin,089,GONZALES,Not Economically Disadvantaged,95,91,95.79%,84,88.42%,8,8.42%,78,82.11%,26,27.37%,30,31.58%,56,58.95%,3,3.16%,29,30.53%
13,Austin,089,GONZALES,Economically Disadvantaged,172,166,96.51%,138,80.23%,24,13.95%,113,65.70%,22,12.79%,30,17.44%,52,30.23%,3,1.74%,16,9.30%
13,Austin,094,GUADALUPE,Not Economically Disadvantaged,945,886,93.76%,794,84.02%,70,7.41%,782,82.75%,284,30.05%,294,31.11%,578,61.16%,23,2.43%,272,28.78%
13,Austin,094,GUADALUPE,Economically Disadvantaged,533,487,91.37%,363,68.11%,129,24.20%,366,68.67%,56,10.51%,113,21.20%,169,31.71%,14,2.63%,39,7.32%
13,Austin,105,HAYS,Not Economically Disadvantaged,1094,1052,96.16%,973,88.94%,76,6.95%,936,85.56%,417,38.12%,319,29.16%,736,67.28%,28,2.56%,318,29.07%
13,Austin,105,HAYS,Economically Disadvantaged,656,625,95.27%,489,74.54%,122,18.60%,466,71.04%,83,12.65%,142,21.65%,225,34.30%,11,1.68%,42,6.40%
13,Austin,130,KENDALL,Not Economically Disadvantaged,56,53,94.64%,53,94.64%,1,1.79%,52,92.86%,28,50.00%,15,26.79%,43,76.79%,0,0.00%,24,42.86%
13,Austin,130,KENDALL,Economically Disadvantaged,41,39,95.12%,32,78.05%,5,12.20%,27,65.85%,5,12.20%,7,17.07%,12,29.27%,2,4.88%,4,9.76%
13,Austin,144,LEE,Not Economically Disadvantaged,105,100,95.24%,94,89.52%,5,4.76%,91,86.67%,28,26.67%,48,45.71%,76,72.38%,5,4.76%,33,31.43%
13,Austin,144,LEE,Economically Disadvantaged,89,82,92.13%,66,74.16%,18,20.22%,60,67.42%,8,8.99%,22,24.72%,30,33.71%,2,2.25%,7,7.87%
13,Austin,150,LLANO,Not Economically Disadvantaged,82,79,96.34%,73,89.02%,5,6.10%,73,89.02%,38,46.34%,18,21.95%,56,68.29%,1,1.22%,26,31.71%
13,Austin,150,LLANO,Economically Disadvantaged,54,47,87.04%,35,64.81%,9,16.67%,32,59.26%,4,7.41%,11,20.37%,15,27.78%,0,0.00%,2,3.70%
13,Austin,166,MILAM,Not Economically Disadvantaged,,,,,,,,,,,,,,,,,,,
13,Austin,166,MILAM,Economically Disadvantaged,,,,,,,,,,,,,,,,,,,
13,Austin,227,TRAVIS,Not Economically Disadvantaged,4619,4350,94.18%,3983,86.23%,265,5.74%,3765,81.51%,1609,34.83%,1382,29.92%,2991,64.75%,198,4.29%,1388,30.05%
13,Austin,227,TRAVIS,Economically Disadvantaged,4428,4018,90.74%,3012,68.02%,886,20.01%,2703,61.04%,485,10.95%,1061,23.96%,1546,34.91%,144,3.25%,317,7.16%
13,Austin,246,WILLIAMSON,Not Economically Disadvantaged,4436,4288,96.66%,3993,90.01%,202,4.55%,3859,86.99%,1627,36.68%,1448,32.64%,3075,69.32%,123,2.77%,1580,35.62%
13,Austin,246,WILLIAMSON,Economically Disadvantaged,1518,1413,93.08%,1146,75.49%,235,15.48%,1072,70.62%,200,13.18%,429,28.26%,629,41.44%,51,3.36%,172,11.33%
14,Abilene,030,CALLAHAN,Not Economically Disadvantaged,124,118,95.16%,115,92.74%,2,1.61%,105,84.68%,48,38.71%,41,33.06%,89,71.77%,3,2.42%,54,43.55%
14,Abilene,030,CALLAHAN,Economically Disadvantaged,96,87,90.63%,79,82.29%,10,10.42%,66,68.75%,17,17.71%,29,30.21%,46,47.92%,5,5.21%,15,15.63%
14,Abilene,047,COMANCHE,Not Economically Disadvantaged,78,77,98.72%,70,89.74%,4,5.13%,65,83.33%,36,46.15%,24,30.77%,60,76.92%,2,2.56%,25,32.05%
14,Abilene,047,COMANCHE,Economically Disadvantaged,115,106,92.17%,92,80.00%,11,9.57%,81,70.43%,16,13.91%,28,24.35%,44,38.26%,4,3.48%,13,11.30%
14,Abilene,067,EASTLAND,Not Economically Disadvantaged,110,109,99.09%,107,97.27%,0,0.00%,101,91.82%,40,36.36%,48,43.64%,88,80.00%,3,2.73%,45,40.91%
14,Abilene,067,EASTLAND,Economically Disadvantaged,128,123,96.09%,111,86.72%,7,5.47%,92,71.88%,17,13.28%,48,37.50%,65,50.78%,3,2.34%,26,20.31%
14,Abilene,076,FISHER,Not Economically Disadvantaged,17,17,100.0%,17,100.0%,0,0.00%,15,88.24%,10,58.82%,5,29.41%,15,88.24%,0,0.00%,8,47.06%
14,Abilene,076,FISHER,Economically Disadvantaged,41,40,97.56%,37,90.24%,0,0.00%,28,68.29%,3,7.32%,12,29.27%,15,36.59%,1,2.44%,5,12.20%
14,Abilene,104,HASKELL,Not Economically Disadvantaged,18,17,94.44%,17,94.44%,0,0.00%,18,100.0%,10,55.56%,4,22.22%,14,77.78%,0,0.00%,9,50.00%
14,Abilene,104,HASKELL,Economically Disadvantaged,47,44,93.62%,39,82.98%,2,4.26%,37,78.72%,13,27.66%,8,17.02%,21,44.68%,0,0.00%,8,17.02%
14,Abilene,127,JONES,Not Economically Disadvantaged,92,91,98.91%,89,96.74%,1,1.09%,87,94.57%,41,44.57%,31,33.70%,72,78.26%,0,0.00%,35,38.04%
14,Abilene,127,JONES,Economically Disadvantaged,130,121,93.08%,115,88.46%,5,3.85%,98,75.38%,27,20.77%,28,21.54%,55,42.31%,1,0.77%,23,17.69%
14,Abilene,168,MITCHELL,Not Economically Disadvantaged,40,38,95.00%,38,95.00%,0,0.00%,32,80.00%,11,27.50%,13,32.50%,24,60.00%,1,2.50%,12,30.00%
14,Abilene,168,MITCHELL,Economically Disadvantaged,68,64,94.12%,55,80.88%,7,10.29%,49,72.06%,6,8.82%,19,27.94%,25,36.76%,3,4.41%,11,16.18%
14,Abilene,177,NOLAN,Not Economically Disadvantaged,106,105,99.06%,99,93.40%,7,6.60%,96,90.57%,53,50.00%,28,26.42%,81,76.42%,1,0.94%,50,47.17%
14,Abilene,177,NOLAN,Economically Disadvantaged,129,120,93.02%,90,69.77%,26,20.16%,80,62.02%,8,6.20%,32,24.81%,40,31.01%,3,2.33%,11,8.53%
14,Abilene,208,SCURRY,Not Economically Disadvantaged,134,134,100.0%,124,92.54%,7,5.22%,114,85.07%,15,11.19%,76,56.72%,91,67.91%,1,0.75%,41,30.60%
14,Abilene,208,SCURRY,Economically Disadvantaged,120,110,91.67%,91,75.83%,23,19.17%,84,70.00%,3,2.50%,57,47.50%,60,50.00%,3,2.50%,25,20.83%
14,Abilene,209,SHACKELFORD,Not Economically Disadvantaged,,,,,,,,,,,,,,,,,,,
14,Abilene,209,SHACKELFORD,Economically Disadvantaged,,,,,,,,,,,,,,,,,,,
14,Abilene,215,STEPHENS,Not Economically Disadvantaged,63,63,100.0%,61,96.83%,1,1.59%,54,85.71%,20,31.75%,29,46.03%,49,77.78%,3,4.76%,21,33.33%
14,Abilene,215,STEPHENS,Economically Disadvantaged,73,70,95.89%,58,79.45%,7,9.59%,52,71.23%,7,9.59%,23,31.51%,30,41.10%,3,4.11%,8,10.96%
14,Abilene,217,STONEWALL,Not Economically Disadvantaged,,,,,,,,,,,,,,,,,,,
14,Abilene,217,STONEWALL,Economically Disadvantaged,,,,,,,,,,,,,,,,,,,
14,Abilene,221,TAYLOR,Not Economically Disadvantaged,904,848,93.81%,796,88.05%,37,4.09%,749,82.85%,338,37.39%,283,31.31%,621,68.69%,28,3.10%,327,36.17%
14,Abilene,221,TAYLOR,Economically Disadvantaged,782,718,91.82%,596,76.21%,114,14.58%,503,64.32%,85,10.87%,232,29.67%,317,40.54%,34,4.35%,90,11.51%
15,San Angelo,025,BROWN,Not Economically Disadvantaged,271,264,97.42%,254,93.73%,8,2.95%,232,85.61%,121,44.65%,70,25.83%,191,70.48%,13,4.80%,95,35.06%
15,San Angelo,025,BROWN,Economically Disadvantaged,286,267,93.36%,239,83.57%,23,8.04%,193,67.48%,43,15.03%,71,24.83%,114,39.86%,8,2.80%,41,14.34%
15,San Angelo,041,COKE,Not Economically Disadvantaged,33,32,96.97%,32,96.97%,0,0.00%,30,90.91%,7,21.21%,17,51.52%,24,72.73%,0,0.00%,7,21.21%
15,San Angelo,041,COKE,Economically Disadvantaged,35,34,97.14%,31,88.57%,2,5.71%,26,74.29%,4,11.43%,7,20.00%,11,31.43%,0,0.00%,0,0.00%
15,San Angelo,042,COLEMAN,Not Economically Disadvantaged,58,54,93.10%,54,93.10%,1,1.72%,49,84.48%,19,32.76%,18,31.03%,37,63.79%,1,1.72%,18,31.03%
15,San Angelo,042,COLEMAN,Economically Disadvantaged,81,79,97.53%,70,86.42%,4,4.94%,62,76.54%,9,11.11%,25,30.86%,34,41.98%,4,4.94%,9,11.11%
15,San Angelo,048,CONCHO,Not Economically Disadvantaged,11,11,100.0%,11,100.0%,0,0.00%,10,90.91%,4,36.36%,3,27.27%,7,63.64%,0,0.00%,3,27.27%
15,San Angelo,048,CONCHO,Economically Disadvantaged,19,19,100.0%,19,100.0%,0,0.00%,18,94.74%,5,26.32%,8,42.11%,13,68.42%,0,0.00%,1,5.26%
15,San Angelo,053,CROCKETT,Not Economically Disadvantaged,33,33,100.0%,30,90.91%,0,0.00%,29,87.88%,10,30.30%,11,33.33%,21,63.64%,2,6.06%,10,30.30%
15,San Angelo,053,CROCKETT,Economically Disadvantaged,26,24,92.31%,24,92.31%,1,3.85%,19,73.08%,2,7.69%,7,26.92%,9,34.62%,2,7.69%,2,7.69%
15,San Angelo,069,EDWARDS,Not Economically Disadvantaged,12,11,91.67%,10,83.33%,1,8.33%,10,83.33%,3,25.00%,4,33.33%,7,58.33%,0,0.00%,1,8.33%
15,San Angelo,069,EDWARDS,Economically Disadvantaged,54,49,90.74%,41,75.93%,6,11.11%,36,66.67%,12,22.22%,12,22.22%,24,44.44%,2,3.70%,7,12.96%
15,San Angelo,118,IRION,Not Economically Disadvantaged,19,19,100.0%,19,100.0%,0,0.00%,19,100.0%,11,57.89%,5,26.32%,16,84.21%,0,0.00%,6,31.58%
15,San Angelo,118,IRION,Economically Disadvantaged,13,13,100.0%,13,100.0%,0,0.00%,11,84.62%,2,15.38%,3,23.08%,5,38.46%,0,0.00%,1,7.69%
15,San Angelo,134,KIMBLE,Not Economically Disadvantaged,19,18,94.74%,18,94.74%,1,5.26%,18,94.74%,10,52.63%,4,21.05%,14,73.68%,0,0.00%,7,36.84%
15,San Angelo,134,KIMBLE,Economically Disadvantaged,27,23,85.19%,19,70.37%,3,11.11%,18,66.67%,6,22.22%,3,11.11%,9,33.33%,0,0.00%,3,11.11%
15,San Angelo,157,MASON,Not Economically Disadvantaged,16,16,100.0%,16,100.0%,0,0.00%,16,100.0%,8,50.00%,4,25.00%,12,75.00%,0,0.00%,7,43.75%
15,San Angelo,157,MASON,Economically Disadvantaged,24,21,87.50%,21,87.50%,0,0.00%,21,87.50%,8,33.33%,4,16.67%,12,50.00%,0,0.00%,8,33.33%
15,San Angelo,160,MCCULLOCH,Not Economically Disadvantaged,46,46,100.0%,44,95.65%,2,4.35%,44,95.65%,26,56.52%,8,17.39%,34,73.91%,1,2.17%,21,45.65%
15,San Angelo,160,MCCULLOCH,Economically Disadvantaged,65,59,90.77%,48,73.85%,6,9.23%,46,70.77%,15,23.08%,8,12.31%,23,35.38%,0,0.00%,5,7.69%
15,San Angelo,164,MENARD,Not Economically Disadvantaged,7,7,100.0%,7,100.0%,0,0.00%,6,85.71%,3,42.86%,2,28.57%,5,71.43%,0,0.00%,4,57.14%
15,San Angelo,164,MENARD,Economically Disadvantaged,27,27,100.0%,26,96.30%,0,0.00%,22,81.48%,6,22.22%,2,7.41%,8,29.63%,0,0.00%,3,11.11%
15,San Angelo,200,RUNNELS,Not Economically Disadvantaged,92,88,95.65%,85,92.39%,2,2.17%,80,86.96%,37,40.22%,26,28.26%,63,68.48%,3,3.26%,38,41.30%
15,San Angelo,200,RUNNELS,Economically Disadvantaged,97,87,89.69%,76,78.35%,11,11.34%,71,73.20%,18,18.56%,19,19.59%,37,38.14%,2,2.06%,14,14.43%
15,San Angelo,206,SAN SABA,Not Economically Disadvantaged,37,35,94.59%,35,94.59%,0,0.00%,32,86.49%,15,40.54%,11,29.73%,26,70.27%,1,2.70%,9,24.32%
15,San Angelo,206,SAN SABA,Economically Disadvantaged,60,58,96.67%,56,93.33%,1,1.67%,45,75.00%,11,18.33%,10,16.67%,21,35.00%,1,1.67%,4,6.67%
15,San Angelo,207,SCHLEICHER,Not Economically Disadvantaged,22,20,90.91%,19,86.36%,2,9.09%,20,90.91%,7,31.82%,7,31.82%,14,63.64%,0,0.00%,7,31.82%
15,San Angelo,207,SCHLEICHER,Economically Disadvantaged,17,16,94.12%,15,88.24%,0,0.00%,13,76.47%,0,0.00%,5,29.41%,5,29.41%,0,0.00%,1,5.88%
15,San Angelo,216,STERLING,Not Economically Disadvantaged,14,14,100.0%,14,100.0%,0,0.00%,13,92.86%,4,28.57%,5,35.71%,9,64.29%,0,0.00%,4,28.57%
15,San Angelo,216,STERLING,Economically Disadvantaged,13,13,100.0%,12,92.31%,0,0.00%,11,84.62%,1,7.69%,6,46.15%,7,53.85%,0,0.00%,1,7.69%
15,San Angelo,218,SUTTON,Not Economically Disadvantaged,47,46,97.87%,45,95.74%,0,0.00%,40,85.11%,20,42.55%,11,23.40%,31,65.96%,2,4.26%,15,31.91%
15,San Angelo,218,SUTTON,Economically Disadvantaged,31,28,90.32%,24,77.42%,0,0.00%,21,67.74%,5,16.13%,9,29.03%,14,45.16%,0,0.00%,3,9.68%
15,San Angelo,226,TOM GREEN,Not Economically Disadvantaged,717,679,94.70%,642,89.54%,23,3.21%,593,82.71%,312,43.51%,153,21.34%,465,64.85%,16,2.23%,229,31.94%
15,San Angelo,226,TOM GREEN,Economically Disadvantaged,717,636,88.70%,554,77.27%,102,14.23%,490,68.34%,112,15.62%,151,21.06%,263,36.68%,22,3.07%,54,7.53%
15,San Angelo,233,VAL VERDE,Not Economically Disadvantaged,206,196,95.15%,188,91.26%,5,2.43%,171,83.01%,61,29.61%,80,38.83%,141,68.45%,7,3.40%,73,35.44%
15,San Angelo,233,VAL VERDE,Economically Disadvantaged,620,556,89.68%,490,79.03%,75,12.10%,411,66.29%,66,10.65%,206,33.23%,272,43.87%,17,2.74%,92,14.84%
16,Amarillo,006,ARMSTRONG,Not Economically Disadvantaged,19,19,100.0%,19,100.0%,0,0.00%,18,94.74%,8,42.11%,8,42.11%,16,84.21%,1,5.26%,7,36.84%
16,Amarillo,006,ARMSTRONG,Economically Disadvantaged,14,13,92.86%,13,92.86%,0,0.00%,13,92.86%,4,28.57%,6,42.86%,10,71.43%,0,0.00%,5,35.71%
16,Amarillo,023,BRISCOE,Not Economically Disadvantaged,,,,,,,,,,,,,,,,,,,
16,Amarillo,023,BRISCOE,Economically Disadvantaged,,,,,,,,,,,,,,,,,,,
16,Amarillo,033,CARSON,Not Economically Disadvantaged,75,73,97.33%,70,93.33%,1,1.33%,64,85.33%,31,41.33%,30,40.00%,61,81.33%,3,4.00%,36,48.00%
16,Amarillo,033,CARSON,Economically Disadvantaged,33,31,93.94%,27,81.82%,2,6.06%,24,72.73%,6,18.18%,9,27.27%,15,45.45%,0,0.00%,5,15.15%
16,Amarillo,035,CASTRO,Not Economically Disadvantaged,35,35,100.0%,34,97.14%,1,2.86%,33,94.29%,16,45.71%,12,34.29%,28,80.00%,0,0.00%,21,60.00%
16,Amarillo,035,CASTRO,Economically Disadvantaged,88,84,95.45%,76,86.36%,7,7.95%,62,70.45%,19,21.59%,27,30.68%,46,52.27%,3,3.41%,14,15.91%
16,Amarillo,038,CHILDRESS,Not Economically Disadvantaged,47,46,97.87%,42,89.36%,0,0.00%,40,85.11%,13,27.66%,20,42.55%,33,70.21%,1,2.13%,18,38.30%
16,Amarillo,038,CHILDRESS,Economically Disadvantaged,48,47,97.92%,42,87.50%,2,4.17%,33,68.75%,2,4.17%,10,20.83%,12,25.00%,0,0.00%,4,8.33%
16,Amarillo,044,COLLINGSWORTH,Not Economically Disadvantaged,26,25,96.15%,25,96.15%,0,0.00%,25,96.15%,14,53.85%,4,15.38%,18,69.23%,1,3.85%,8,30.77%
16,Amarillo,044,COLLINGSWORTH,Economically Disadvantaged,36,34,94.44%,32,88.89%,1,2.78%,25,69.44%,8,22.22%,8,22.22%,16,44.44%,2,5.56%,4,11.11%
16,Amarillo,056,DALLAM,Not Economically Disadvantaged,59,56,94.92%,54,91.53%,2,3.39%,54,91.53%,21,35.59%,21,35.59%,42,71.19%,1,1.69%,20,33.90%
16,Amarillo,056,DALLAM,Economically Disadvantaged,76,63,82.89%,59,77.63%,0,0.00%,49,64.47%,9,11.84%,14,18.42%,23,30.26%,1,1.32%,10,13.16%
16,Amarillo,059,DEAF SMITH,Not Economically Disadvantaged,79,76,96.20%,75,94.94%,4,5.06%,66,83.54%,34,43.04%,24,30.38%,58,73.42%,4,5.06%,28,35.44%
16,Amarillo,059,DEAF SMITH,Economically Disadvantaged,236,221,93.64%,187,79.24%,28,11.86%,154,65.25%,29,12.29%,65,27.54%,94,39.83%,5,2.12%,34,14.41%
16,Amarillo,065,DONLEY,Not Economically Disadvantaged,16,16,100.0%,16,100.0%,0,0.00%,15,93.75%,3,18.75%,10,62.50%,13,81.25%,0,0.00%,7,43.75%
16,Amarillo,065,DONLEY,Economically Disadvantaged,44,43,97.73%,41,93.18%,1,2.27%,35,79.55%,7,15.91%,20,45.45%,27,61.36%,1,2.27%,8,18.18%
16,Amarillo,090,GRAY,Not Economically Disadvantaged,161,152,94.41%,140,86.96%,12,7.45%,130,80.75%,43,26.71%,66,40.99%,109,67.70%,11,6.83%,51,31.68%
16,Amarillo,090,GRAY,Economically Disadvantaged,127,119,93.70%,96,75.59%,13,10.24%,81,63.78%,14,11.02%,44,34.65%,58,45.67%,10,7.87%,17,13.39%
16,Amarillo,096,HALL,Not Economically Disadvantaged,21,20,95.24%,20,95.24%,0,0.00%,19,90.48%,12,57.14%,3,14.29%,15,71.43%,0,0.00%,12,57.14%
16,Amarillo,096,HALL,Economically Disadvantaged,40,38,95.00%,38,95.00%,0,0.00%,32,80.00%,7,17.50%,13,32.50%,20,50.00%,2,5.00%,8,20.00%
16,Amarillo,098,HANSFORD,Not Economically Disadvantaged,37,37,100.0%,36,97.30%,1,2.70%,35,94.59%,21,56.76%,6,16.22%,27,72.97%,0,0.00%,15,40.54%
16,Amarillo,098,HANSFORD,Economically Disadvantaged,57,56,98.25%,57,100.0%,0,0.00%,50,87.72%,9,15.79%,18,31.58%,27,47.37%,0,0.00%,9,15.79%
16,Amarillo,103,HARTLEY,Not Economically Disadvantaged,,,,,,,,,,,,,,,,,,,
16,Amarillo,103,HARTLEY,Economically Disadvantaged,,,,,,,,,,,,,,,,,,,
16,Amarillo,106,HEMPHILL,Not Economically Disadvantaged,30,28,93.33%,26,86.67%,2,6.67%,22,73.33%,10,33.33%,7,23.33%,17,56.67%,0,0.00%,10,33.33%
16,Amarillo,106,HEMPHILL,Economically Disadvantaged,19,17,89.47%,14,73.68%,4,21.05%,12,63.16%,2,10.53%,3,15.79%,5,26.32%,1,5.26%,2,10.53%
16,Amarillo,117,HUTCHINSON,Not Economically Disadvantaged,181,169,93.37%,160,88.40%,5,2.76%,146,80.66%,34,18.78%,80,44.20%,114,62.98%,6,3.31%,57,31.49%
16,Amarillo,117,HUTCHINSON,Economically Disadvantaged,136,120,88.24%,111,81.62%,6,4.41%,89,65.44%,3,2.21%,56,41.18%,59,43.38%,8,5.88%,14,10.29%
16,Amarillo,148,LIPSCOMB,Not Economically Disadvantaged,26,23,88.46%,24,92.31%,0,0.00%,23,88.46%,7,26.92%,5,19.23%,12,46.15%,0,0.00%,6,23.08%
16,Amarillo,148,LIPSCOMB,Economically Disadvantaged,36,34,94.44%,33,91.67%,0,0.00%,29,80.56%,5,13.89%,10,27.78%,15,41.67%,0,0.00%,4,11.11%
16,Amarillo,171,MOORE,Not Economically Disadvantaged,159,151,94.97%,149,93.71%,3,1.89%,129,81.13%,34,21.38%,61,38.36%,95,59.75%,2,1.26%,49,30.82%
16,Amarillo,171,MOORE,Economically Disadvantaged,160,145,90.63%,140,87.50%,9,5.63%,123,76.88%,8,5.00%,75,46.88%,83,51.88%,8,5.00%,33,20.63%
16,Amarillo,179,OCHILTREE,Not Economically Disadvantaged,65,62,95.38%,61,93.85%,3,4.62%,60,92.31%,14,21.54%,29,44.62%,43,66.15%,1,1.54%,18,27.69%
16,Amarillo,179,OCHILTREE,Economically Disadvantaged,90,80,88.89%,58,64.44%,21,23.33%,67,74.44%,8,8.89%,20,22.22%,28,31.11%,1,1.11%,9,10.00%
16,Amarillo,180,OLDHAM,Not Economically Disadvantaged,23,23,100.0%,23,100.0%,0,0.00%,21,91.30%,10,43.48%,8,34.78%,18,78.26%,0,0.00%,8,34.78%
16,Amarillo,180,OLDHAM,Economically Disadvantaged,65,59,90.77%,56,86.15%,4,6.15%,45,69.23%,8,12.31%,24,36.92%,32,49.23%,3,4.62%,4,6.15%
16,Amarillo,185,PARMER,Not Economically Disadvantaged,41,40,97.56%,39,95.12%,1,2.44%,38,92.68%,15,36.59%,15,36.59%,30,73.17%,0,0.00%,22,53.66%
16,Amarillo,185,PARMER,Economically Disadvantaged,142,135,95.07%,124,87.32%,2,1.41%,106,74.65%,28,19.72%,55,38.73%,83,58.45%,4,2.82%,38,26.76%
16,Amarillo,188,POTTER,Not Economically Disadvantaged,1145,1104,96.42%,1049,91.62%,40,3.49%,986,86.11%,285,24.89%,533,46.55%,818,71.44%,51,4.45%,406,35.46%
16,Amarillo,188,POTTER,Economically Disadvantaged,1294,1212,93.66%,998,77.13%,162,12.52%,878,67.85%,82,6.34%,491,37.94%,573,44.28%,55,4.25%,115,8.89%
16,Amarillo,191,RANDALL,Not Economically Disadvantaged,527,503,95.45%,486,92.22%,8,1.52%,440,83.49%,170,32.26%,213,40.42%,383,72.68%,25,4.74%,198,37.57%
16,Amarillo,191,RANDALL,Economically Disadvantaged,146,137,93.84%,126,86.30%,3,2.05%,104,71.23%,19,13.01%,50,34.25%,69,47.26%,7,4.79%,19,13.01%
16,Amarillo,197,ROBERTS,Not Economically Disadvantaged,,,,,,,,,,,,,,,,,,,
16,Amarillo,197,ROBERTS,Economically Disadvantaged,,,,,,,,,,,,,,,,,,,
16,Amarillo,211,SHERMAN,Not Economically Disadvantaged,28,27,96.43%,26,92.86%,0,0.00%,15,53.57%,8,28.57%,4,14.29%,12,42.86%,2,7.14%,7,25.00%
16,Amarillo,211,SHERMAN,Economically Disadvantaged,32,29,90.63%,27,84.38%,1,3.13%,26,81.25%,2,6.25%,9,28.13%,11,34.38%,1,3.13%,4,12.50%
16,Amarillo,219,SWISHER,Not Economically Disadvantaged,32,31,96.88%,29,90.63%,1,3.13%,30,93.75%,13,40.63%,8,25.00%,21,65.63%,1,3.13%,9,28.13%
16,Amarillo,219,SWISHER,Economically Disadvantaged,67,63,94.03%,63,94.03%,2,2.99%,55,82.09%,14,20.90%,15,22.39%,29,43.28%,1,1.49%,10,14.93%
16,Amarillo,242,WHEELER,Not Economically Disadvantaged,47,44,93.62%,42,89.36%,2,4.26%,39,82.98%,11,23.40%,18,38.30%,29,61.70%,0,0.00%,11,23.40%
16,Amarillo,242,WHEELER,Economically Disadvantaged,34,31,91.18%,27,79.41%,2,5.88%,24,70.59%,6,17.65%,7,20.59%,13,38.24%,0,0.00%,2,5.88%
17,Lubbock,009,BAILEY,Not Economically Disadvantaged,25,24,96.00%,24,96.00%,0,0.00%,24,96.00%,10,40.00%,6,24.00%,16,64.00%,1,4.00%,9,36.00%
17,Lubbock,009,BAILEY,Economically Disadvantaged,69,65,94.20%,58,84.06%,8,11.59%,53,76.81%,9,13.04%,15,21.74%,24,34.78%,1,1.45%,11,15.94%
17,Lubbock,017,BORDEN,Not Economically Disadvantaged,11,11,100.0%,11,100.0%,0,0.00%,11,100.0%,4,36.36%,5,45.45%,9,81.82%,0,0.00%,7,63.64%
17,Lubbock,017,BORDEN,Economically Disadvantaged,5,5,100.0%,5,100.0%,0,0.00%,5,100.0%,3,60.00%,2,40.00%,5,100.0%,0,0.00%,4,80.00%
17,Lubbock,040,COCHRAN,Not Economically Disadvantaged,15,15,100.0%,15,100.0%,0,0.00%,15,100.0%,4,26.67%,6,40.00%,10,66.67%,0,0.00%,7,46.67%
17,Lubbock,040,COCHRAN,Economically Disadvantaged,47,44,93.62%,38,80.85%,3,6.38%,37,78.72%,3,6.38%,19,40.43%,22,46.81%,0,0.00%,9,19.15%
17,Lubbock,051,COTTLE,Not Economically Disadvantaged,,,,,,,,,,,,,,,,,,,
17,Lubbock,051,COTTLE,Economically Disadvantaged,,,,,,,,,,,,,,,,,,,
17,Lubbock,054,CROSBY,Not Economically Disadvantaged,18,18,100.0%,18,100.0%,0,0.00%,17,94.44%,9,50.00%,5,27.78%,14,77.78%,0,0.00%,9,50.00%
17,Lubbock,054,CROSBY,Economically Disadvantaged,79,77,97.47%,73,92.41%,3,3.80%,60,75.95%,7,8.86%,24,30.38%,31,39.24%,2,2.53%,11,13.92%
17,Lubbock,058,DAWSON,Not Economically Disadvantaged,70,65,92.86%,61,87.14%,5,7.14%,56,80.00%,18,25.71%,20,28.57%,38,54.29%,1,1.43%,18,25.71%
17,Lubbock,058,DAWSON,Economically Disadvantaged,114,103,90.35%,93,81.58%,13,11.40%,80,70.18%,5,4.39%,30,26.32%,35,30.70%,1,0.88%,8,7.02%
17,Lubbock,063,DICKENS,Not Economically Disadvantaged,11,11,100.0%,11,100.0%,0,0.00%,11,100.0%,4,36.36%,5,45.45%,9,81.82%,0,0.00%,4,36.36%
17,Lubbock,063,DICKENS,Economically Disadvantaged,19,19,100.0%,19,100.0%,0,0.00%,14,73.68%,2,10.53%,5,26.32%,7,36.84%,0,0.00%,3,15.79%
17,Lubbock,077,FLOYD,Not Economically Disadvantaged,55,55,100.0%,53,96.36%,1,1.82%,51,92.73%,23,41.82%,19,34.55%,42,76.36%,1,1.82%,22,40.00%
17,Lubbock,077,FLOYD,Economically Disadvantaged,72,67,93.06%,59,81.94%,6,8.33%,46,63.89%,7,9.72%,21,29.17%,28,38.89%,1,1.39%,5,6.94%
17,Lubbock,083,GAINES,Not Economically Disadvantaged,107,104,97.20%,103,96.26%,1,0.93%,96,89.72%,32,29.91%,27,25.23%,59,55.14%,1,0.93%,36,33.64%
17,Lubbock,083,GAINES,Economically Disadvantaged,103,95,92.23%,87,84.47%,2,1.94%,83,80.58%,8,7.77%,26,25.24%,34,33.01%,1,0.97%,13,12.62%
17,Lubbock,085,GARZA,Not Economically Disadvantaged,40,39,97.50%,39,97.50%,0,0.00%,36,90.00%,14,35.00%,17,42.50%,31,77.50%,1,2.50%,12,30.00%
17,Lubbock,085,GARZA,Economically Disadvantaged,50,48,96.00%,45,90.00%,3,6.00%,37,74.00%,8,16.00%,12,24.00%,20,40.00%,0,0.00%,4,8.00%
17,Lubbock,095,HALE,Not Economically Disadvantaged,252,241,95.63%,210,83.33%,25,9.92%,209,82.94%,89,35.32%,82,32.54%,171,67.86%,5,1.98%,89,35.32%
17,Lubbock,095,HALE,Economically Disadvantaged,350,329,94.00%,273,78.00%,44,12.57%,234,66.86%,50,14.29%,83,23.71%,133,38.00%,12,3.43%,32,9.14%
17,Lubbock,110,HOCKLEY,Not Economically Disadvantaged,160,155,96.88%,146,91.25%,6,3.75%,139,86.88%,32,20.00%,88,55.00%,120,75.00%,4,2.50%,63,39.38%
17,Lubbock,110,HOCKLEY,Economically Disadvantaged,207,202,97.58%,172,83.09%,20,9.66%,154,74.40%,10,4.83%,86,41.55%,96,46.38%,1,0.48%,23,11.11%
17,Lubbock,132,KENT,Not Economically Disadvantaged,,,,,,,,,,,,,,,,,,,
17,Lubbock,132,KENT,Economically Disadvantaged,,,,,,,,,,,,,,,,,,,
17,Lubbock,135,KING,Not Economically Disadvantaged,,,,,,,,,,,,,,,,,,,
17,Lubbock,135,KING,Economically Disadvantaged,,,,,,,,,,,,,,,,,,,
17,Lubbock,140,LAMB,Not Economically Disadvantaged,86,85,98.84%,80,93.02%,4,4.65%,78,90.70%,27,31.40%,33,38.37%,60,69.77%,1,1.16%,31,36.05%
17,Lubbock,140,LAMB,Economically Disadvantaged,168,161,95.83%,134,79.76%,15,8.93%,113,67.26%,14,8.33%,51,30.36%,65,38.69%,3,1.79%,22,13.10%
17,Lubbock,152,LUBBOCK,Not Economically Disadvantaged,1524,1477,96.92%,1391,91.27%,45,2.95%,1302,85.43%,497,32.61%,547,35.89%,1044,68.50%,49,3.22%,503,33.01%
17,Lubbock,152,LUBBOCK,Economically Disadvantaged,1661,1544,92.96%,1345,80.98%,153,9.21%,1095,65.92%,152,9.15%,437,26.31%,589,35.46%,42,2.53%,109,6.56%
17,Lubbock,153,LYNN,Not Economically Disadvantaged,35,35,100.0%,35,100.0%,0,0.00%,32,91.43%,14,40.00%,14,40.00%,28,80.00%,2,5.71%,14,40.00%
17,Lubbock,153,LYNN,Economically Disadvantaged,86,76,88.37%,70,81.40%,9,10.47%,65,75.58%,6,6.98%,17,19.77%,23,26.74%,2,2.33%,4,4.65%
17,Lubbock,173,MOTLEY,Economically Disadvantaged,,,,,,,,,,,,,,,,,,,
17,Lubbock,223,TERRY,Not Economically Disadvantaged,54,53,98.15%,51,94.44%,2,3.70%,48,88.89%,20,37.04%,23,42.59%,43,79.63%,2,3.70%,17,31.48%
17,Lubbock,223,TERRY,Economically Disadvantaged,117,110,94.02%,101,86.32%,11,9.40%,83,70.94%,8,6.84%,32,27.35%,40,34.19%,0,0.00%,10,8.55%
17,Lubbock,251,YOAKUM,Not Economically Disadvantaged,60,60,100.0%,57,95.00%,1,1.67%,56,93.33%,19,31.67%,22,36.67%,41,68.33%,0,0.00%,26,43.33%
17,Lubbock,251,YOAKUM,Economically Disadvantaged,63,58,92.06%,56,88.89%,1,1.59%,50,79.37%,7,11.11%,19,30.16%,26,41.27%,0,0.00%,12,19.05%
18,Midland,002,ANDREWS,Not Economically Disadvantaged,126,122,96.83%,113,89.68%,7,5.56%,106,84.13%,22,17.46%,37,29.37%,59,46.83%,2,1.59%,22,17.46%
18,Midland,002,ANDREWS,Economically Disadvantaged,85,83,97.65%,70,82.35%,11,12.94%,59,69.41%,4,4.71%,25,29.41%,29,34.12%,1,1.18%,7,8.24%
18,Midland,022,BREWSTER,Not Economically Disadvantaged,32,30,93.75%,26,81.25%,1,3.13%,24,75.00%,16,50.00%,4,12.50%,20,62.50%,1,3.13%,6,18.75%
18,Midland,022,BREWSTER,Economically Disadvantaged,51,47,92.16%,42,82.35%,2,3.92%,38,74.51%,16,31.37%,10,19.61%,26,50.98%,2,3.92%,8,15.69%
18,Midland,052,CRANE,Not Economically Disadvantaged,36,36,100.0%,35,97.22%,1,2.78%,31,86.11%,14,38.89%,16,44.44%,30,83.33%,2,5.56%,14,38.89%
18,Midland,052,CRANE,Economically Disadvantaged,35,32,91.43%,25,71.43%,9,25.71%,24,68.57%,4,11.43%,7,20.00%,11,31.43%,0,0.00%,4,11.43%
18,Midland,055,CULBERSON,Not Economically Disadvantaged,8,8,100.0%,8,100.0%,0,0.00%,8,100.0%,5,62.50%,1,12.50%,6,75.00%,0,0.00%,2,25.00%
18,Midland,055,CULBERSON,Economically Disadvantaged,39,37,94.87%,37,94.87%,0,0.00%,31,79.49%,10,25.64%,6,15.38%,16,41.03%,1,2.56%,9,23.08%
18,Midland,068,ECTOR,Not Economically Disadvantaged,1027,960,93.48%,903,87.93%,67,6.52%,761,74.10%,189,18.40%,402,39.14%,591,57.55%,37,3.60%,227,22.10%
18,Midland,068,ECTOR,Economically Disadvantaged,1065,903,84.79%,793,74.46%,148,13.90%,553,51.92%,71,6.67%,310,29.11%,381,35.77%,56,5.26%,96,9.01%
18,Midland,087,GLASSCOCK,Not Economically Disadvantaged,13,13,100.0%,12,92.31%,0,0.00%,13,100.0%,7,53.85%,5,38.46%,12,92.31%,0,0.00%,9,69.23%
18,Midland,087,GLASSCOCK,Economically Disadvantaged,15,15,100.0%,14,93.33%,0,0.00%,14,93.33%,3,20.00%,3,20.00%,6,40.00%,0,0.00%,2,13.33%
18,Midland,114,HOWARD,Not Economically Disadvantaged,186,183,98.39%,173,93.01%,5,2.69%,152,81.72%,41,22.04%,85,45.70%,126,67.74%,8,4.30%,62,33.33%
18,Midland,114,HOWARD,Economically Disadvantaged,220,199,90.45%,169,76.82%,27,12.27%,131,59.55%,11,5.00%,80,36.36%,91,41.36%,10,4.55%,32,14.55%
18,Midland,122,JEFF DAVIS,Not Economically Disadvantaged,,,,,,,,,,,,,,,,,,,
18,Midland,122,JEFF DAVIS,Economically Disadvantaged,,,,,,,,,,,,,,,,,,,
18,Midland,156,MARTIN,Not Economically Disadvantaged,36,36,100.0%,34,94.44%,0,0.00%,34,94.44%,9,25.00%,18,50.00%,27,75.00%,0,0.00%,15,41.67%
18,Midland,156,MARTIN,Economically Disadvantaged,39,34,87.18%,34,87.18%,3,7.69%,25,64.10%,1,2.56%,15,38.46%,16,41.03%,1,2.56%,6,15.38%
18,Midland,165,MIDLAND,Not Economically Disadvantaged,986,923,93.61%,841,85.29%,68,6.90%,787,79.82%,202,20.49%,416,42.19%,618,62.68%,37,3.75%,269,27.28%
18,Midland,165,MIDLAND,Economically Disadvantaged,884,808,91.40%,651,73.64%,132,14.93%,533,60.29%,46,5.20%,293,33.14%,339,38.35%,22,2.49%,77,8.71%
18,Midland,186,PECOS,Not Economically Disadvantaged,81,79,97.53%,76,93.83%,2,2.47%,71,87.65%,24,29.63%,33,40.74%,57,70.37%,3,3.70%,18,22.22%
18,Midland,186,PECOS,Economically Disadvantaged,120,117,97.50%,98,81.67%,16,13.33%,83,69.17%,18,15.00%,35,29.17%,53,44.17%,5,4.17%,12,10.00%
18,Midland,189,PRESIDIO,Not Economically Disadvantaged,26,25,96.15%,24,92.31%,1,3.85%,21,80.77%,15,57.69%,4,15.38%,19,73.08%,0,0.00%,6,23.08%
18,Midland,189,PRESIDIO,Economically Disadvantaged,132,108,81.82%,97,73.48%,14,10.61%,84,63.64%,37,28.03%,17,12.88%,54,40.91%,2,1.52%,18,13.64%
18,Midland,192,REAGAN,Not Economically Disadvantaged,27,27,100.0%,26,96.30%,0,0.00%,24,88.89%,10,37.04%,6,22.22%,16,59.26%,0,0.00%,7,25.93%
18,Midland,192,REAGAN,Economically Disadvantaged,28,28,100.0%,28,100.0%,0,0.00%,25,89.29%,5,17.86%,7,25.00%,12,42.86%,0,0.00%,5,17.86%
18,Midland,195,REEVES,Not Economically Disadvantaged,52,50,96.15%,47,90.38%,2,3.85%,45,86.54%,19,36.54%,11,21.15%,30,57.69%,1,1.92%,12,23.08%
18,Midland,195,REEVES,Economically Disadvantaged,117,111,94.87%,83,70.94%,17,14.53%,79,67.52%,15,12.82%,29,24.79%,44,37.61%,1,0.85%,2,1.71%
18,Midland,222,TERRELL,Not Economically Disadvantaged,,,,,,,,,,,,,,,,,,,
18,Midland,222,TERRELL,Economically Disadvantaged,,,,,,,,,,,,,,,,,,,
18,Midland,231,UPTON,Not Economically Disadvantaged,22,21,95.45%,20,90.91%,1,4.55%,21,95.45%,6,27.27%,8,36.36%,14,63.64%,0,0.00%,6,27.27%
18,Midland,231,UPTON,Economically Disadvantaged,29,28,96.55%,28,96.55%,0,0.00%,21,72.41%,4,13.79%,9,31.03%,13,44.83%,0,0.00%,4,13.79%
18,Midland,238,WARD,Not Economically Disadvantaged,101,95,94.06%,85,84.16%,10,9.90%,85,84.16%,30,29.70%,31,30.69%,61,60.40%,1,0.99%,29,28.71%
18,Midland,238,WARD,Economically Disadvantaged,74,74,100.0%,56,75.68%,12,16.22%,57,77.03%,6,8.11%,15,20.27%,21,28.38%,0,0.00%,7,9.46%
18,Midland,248,WINKLER,Not Economically Disadvantaged,56,55,98.21%,54,96.43%,1,1.79%,46,82.14%,14,25.00%,20,35.71%,34,60.71%,2,3.57%,12,21.43%
18,Midland,248,WINKLER,Economically Disadvantaged,66,58,87.88%,58,87.88%,2,3.03%,49,74.24%,11,16.67%,23,34.85%,34,51.52%,2,3.03%,9,13.64%
19,El Paso,999,El Paso&Hudsp,Not Economically Disadvantaged,3290,3021,91.82%,2630,79.94%,326,9.91%,2641,80.27%,1090,33.13%,1150,34.95%,2240,68.09%,128,3.89%,903,27.45%
19,El Paso,999,El Paso&Hudsp,Economically Disadvantaged,9690,9014,93.02%,7065,72.91%,1751,18.07%,7013,72.37%,1665,17.18%,3549,36.63%,5214,53.81%,410,4.23%,1502,15.50%
20,San Antonio,007,ATASCOSA,Not Economically Disadvantaged,234,228,97.44%,212,90.60%,8,3.42%,205,87.61%,69,29.49%,74,31.62%,143,61.11%,5,2.14%,63,26.92%
20,San Antonio,007,ATASCOSA,Economically Disadvantaged,440,420,95.45%,349,79.32%,62,14.09%,316,71.82%,34,7.73%,117,26.59%,151,34.32%,5,1.14%,34,7.73%
20,San Antonio,010,BANDERA,Not Economically Disadvantaged,125,122,97.60%,113,90.40%,6,4.80%,110,88.00%,36,28.80%,36,28.80%,72,57.60%,2,1.60%,29,23.20%
20,San Antonio,010,BANDERA,Economically Disadvantaged,93,86,92.47%,69,74.19%,16,17.20%,65,69.89%,11,11.83%,23,24.73%,34,36.56%,5,5.38%,5,5.38%
20,San Antonio,015,BEXAR,Not Economically Disadvantaged,8304,7767,93.53%,6701,80.70%,868,10.45%,6613,79.64%,2517,30.31%,2884,34.73%,5401,65.04%,349,4.20%,2545,30.65%
20,San Antonio,015,BEXAR,Economically Disadvantaged,13108,12195,93.03%,9062,69.13%,2885,22.01%,8594,65.56%,1472,11.23%,4196,32.01%,5668,43.24%,465,3.55%,1399,10.67%
20,San Antonio,064,DIMMIT,Not Economically Disadvantaged,34,33,97.06%,28,82.35%,5,14.71%,29,85.29%,8,23.53%,14,41.18%,22,64.71%,1,2.94%,12,35.29%
20,San Antonio,064,DIMMIT,Economically Disadvantaged,161,153,95.03%,111,68.94%,38,23.60%,111,68.94%,16,9.94%,60,37.27%,76,47.20%,7,4.35%,25,15.53%
20,San Antonio,082,FRIO,Not Economically Disadvantaged,54,54,100.0%,48,88.89%,5,9.26%,48,88.89%,22,40.74%,14,25.93%,36,66.67%,1,1.85%,22,40.74%
20,San Antonio,082,FRIO,Economically Disadvantaged,182,174,95.60%,133,73.08%,40,21.98%,142,78.02%,23,12.64%,47,25.82%,70,38.46%,1,0.55%,19,10.44%
20,San Antonio,130,KENDALL,Not Economically Disadvantaged,454,436,96.04%,419,92.29%,5,1.10%,411,90.53%,230,50.66%,130,28.63%,360,79.30%,20,4.41%,207,45.59%
20,San Antonio,130,KENDALL,Economically Disadvantaged,70,65,92.86%,57,81.43%,2,2.86%,49,70.00%,7,10.00%,19,27.14%,26,37.14%,4,5.71%,6,8.57%
20,San Antonio,133,KERR,Not Economically Disadvantaged,291,268,92.10%,251,86.25%,10,3.44%,232,79.73%,118,40.55%,61,20.96%,179,61.51%,12,4.12%,82,28.18%
20,San Antonio,133,KERR,Economically Disadvantaged,296,277,93.58%,210,70.95%,58,19.59%,187,63.18%,31,10.47%,41,13.85%,72,24.32%,9,3.04%,18,6.08%
20,San Antonio,136,KINNEY,Not Economically Disadvantaged,16,16,100.0%,16,100.0%,0,0.00%,15,93.75%,7,43.75%,6,37.50%,13,81.25%,0,0.00%,9,56.25%
20,San Antonio,136,KINNEY,Economically Disadvantaged,40,38,95.00%,33,82.50%,1,2.50%,29,72.50%,10,25.00%,6,15.00%,16,40.00%,0,0.00%,2,5.00%
20,San Antonio,142,LA SALLE,Not Economically Disadvantaged,18,18,100.0%,17,94.44%,1,5.56%,17,94.44%,10,55.56%,2,11.11%,12,66.67%,0,0.00%,4,22.22%
20,San Antonio,142,LA SALLE,Economically Disadvantaged,78,76,97.44%,67,85.90%,10,12.82%,65,83.33%,17,21.79%,9,11.54%,26,33.33%,0,0.00%,10,12.82%
20,San Antonio,159,MAVERICK,Not Economically Disadvantaged,88,86,97.73%,78,88.64%,5,5.68%,73,82.95%,29,32.95%,33,37.50%,62,70.45%,2,2.27%,26,29.55%
20,San Antonio,159,MAVERICK,Economically Disadvantaged,988,942,95.34%,801,81.07%,110,11.13%,750,75.91%,194,19.64%,410,41.50%,604,61.13%,25,2.53%,264,26.72%
20,San Antonio,163,MEDINA,Not Economically Disadvantaged,341,327,95.89%,298,87.39%,25,7.33%,293,85.92%,123,36.07%,109,31.96%,232,68.04%,6,1.76%,114,33.43%
20,San Antonio,163,MEDINA,Economically Disadvantaged,398,371,93.22%,295,74.12%,66,16.58%,276,69.35%,33,8.29%,106,26.63%,139,34.92%,14,3.52%,39,9.80%
20,San Antonio,193,REAL,Not Economically Disadvantaged,10,9,90.00%,9,90.00%,0,0.00%,8,80.00%,2,20.00%,4,40.00%,6,60.00%,0,0.00%,4,40.00%
20,San Antonio,193,REAL,Economically Disadvantaged,18,18,100.0%,16,88.89%,1,5.56%,14,77.78%,0,0.00%,11,61.11%,11,61.11%,0,0.00%,0,0.00%
20,San Antonio,232,UVALDE,Not Economically Disadvantaged,133,129,96.99%,120,90.23%,5,3.76%,110,82.71%,38,28.57%,65,48.87%,103,77.44%,6,4.51%,49,36.84%
20,San Antonio,232,UVALDE,Economically Disadvantaged,364,343,94.23%,254,69.78%,73,20.05%,236,64.84%,29,7.97%,157,43.13%,186,51.10%,17,4.67%,61,16.76%
20,San Antonio,247,WILSON,Not Economically Disadvantaged,356,347,97.47%,333,93.54%,10,2.81%,319,89.61%,95,26.69%,149,41.85%,244,68.54%,9,2.53%,117,32.87%
20,San Antonio,247,WILSON,Economically Disadvantaged,253,244,96.44%,207,81.82%,33,13.04%,198,78.26%,33,13.04%,75,29.64%,108,42.69%,6,2.37%,32,12.65%
20,San Antonio,254,ZAVALA,Not Economically Disadvantaged,28,27,96.43%,27,96.43%,0,0.00%,27,96.43%,5,17.86%,17,60.71%,22,78.57%,0,0.00%,11,39.29%
20,San Antonio,254,ZAVALA,Economically Disadvantaged,181,168,92.82%,136,75.14%,31,17.13%,121,66.85%,9,4.97%,86,47.51%,95,52.49%,4,2.21%,33,18.23%
